text,label,disaster_type,region,source
RT @divyaconnects: Reached #Kathmandu finally! Lots of Indians stranded at the airport #NepalQuake @BBCHindi http://t.co/fRpbU9aCKZ,other_useful_information,earthquake,Nepal,twitter
fears for Foreigners missing in Nepal earthquake as death toll soars:,missing_trapped_or_found_people,earthquake,Nepal,twitter
"RT @ParisBurned: 3,700 people dead is absolutely devastating for a country that is the size of Oklahoma on the map. #Nepal",injured_or_dead_people,earthquake,Nepal,twitter
Nepal’s Slowing Economy Set for Freefall Without World’s Help http://t.co/KSzIMVHGQf via @business,other_useful_information,earthquake,Nepal,twitter
"VIDEO REPORT Kathmandu overwhelmed by rubble after earthquake http://t.co/cYrAbG1OxZ Over 3000 dead, 6,500 plus injured #NepalEarthquake",injured_or_dead_people,earthquake,Nepal,twitter
"Nepal earthquake.  Deathtoll rises to 3,729 #NepalEarthquake  #prayfornepal earthquake",injured_or_dead_people,earthquake,Nepal,twitter
Food crisis imminent for 1.4 million ppl in Kathmandu.  How long would you last without food in the markets and water from the tap?,other_useful_information,earthquake,Nepal,twitter
Canadian phone companies waive fees for calls to Nepal - The Globe and Mail http://t.co/y0fpu1EGIs,other_useful_information,earthquake,Nepal,twitter
"RT @XuscaSoleNY: https://t.co/o1RqfCCmKm don't believe earthquakes happen naturally, not from mother Nature, they're provoked, avoid other …",other_useful_information,earthquake,Nepal,twitter
"Death toll soars to over 4000; quake-aid need acute in Nepal capital, more so in villages http://t.co/xKR9vDXBnB via @YahooNews",injured_or_dead_people,earthquake,Nepal,twitter
RT @siobhanheanue: Kathmandu quake aftermath. Clearing rubble to search for survivors. http://t.co/oasYaNweiP,other_useful_information,earthquake,Nepal,twitter
@timesofindia whole world is watching great work of @RSS_Org in Nepal we are proud on RSS..,other_useful_information,earthquake,Nepal,twitter
RT @HMOIndia: Bureau of Immigration has been instructed by the HM to give gratis visas to all tourists stranded in Nepal who are coming to …,caution_and_advice,earthquake,Nepal,twitter
RT @SarahSLassez: My parents are in Nepal Catherine and Jean-Louis Lassez Please help find them! #nepal #redcross #NepalEarthquake http://t…,missing_trapped_or_found_people,earthquake,Nepal,twitter
"RT @BJPRajnathSingh: The NDRF, Indian Army and other forces are doing a remarkable job in Nepal.",other_useful_information,earthquake,Nepal,twitter
RT @EconomicTimes: Foreign Secy S Jaishankar: We will have 5 helicopters positioned in Kathmandu as part of our rescue ops #NepalQuake http…,displaced_people_and_evacuations,earthquake,Nepal,twitter
#FollowMe #FF #RT Indian carriers cap fares to and from Nepal: In a bid to pull out as man... http://t.co/ZgH0REYPd4 #FollowBack #Follow,displaced_people_and_evacuations,earthquake,Nepal,twitter
RT @TelegraphNews: Mount Everest disaster: British woman escaped death by 'outrunning' avalanche http://t.co/wBfsDtA5pv http://t.co/7KMibjf…,missing_trapped_or_found_people,earthquake,Nepal,twitter
Israel evacuates surrogate-born babies and Israeli parents from Nepal See More:http://t.co/ltjN9QqZaJ #world #news #… http://t.co/8XHEQvgakw,displaced_people_and_evacuations,earthquake,Nepal,twitter
RT @TIME: See India's rescue operations in the villages most affected by Nepal's deadly earthquake http://t.co/Tcirp7hceR http://t.co/LCMDo…,other_useful_information,earthquake,Nepal,twitter
RT @BBCSanjoyM: And another - bit longer - tremor #NepalEarthquake,other_useful_information,earthquake,Nepal,twitter
NepalEarthquake death toll officially 2000+ officially announced @IBNKHABAR @ibnlive @omar_quraishi @nanditathhakur @india_msm @vibhask1,injured_or_dead_people,earthquake,Nepal,twitter
RT @IndiaBTL: Death toll rises to 870. Makes our heart sink. Emergency declared in Nepal. Pls contribute to PM's Relief Fund here- https://…,injured_or_dead_people,earthquake,Nepal,twitter
@pinedaj87 Write to: NepalEmergencyUSC@state.gov  for questions on U.S. citizens affected #NepalQuake. Or call: 18884074747 or +12025014444,other_useful_information,earthquake,Nepal,twitter
RT @pappufromdelhi: @suhelseth PLZ RT Updated list of emergency contact after #NepalEarthquake http://t.co/nVky6fXHbO,other_useful_information,earthquake,Nepal,twitter
Why majority buildings in India weathered the impact of Nepal earthquake - The Economic Times on Mobile http://t.co/ekJemvAWJg,other_useful_information,earthquake,Nepal,twitter
#OlivettaChantal New beautiful pic of baby rescued from Nepal's earthquake rubble: The 4-mont... http://t.co/rx27nTNDqP #OlivettaChantal,missing_trapped_or_found_people,earthquake,Nepal,twitter
Learn about #Mountain #Ecosystems #EarthQuake #Nepal 1Miin 42 Sec http://t.co/1LiJ7qg3QB,other_useful_information,earthquake,Nepal,twitter
Quake destroys buildings in Nepal capital - http://t.co/mCvWhGFNGf,infrastructure_and_utilities_damage,earthquake,Nepal,twitter
Heartbreaking :( RT @rConflictNews: BREAKING: Reports of another avalanch at Mt. Everest after a fresh 6.7 earthquake in #Nepal.,other_useful_information,earthquake,Nepal,twitter
"@AnnyAwesome Video by Mountaineer Arjun Vajpai shows ""Landslide"" in Mount Everest after 7.9 Nepal Earthquake https://t.co/JS8h2k8iAT RT!",other_useful_information,earthquake,Nepal,twitter
New Jersey Woman Among Nepal Earthquake Victims - NBC New York http://t.co/NyNEJkptls #NewYork,injured_or_dead_people,earthquake,Nepal,twitter
7.9 Earthquake  in India and Nepal http://t.co/Gyl1oLM6xP via @rashidfaridi,other_useful_information,earthquake,Nepal,twitter
"RT @siobhanheanue: Australians who have commercial flights booked out of Nepal tomorrow or today should get on their planes, not wait for t…",displaced_people_and_evacuations,earthquake,Nepal,twitter
Experts gathered in nepal a week ago and then the disaster happens....i bet they made sure their family members knew,other_useful_information,earthquake,Nepal,twitter
"@78Southy Heard my friends Deepak and irshad  are in red cross camp in nepal, can you please help to locate them",missing_trapped_or_found_people,earthquake,Nepal,twitter
"RT @TOIIndiaNews: More than 20 dead, dozens injured in India after Nepal quake http://t.co/UX8zcKggHB",injured_or_dead_people,earthquake,Nepal,twitter
AXJ NEPAL : 7.9 MASSIVE EARTHQUAKE.,other_useful_information,earthquake,Nepal,twitter
"RT @cnnbrk: At least 13 dead after avalanches at Mount Everest, authorities say. #NepalQuake http://t.co/CaaLOYg9f2 http://t.co/kfZNieLlGX",injured_or_dead_people,earthquake,Nepal,twitter
RT @AnupKaphle: #Nepal police is arresting small store owners in Kathmandu who're inflating prices of daily goods. http://t.co/klES6SwoMM,other_useful_information,earthquake,Nepal,twitter
RT @BritishRedCross: Aftershocks from #NepalQuake means that people are still sleeping outdoors. Rain is predicted for the next three days …,infrastructure_and_utilities_damage,earthquake,Nepal,twitter
RT @raunakms: Tremors are decreasing ... #NepalQuake http://t.co/yDvaejcaYL,other_useful_information,earthquake,Nepal,twitter
Aerial footage from Nepal reveals earthquake devastation http://t.co/Vpx87XPcaO,infrastructure_and_utilities_damage,earthquake,Nepal,twitter
RT @cnnbrk: Avalanches reported in Mount Everest region after powerful earthquake in Nepal. http://t.co/E8Fh03tnSi,other_useful_information,earthquake,Nepal,twitter
"RT @NatGeoMag: Nepal's 8 key historic sites: What's rubble, what's still standing in wake of devastating earthquake http://t.co/8emNIXkKDY",infrastructure_and_utilities_damage,earthquake,Nepal,twitter
"RT @Amitshah_G: Indian base force ws amazing, IAF amazing,very helpful,Modi rocks:Indian evacuated from Nepal #NepalEarthquake http://t.co/…",displaced_people_and_evacuations,earthquake,Nepal,twitter
In pictures: Nepal earthquake aftermath http://t.co/WjD1jtbCP8 via @BBCHindi,other_useful_information,earthquake,Nepal,twitter
"RT @WSMV: The death toll from the Nepal earthquake is now more than 5,000: http://t.co/BfdoBUbl6h",injured_or_dead_people,earthquake,Nepal,twitter
RT @IndianExpress: #ExpressFrontPage #earthquake Explained: How bad is the damage? How prepared was Nepal? http://t.co/hTPVijPVcr http://t.…,infrastructure_and_utilities_damage,earthquake,Nepal,twitter
RT @noconversion: Xtians Pastor arriving in Nepal r happy to see destruction asking not to rebuilt Temples  @SushmaSwaraj  @MEAIndia  https…,infrastructure_and_utilities_damage,earthquake,Nepal,twitter
"RT @kathmandupost: ""I survived by drinking muddy water,"" says man rescued after 98 hours. #NepalQuake  http://t.co/QRxVOkcbam http://t.co/F…",missing_trapped_or_found_people,earthquake,Nepal,twitter
@IndiGo6E Still cant get thru to the customer care numbers :( #NepalQuakeRelief,other_useful_information,earthquake,Nepal,twitter
"@shreejanas in Kathmandu: ""After I came out of the house, many houses had already collapsed and people were crying"" #NepalEarthquake",infrastructure_and_utilities_damage,earthquake,Nepal,twitter
Over 750 dead in worst Nepal earthquake in 80 years; 34 die in India #NepalEarthquake #earthquake,injured_or_dead_people,earthquake,Nepal,twitter
Death toll from this morning's 7.8 earthquake in Nepal now at 876. http://t.co/v9eDIMUBaJ,injured_or_dead_people,earthquake,Nepal,twitter
RT @UNICEF: A girl with safe drinking water at UNICEF-supported informal camp in Kathmandu. #NepalEarthquake. @unicef_nepal http://t.co/gLB…,other_useful_information,earthquake,Nepal,twitter
"New: Death Toll From Nepal Quake Passes 2,100 as Aftershocks Terrorize Capital http://t.co/Jl6PfrtRMv",injured_or_dead_people,earthquake,Nepal,twitter
"World Helicopters Evacuate #Nepal #Earth#quake Victims, Mudslide Increases Suffering: GORKHA, Nepa—Helicopters… http://t.co/pyyPyyeFtr",displaced_people_and_evacuations,earthquake,Nepal,twitter
"RT @PhinneyHub: “If we had had money we would have built a strong house. But we had none. There is no place to go."" #Nepal http://t.co/2aZ5…",infrastructure_and_utilities_damage,earthquake,Nepal,twitter
"Report describing levels of #NepalQuake destruction in Tibet, from a Chinese online paper http://t.co/ojk29YA9mF",other_useful_information,earthquake,Nepal,twitter
Economic Impact Of Nepal Quake Likely To Be Massive: One estimate puts the reconstruction at more than $5 bill... http://t.co/T3lEO63JOa,infrastructure_and_utilities_damage,earthquake,Nepal,twitter
RT @cnni: This could be the defining image of #NepalQuake; here’s the story of the baby's miracle rescue http://t.co/6i7XLubi5r http://t.co…,missing_trapped_or_found_people,earthquake,Nepal,twitter
Thanks for tuning in! We'll be right back with updates on  the #NepalEarthquake,other_useful_information,earthquake,Nepal,twitter
"""The Nepal Government will take serious legal action against the black market people and people spreading rumors"" #NapalEarthquake",other_useful_information,earthquake,Nepal,twitter
RT @timesofindia: #NepalEarthquake Eighteen bodies recovered from Mount Everest base camp. Follow latest here: http://t.co/8jS83i23BQ http:…,injured_or_dead_people,earthquake,Nepal,twitter
India has become saviour for other countries earlier #operationraahat n now #OperationMaitri #Salute n #RIP souls died in #NepalEarthquake,other_useful_information,earthquake,Nepal,twitter
"RT @678resilient: Earthquake jolts Nepal, India and Bangladesh, Nepal appears to be affected adversely needs help from other countries.",other_useful_information,earthquake,Nepal,twitter
"RT @smitharyy: » http://t.co/RhTwiVSPhw #DanFredinburg Dan Fredinburg Google Exec, Avid Climber Dan Fredinburg Killed In Massive Nepal Quak…",injured_or_dead_people,earthquake,Nepal,twitter
"RT @nbcchicago: UPDATE: Death toll rises as reports confirm nearly 1,400 dead in Nepal earthquake http://t.co/fc1FTQgpYY",injured_or_dead_people,earthquake,Nepal,twitter
"RT @BDUTT: Nepal and India connected in some many ways -culture, faith, history. But most moving- the fearless service of the Gorkhas in ou…",other_useful_information,earthquake,Nepal,twitter
"C/O WORLD NEWS BLOG Nepal quake kills, traps climbers on Mount Everest http://t.co/A55suM9CAA",injured_or_dead_people,earthquake,Nepal,twitter
"RT @esa: New #Sentinel1 image of #NepalEarthquake ground displacement. Blue = uplift, yellow = subsidence https://t.co/uyH3SAzTZJ",other_useful_information,earthquake,Nepal,twitter
Inspiring pictures reveal baby pulled alive from rubble of the Nepal earthquake http://t.co/5P5o0PKuLs,missing_trapped_or_found_people,earthquake,Nepal,twitter
"@SrBachchan Embassy of India Kathmandu Control Room Numbers :- +977 - 012081148, 012081141 9818968752 9818968780.",other_useful_information,earthquake,Nepal,twitter
"Nepal quake death toll tops 4,000 as villages plead for aid: As the death toll from Nepal's devastating earthq... http://t.co/aj2E51PtpK",injured_or_dead_people,earthquake,Nepal,twitter
RT @MrPKSahoo: AAP must be happy with #NepalEarthquake coz it diverted media's attention from #AAPRallyMurder in no time.  #AAPKilledFarmer,other_useful_information,earthquake,Nepal,twitter
RT @UNOCHA: #NepalQuake:  Worst earthquake in over 80 years leaves at least 1000 dead http://t.co/pKZGpDDVp0,injured_or_dead_people,earthquake,Nepal,twitter
"#NepalEarthquake greatest earthquake in the region in Oct 2005 that 70,000 people in India and Pakistan read report http://t.co/ZCATUbbAUM",other_useful_information,earthquake,Nepal,twitter
Spain seeks India’s help in getting its nationals out of Nepal - The Times of India http://t.co/5duy992epx via @timesofindia,displaced_people_and_evacuations,earthquake,Nepal,twitter
"Dogs from India, France assisting in rescue operations in Nepal http://t.co/ujYYYwqHBw  https://t.co/rVIwZH5Jon",missing_trapped_or_found_people,earthquake,Nepal,twitter
"Also... RT @nytimes: Villages near Nepal earthquake’s epicenter are desperate as death toll tops 4,000 http://t.co/NRibWSHEJA",injured_or_dead_people,earthquake,Nepal,twitter
Do you await the Awaited One? #GoharShahi #Nepal #NepalEarthquake #HELPNEPAL #earthquake #EndTimesSigns #MountEverest,other_useful_information,earthquake,Nepal,twitter
RT @ChangeAgentSA: #PrayForNepal ~More than 1800 people have died in deadly #Earthquake in #Nepal. Rescue efforts on #Everest underway! htt…,injured_or_dead_people,earthquake,Nepal,twitter
"So Baltimore Riots and 4,000+ people died in Nepal today...",injured_or_dead_people,earthquake,Nepal,twitter
RT @Global_Humanity: Huge destruction of #NepalEarthquake #PrayForNepal #LetsHelpNepal #LetsACTIndonesia via @doalcarcarmen  http://t.co/dm…,infrastructure_and_utilities_damage,earthquake,Nepal,twitter
RT @cnnbrk: Nepal to reopen routes up Mount Everest as early as next week. At least 19 people died there from  earthquake. http://t.co/nqMS…,injured_or_dead_people,earthquake,Nepal,twitter
@Suriya_offl RT Mother &amp; sons r missing in nepal.  Ph no:9815914687 Mother's no :009779803658023 Do Spread it ὠAὤF http://t.co/YIS34fYp2g,missing_trapped_or_found_people,earthquake,Nepal,twitter
After seeing all the absolutely devastating photos &amp; videos coming out of Nepal I just can't help but shake my... http://t.co/3RgK1p0CgP,other_useful_information,earthquake,Nepal,twitter
The Earth shook in Nepal and the resulting destruction has been massive @RldUp http://t.co/P5dZ0ynu06,other_useful_information,earthquake,Nepal,twitter
"RT @IvanCNN: Constant stream of Hindu cremation funerals in Kathmandu. ""95% of them are victims,"" worker tells me  #Nepalquake http://t.co/…",injured_or_dead_people,earthquake,Nepal,twitter
"Rescue attempts continued Tuesday near the epicenter of the weekend earthquake in #Nepal that killed more than 4,400. http://t.co/z7D54RpPws",injured_or_dead_people,earthquake,Nepal,twitter
RT @DeshGujarat: Gujaratis evacuated from Nepal are given transit stay at Gujarat Bhavan in Delhi.They thank the GoI for care(pic:Tv9) http…,displaced_people_and_evacuations,earthquake,Nepal,twitter
RT @vCensored31: Bismillah. BREAKING NEWS - At least 217 missing in Mount Everest including many NATO-citizens. #NepalEarthquake,missing_trapped_or_found_people,earthquake,Nepal,twitter
RT @AP: BREAKING: #USGS says Kathmandu region hit by magnitude 6.7 aftershock,other_useful_information,earthquake,Nepal,twitter
Everytime a disaster strikes. The shop - keepers exponentially hike price of their goods. Water selling at Rs.100/ bottle ##NepalQuake,other_useful_information,earthquake,Nepal,twitter
"RT @Ajit_Doval: {ॐ}- #NarendraModi's Political Career Was Built :: On The ReBuilding , Of His Home State Of Gujarat :: After A 2001 #EarthQ…",other_useful_information,earthquake,Nepal,twitter
Quake Aftermath Widens Nepal's Political Divisions: The earthquake that jolted Nepal last week also sent shock... http://t.co/dpwjC4Tw07,other_useful_information,earthquake,Nepal,twitter
"RT @BBCWorld: Hospitals in south-east Nepal ""already overwhelmed"" by #earthquake victims, says @PlanGlobal http://t.co/xmGtCc2QIL http://t.…",injured_or_dead_people,earthquake,Nepal,twitter
RT @darpans: To facilitate transportation of relatives of those affected in #NepalEarthquake Northern Railway has made certain arrangements…,other_useful_information,earthquake,Nepal,twitter
RT @SkyNewsBreak: Update - Reuters: Home ministry official says 618 people have died after an earthquake measuring magnitude 7.9 struck #Ne…,injured_or_dead_people,earthquake,Nepal,twitter
"Mos ishte denim prej Zotit! In Two Days, 250,000 Animals are Violently Slaughtered in Nepal Just to Please a Goddess. http://t.co/RxqEqFSvb2",other_useful_information,earthquake,Nepal,twitter
LIVE footage of earthquake in Kathmandu https://t.co/aZ5lccor4V via @YouTube You should definitely see this!!! #LiteralGoosebumps :( :(,other_useful_information,earthquake,Nepal,twitter
"@dinosofos @MichaelPDeacon Torygraph:HSBC scandal suppression, CCHQ propaganda letters displacing Nepal tragedy on front page. Discredited.",other_useful_information,earthquake,Nepal,twitter
RT @ChannelNewsAsia: Building collapses in Kathmandu on day of #NepalQuake (Video: So Nan Tsai Jen) http://t.co/dxzhZYHUDB,infrastructure_and_utilities_damage,earthquake,Nepal,twitter
Tensions Rise in Nepal after ‘Weak’ Response to Deadly Quake http://t.co/TzW6qVav82,other_useful_information,earthquake,Nepal,twitter
RT @bainjal: Has the RSS forgotten that Nepal is a sovereign country? Why protest #Pakistan sent beef on it's behalf? If Nepal has a proble…,other_useful_information,earthquake,Nepal,twitter
#ukip supporters probably in hiding after #NepalEarthquake Since basically they are voting for a party that wants to reduce foreign aid ὄD,other_useful_information,earthquake,Nepal,twitter
"Boy rescued in Kathmandu rubble, many villagers still stranded http://t.co/RyFsjo5cmz",missing_trapped_or_found_people,earthquake,Nepal,twitter
RT @ANI_news: Indians rescued from Nepal reach Delhi. #NepalEarthquake http://t.co/0AVuHQw4U3,displaced_people_and_evacuations,earthquake,Nepal,twitter
"Earthquakes are soooo funny! Nepal quake reveals our ‘mean girl’ social media avatars Sitting in a cab in Mumbai, … http://t.co/jQGM0IAd6o",other_useful_information,earthquake,Nepal,twitter
"RT @ChristopherJM: Awful. At least 688 dead in Nepal, according to police. Another 20 killed in India, 6 in Tibet and 2 in Bangladesh. http…",injured_or_dead_people,earthquake,Nepal,twitter
RT @unisdr: Kathmandu airport closed following 7.8 #NepalEarthquake. Challenge to get to people trapped by collapsed buildings as darkness …,infrastructure_and_utilities_damage,earthquake,Nepal,twitter
Perth families desperate for Nepal news (The West Australian) http://t.co/6uL7KD5mrm #news,other_useful_information,earthquake,Nepal,twitter
"The death toll from the 7.8-magnitude earthquake &amp; aftershocks rose above 3,700, according to a Nepal police official.http://t.co/Bx3whMdGna",injured_or_dead_people,earthquake,Nepal,twitter
"RT @IndianExpress: #ExpressFrontPage: Nepal Quake | 1,200 bodies in three days, Pashupatinath pyres keep burning http://t.co/4f1R0vImle htt…",injured_or_dead_people,earthquake,Nepal,twitter
RT @DeLormeGPS: Listen to #Everest updates as @ClimberJim talks with @CNN from base camp &amp;gt;&amp;gt; http://t.co/QyMsqgRnyT #NepalEarthquake,other_useful_information,earthquake,Nepal,twitter
RT @johnspatricc: → http://t.co/NkDNJsYXl4 #KathmanduEarthquake Kathmandu Earthquake Injured Irish climber flown to Kathmandu after ea… htt…,displaced_people_and_evacuations,earthquake,Nepal,twitter
C-130 aircraft leaves for Kathmandu to rescue 59 Pakistanis http://t.co/9CP0ReBUYf,displaced_people_and_evacuations,earthquake,Nepal,twitter
"Thousands are dead in Nepal, two Australians are about to be executed and this is news? http://t.co/cbD0le3omk",injured_or_dead_people,earthquake,Nepal,twitter
RT @AprilBethea: Nepal declares state of emergency as death toll from 7.8-magnitude earthquake nears 900 - @BBCNews via @Breaking,injured_or_dead_people,earthquake,Nepal,twitter
Nepal Declares 3 Days of Mourning for Quake Victims http://t.co/KEaVkHo2jp,other_useful_information,earthquake,Nepal,twitter
RT @froskyx: @suesherms please help us find Nina Stechmann and Leonie Elsner. germans. #NepalEarthquake @AuswaertigesAmt #Langtang,missing_trapped_or_found_people,earthquake,Nepal,twitter
"RT @SalilShetty: #Amnesty staff, Board, families now confirmed safe. But #NepalQuake impact is ""terrifying"" say friends In Kathmandu. @Amne…",other_useful_information,earthquake,Nepal,twitter
"RT @rks196: @PMOlndia Due to shortage of hotels&amp;food in Nepal no,. of journalists,photographers etc shld be restricted in Nepal,Govt shld c…",other_useful_information,earthquake,Nepal,twitter
Dear Photographers: Please Don’t Get On A Plane To Nepal http://t.co/ZSZVTr9HFD #photography #arts,other_useful_information,earthquake,Nepal,twitter
RT @tm_insider: Putrajaya moves to bring Malaysians back from Nepal today – Bernama http://t.co/OkIaJgL5ou,displaced_people_and_evacuations,earthquake,Nepal,twitter
RT @OCHAAsiaPac: #Nepalquake: An estimated 4.6 million people were exposed to the #earthquake shaking http://t.co/JfGkel2G0r,injured_or_dead_people,earthquake,Nepal,twitter
"Doctor assembles team to help find, save Nepal quake victims #KansasCity http://t.co/ZpSqf18L61  — The NewZ (TheUsNewz) April 28, 2015  —…",missing_trapped_or_found_people,earthquake,Nepal,twitter
RT @a_campolina: Great to see our @ActionAid international and Nepalese teams working tirelessly with local movements in our response in #N…,other_useful_information,earthquake,Nepal,twitter
"RT @ShujaRabbani: Fortunately, my friends' parents are safe after the #NepalEarthquake but very shaken. Hope #Nepal gets all the assistance…",other_useful_information,earthquake,Nepal,twitter
Thousands Queue Up Outside Kathmandu Airport in Hope of Way Out http://t.co/FfmGwwoOSl,displaced_people_and_evacuations,earthquake,Nepal,twitter
"Maurice1Charles: RT Reuters: The death toll from #Nepal's 7.9 magnitude earthquake has climbed to more than 3,700:… http://t.co/aFKQ602LiZ",injured_or_dead_people,earthquake,Nepal,twitter
"2 #IAF MLHs positioned at Pokahra.  Helicopter sorties scheduled for Lukla, Dhading, Millanchi and Gorkha today #NepalEarthquake",other_useful_information,earthquake,Nepal,twitter
"RT @sharan070192: Bloody Vatican douchebags rejoicing as disasters ""opens window"" to carry their mission #NepalEarthquake #SoulVultures htt…",other_useful_information,earthquake,Nepal,twitter
"Nepal quake: Michelle Yeoh, husband Jean Todt among those stranded http://t.co/cGCQqAsAj7",caution_and_advice,earthquake,Nepal,twitter
180 Bodies Retrieved From Debris of Nepal's Historic Tower | http://t.co/8pbfFT8AbI | Outlook Wires,injured_or_dead_people,earthquake,Nepal,twitter
"RAW FOOTAGE Powerfull Earthquake 7.9 M in Kathmandu, NEPAL  http://t.co/uIheRBgduL",other_useful_information,earthquake,Nepal,twitter
RT @OmanObserver: Historic #Dharahara Tower built in 1832 collapses in #Kathmandu after quake http://t.co/VCxKlSa1HL,infrastructure_and_utilities_damage,earthquake,Nepal,twitter
Kathmandu airport shut down following 7.9 magnitude earthquake: Read Full story of 'Kathmandu airport shut dow... http://t.co/ZXsU4sZuZ4,infrastructure_and_utilities_damage,earthquake,Nepal,twitter
"RT @narendramodi: From Raxaul, Bihar, which is on the India-Nepal border my colleague @dpradhanbjp is co-ordinating relief work to help aff…",other_useful_information,earthquake,Nepal,twitter
RT @IndianDiplomacy: RT: @SpokespersonMoD  #NepalEarthquake C-130J carrying stranded Indians has landed at Palam a short while ago.,displaced_people_and_evacuations,earthquake,Nepal,twitter
"RT @sandrajoe24: ""More than 150 people killed in Kathmandu after powerful earthquake, Nepal's Ministry of Home Affairs says."" via @cnnbrk",injured_or_dead_people,earthquake,Nepal,twitter
Because this #Nepal hasn't had to deal with another. Hopefully the storm brings with it water but not destruction https://t.co/tNiRY8Odny,other_useful_information,earthquake,Nepal,twitter
RT @EthicalMan: Kathmandu airport. The welcome sign reduced to rubble. http://t.co/q5nbs0qYfU,infrastructure_and_utilities_damage,earthquake,Nepal,twitter
RT @SpokespersonMoD: #NepalEarthquake Casualty evacuation from Trishuli Bazar to Kathmandu. http://t.co/zfkReo4Ks0,displaced_people_and_evacuations,earthquake,Nepal,twitter
"Around 200 Rescued From Mount Everest After Earthquake, Says Nepal Tourism Ministry: Around 200 people have been rescued from the Mou...",displaced_people_and_evacuations,earthquake,Nepal,twitter
"RT @AnupKaphle: Some people in Kathmandu literally spent their night out in streets, laying carpets on streetsides. #Nepal http://t.co/fDoa…",other_useful_information,earthquake,Nepal,twitter
Earth-Quake in Nepal............... http://t.co/3xWAkAudIM,other_useful_information,earthquake,Nepal,twitter
RT @HuffPostIndia: WATCH: Incredible drone footage of Nepal's heritage spots shows widespread damage http://t.co/5YL3X0CGwQ http://t.co/AOZ…,infrastructure_and_utilities_damage,earthquake,Nepal,twitter
"Powerful earthquake, strong aftershocks hit Nepal http://t.co/baq4YHjDdX",other_useful_information,earthquake,Nepal,twitter
"Nepal earthquake triggers Everest avalanche, climbers at risk - The Times of India http://t.co/4jLUdYSzD4",other_useful_information,earthquake,Nepal,twitter
Any lessons from #Ebola on the ratio of helpful:overwhelming and coordinated:fragmented in tech approaches to #humanitarian relief? #Nepal,other_useful_information,earthquake,Nepal,twitter
RT @AP: 1st survivors of avalanche at Everest base camp flown to Nepal's capital; injuries not deemed life-threatening: http://t.co/xdilDYM…,injured_or_dead_people,earthquake,Nepal,twitter
"Rescue plane reaches Kathmandu with avalanche-affected: The earthquake killed more than 1,900 people including... http://t.co/xx1dWAYLBx",injured_or_dead_people,earthquake,Nepal,twitter
RT @anadoluimages: A woman breastfeeds her baby as she sits amongst the rubble of her house in #Majuwa #Kathmandu #NepalEarthquake #AA http…,infrastructure_and_utilities_damage,earthquake,Nepal,twitter
Riot police battle to contain crowds trying to leave Kathmandu http://t.co/VrRwBMI62j #Civil_Vision,displaced_people_and_evacuations,earthquake,Nepal,twitter
CRAZY I was just thinkin about going to Nepal and they have a massive earthquake...,other_useful_information,earthquake,Nepal,twitter
RT @phumzileunwomen: Nepal Fatalities are growing. Death toll  staggering help is needed ask your government to contact the UN in your coun…,injured_or_dead_people,earthquake,Nepal,twitter
"Nepal prime minister: Death toll could reach 10,000 http://t.co/FAXcRtj2a7",injured_or_dead_people,earthquake,Nepal,twitter
"Prayers for those lost and their families-More than 2,200 confirmed dead in Nepal earthquake: http://t.co/Cv39E8hnau via @AOL",injured_or_dead_people,earthquake,Nepal,twitter
"RT @guardian: The Observer front page, Sunday 26 April 2015: Nepal quake kills over 1,500 and spreads terror on Everest http://t.co/ttzY82x…",injured_or_dead_people,earthquake,Nepal,twitter
Just one BBC News FB post on #NepalQuake from last weekend - NB The page has 450k fans in Nepal and 2million in India http://t.co/cm1jdFM7Z9,other_useful_information,earthquake,Nepal,twitter
"""Quick access and useful data is what @humdata was designed for, and it’s unprecedented in the humanitarian world."" http://t.co/uZ9vsYSDwW",other_useful_information,earthquake,Nepal,twitter
"RT @InfoMumbai: A famous nepalese tagline ""म मरे पनि मेरो देश बांची रहोस"" I'll die but my country will shine all over ὢA  #NepalEarthquake #…",other_useful_information,earthquake,Nepal,twitter
"RT @nytimes: Dan Fredinburg, an engineer at Google, died on Mount Everest during the avalanche caused by the earthquake in Nepal http://t.c…",injured_or_dead_people,earthquake,Nepal,twitter
We must find the missing people in Nepal #earthquake http://t.co/TssoqfSKFf,missing_trapped_or_found_people,earthquake,Nepal,twitter
RT @cnni: A mother survives 36 hrs under rubble of a building in #NepalQuake -- with barely a scratch. http://t.co/36wvT9OAIW http://t.co/i…,missing_trapped_or_found_people,earthquake,Nepal,twitter
"RT @nytimes: An earthquake with an estimated magnitude of 7.9 shook Nepal on Saturday near its capital, Katmandu http://t.co/n9euzNAeOk",other_useful_information,earthquake,Nepal,twitter
"RT @AmitAmitinsan4: At least1800 confirmed dead in #Nepal. Happened at bad time of day when people werein buildings,at schools &amp; work #MSGH…",injured_or_dead_people,earthquake,Nepal,twitter
Keeping our missing family in Nepal in our thoughts and prayers. Sending positive vibes.,missing_trapped_or_found_people,earthquake,Nepal,twitter
RT @emraanhashmi: Jst got a pic from kunal deshmukh .He is at the airport trying to board the IAF flight out of kathmandu this evening http…,displaced_people_and_evacuations,earthquake,Nepal,twitter
6.7 magnitude aftershock registered in the Kathmandu Region of Nepal. Largest aftershock recorded since Saturday's earthquake @NBCNews,other_useful_information,earthquake,Nepal,twitter
RT @sitamademba: Okhaldhunga -11 Sunsari - 6 Bhojpur - 2 Solukhumbu - 2  died so far in Eastern Part of Nepal according to Regional police …,injured_or_dead_people,earthquake,Nepal,twitter
RT @tv6tnt: Reports quoting Nepal police now say death toll rises to 449 #NepalEarthquake via @AP &amp; @ReutersWorld http://t.co/c04IyZpFrT,injured_or_dead_people,earthquake,Nepal,twitter
RT @usweekly: Heartbreaking. Sophia Bush's ex Dan Fredinburg died following the Nepal earthquake today: http://t.co/5R4OOopVba http://t.co/…,injured_or_dead_people,earthquake,Nepal,twitter
"RT @DeshGujarat: The Art of Living centre in Kathmandu converted into a shelter camp.Over 200 people who have lost their homes,stayed: http…",displaced_people_and_evacuations,earthquake,Nepal,twitter
RT @gunaraj: So many after shocks. People are still out of home. Hospital situation is too terrible. #Nepal #earthquake,displaced_people_and_evacuations,earthquake,Nepal,twitter
@Shadowblader21 in nepal people died and many homes and buildings got crushed from an earthquake very recently,injured_or_dead_people,earthquake,Nepal,twitter
"RT BJPRajnathSingh: NDRF has rescued 11 individuals, recovered 67 dead bodies and evacuated more than 1000 people in Nepal. #ThankYouPM #BJP",injured_or_dead_people,earthquake,Nepal,twitter
FT: Powerful earthquake hits Kathmandu http://t.co/16HaL6h9S7,other_useful_information,earthquake,Nepal,twitter
RT @UNOCHA: (2/2) Heavy equipment for rubble removal; Helicopters for transport and access to blocked areas #NepalQuake http://t.co/pKZGpDD…,other_useful_information,earthquake,Nepal,twitter
"RT @htTweets: Foreign Secretary S Jaishankar confirms 13 Indian fatalities in Nepal, including 6 people from Assam whose bodies have been h…",injured_or_dead_people,earthquake,Nepal,twitter
"Over 2500 dead in Nepal so far. In a matter of seconds. In a sickening way, climate change alarmists wish they had that count. They have 0.",injured_or_dead_people,earthquake,Nepal,twitter
RT @saikatd: For generations the brave Gorkhas have defended India. India goes all out to pay back that debt. #NepalEarthquake,other_useful_information,earthquake,Nepal,twitter
Good design helps Japan with earthquakes #nepal http://t.co/KZUz04dAVh,other_useful_information,earthquake,Nepal,twitter
"RT @stopbeingfamous: The death toll of the #NepalEarthquake  has risen to over 3,700 souls.",injured_or_dead_people,earthquake,Nepal,twitter
12 Things Indians Can Do To Help Nepal http://t.co/xH5zBHws1O,caution_and_advice,earthquake,Nepal,twitter
"RT @siobhanheanue: Still can't believe what I witnessed in #NepalQuake today. History crumbling, a nation in despair. http://t.co/sFcOj2vzVi",infrastructure_and_utilities_damage,earthquake,Nepal,twitter
RT @globalhlthtwit: Astonishing. BBC Marr discuss Nepal in terms of risks to Everest climbers and heritage. No mention of Nepalis.,other_useful_information,earthquake,Nepal,twitter
RT @TheMulliganTank: Impossible to keep up with rising death toll from NEPAL EARTHQUAKE. Links to ongoing coverage: http://t.co/wXc4IGFh7o …,injured_or_dead_people,earthquake,Nepal,twitter
Nepal’s disaster should be warning on development http://t.co/GWwQ14ha1g #TopNews,caution_and_advice,earthquake,Nepal,twitter
RT @kan_rebel: @ExSecular @YesIamSaffron   Another #SoulVultures   #NepalEarthquake  https://t.co/cYXFAe58U9,other_useful_information,earthquake,Nepal,twitter
18 dead bodies found in #Everest base camp #Earthquake #Nepal,injured_or_dead_people,earthquake,Nepal,twitter
RT @dispatchnewsdes: @meerasanyal Rescue operation is only concentrated to Kathmandu over 2000 dead no news from small towns  updates http:…,injured_or_dead_people,earthquake,Nepal,twitter
Race Against Time! People Are Still Trapped Inside! https://t.co/XoupRwTGTq #Nepal #Kathmandu #earthquake #PleaseDonate Generously!,missing_trapped_or_found_people,earthquake,Nepal,twitter
RT @Karma_Paljor: It's terrible in Sankhu 20 km from Katmandu. Many bodies still under rubble. Unstable buildings difficult to rescue http:…,missing_trapped_or_found_people,earthquake,Nepal,twitter
Hundreds Dead As 7.9-Magnitude Earthquake Strikes Nepal: A powerful earthquake measuring 7.9 on the Richter sc... http://t.co/5IpLqP0jdt,injured_or_dead_people,earthquake,Nepal,twitter
RT @raghaaav: Still hearing from friends and family! Sad to hear Dharara tower is gone. #nepal #NepalEarthquake #earthquake,infrastructure_and_utilities_damage,earthquake,Nepal,twitter
RT @teleworldin: #NepalEarthquake #Sewaa From #GurudwaraAmritsar Sahib &amp; Others #Langar &amp; Materials ὄFὄF὇3 @KapilSharmaK9 @MikaSingh http://t.…,other_useful_information,earthquake,Nepal,twitter
RT @GuilsboroughGeo: Nepal on 'war footing' as quarter of population hit by quake http://t.co/HlxChJqdbK,other_useful_information,earthquake,Nepal,twitter
((Noticias SIN)) The Latest on Nepal Quake: Thousands Try to Leave Kathmandu: Thousands line up at bus stations in Kathmandu in bid t...,displaced_people_and_evacuations,earthquake,Nepal,twitter
This Tiny Baby in Nepal Was Miraculously Rescued from Rubble and Survived the Earthquake by@natashanoman http://t.co/ILCIrXHGBl via @MicNews,missing_trapped_or_found_people,earthquake,Nepal,twitter
"#NEPAL  Death toll now over 4,000",injured_or_dead_people,earthquake,Nepal,twitter
#NZ Nepal earthquake: Race is on to rescue climbers from Everest before supplies run out http://t.co/rt2KPLuYkp #Herald,displaced_people_and_evacuations,earthquake,Nepal,twitter
Help collect information on the Nepal Earthquake  http://t.co/gjVIlX1s2f #culturalheritage #culturalsites,caution_and_advice,earthquake,Nepal,twitter
RT @maulinshah9: #NepalQuake :  -Total 33 tremors in last 24 Hours. -Minor cracks are found on Pashupatinath temple. -#EarthQuakeAgain on 1…,infrastructure_and_utilities_damage,earthquake,Nepal,twitter
Raw: Man rescued from building in Nepal http://t.co/th00RMLYEO #news,missing_trapped_or_found_people,earthquake,Nepal,twitter
New #Earthquake mb 4.5 NEPAL: Magnitude   mb 4.5 Region   NEPAL Date time   2015-04-26 08:46:15.7 UTC Location... http://t.co/ezivkrMieW,other_useful_information,earthquake,Nepal,twitter
Nepal quake: Key information known at this time: The death toll climbed and aftershocks continued a day after ... http://t.co/krAV2bfysK,injured_or_dead_people,earthquake,Nepal,twitter
"RT @BBCBreaking: UK government giving £5m to help response to Nepal earthquake, which has killed more than 2,300 people http://t.co/Tjd2KpO…",injured_or_dead_people,earthquake,Nepal,twitter
"RT @BBCBreaking: Aftershock in Kathmandu region measured 6.7 magnitude, US Geological Survey says http://t.co/xoixJwvUcW",other_useful_information,earthquake,Nepal,twitter
"RT @NargisFakhri: CNN: 7.8 magnitude earthquake slams Nepal, some 600 dead, authorities say http://t.co/nILksoYF0R",injured_or_dead_people,earthquake,Nepal,twitter
Horrifying situation as death toll rises above 2300. Pakistan sending four C-130 aircraft to assist #NepalEarthquake http://t.co/7bTQlnRbRQ,injured_or_dead_people,earthquake,Nepal,twitter
RT @IndianSanskriti: What WILLING &amp; ABLE Government + People can do! #Nepal #NepalEarthquake #NepalQuake #NepalQuakeRelief @narendramodi ht…,other_useful_information,earthquake,Nepal,twitter
"Tens of thousands of people in #Nepal camped out,fearful of going back to their homes in case of another earthquake. http://t.co/AGIIQ72js3",displaced_people_and_evacuations,earthquake,Nepal,twitter
RT @pratyasharath: Beef Masala mus b relief material for the minority communities in Nepal. Sanghis wont let minorities eat in Nepal too. #…,other_useful_information,earthquake,Nepal,twitter
RT @Raheelk: For everyone in Nepal.  https://t.co/54YPD0W9WG,other_useful_information,earthquake,Nepal,twitter
Wow. That was one big earthquake in Nepal. :/,other_useful_information,earthquake,Nepal,twitter
Nepal’s Historic Architecture Destroyed By Earthquake http://t.co/fqTQTz12Nl http://t.co/gQTOHMf3yx,infrastructure_and_utilities_damage,earthquake,Nepal,twitter
"cnnbrk: U.S. forces rescued 30 people who were trapped in Nepal village after earthquake, U.S. ambas... http://t.co/MHVn8NGTZI #SriLanka",missing_trapped_or_found_people,earthquake,Nepal,twitter
RT @KirkDBorne: Visualizing the #NepalEarthquake - The Human Side of #DataScience: http://t.co/VcUE20cqfi #abdsc #BigData #DataViz http://t…,other_useful_information,earthquake,Nepal,twitter
RT @thevirdas: We are at 10 Survival Kits for Nepal in just a few hrs :) My goal is 60. Let's get there soon! http://t.co/xJxEeRwoqZ http:/…,missing_trapped_or_found_people,earthquake,Nepal,twitter
RT @raggedtag: If you have a problem with India helping Nepal for whatever reasons - you are a douche. No actually  the douche is still use…,other_useful_information,earthquake,Nepal,twitter
Nepal earthquake: Nine New Zealanders still unaccounted for http://t.co/W44ZgV4oAn via @nzherald,missing_trapped_or_found_people,earthquake,Nepal,twitter
RT @AP: The latest on Nepal earthquake: Dozens arrested for looting and spreading rumors about impending big quake http://t.co/pllrMZOXrT,other_useful_information,earthquake,Nepal,twitter
"RT @Ajit_Doval: {ॐ}- There Is NoBody , Helping People In The Villages :: People Are Dying , Where They Are- ॥ॐ॥ #ABGurung {#NepaleseSoldier…",other_useful_information,earthquake,Nepal,twitter
http://t.co/abbtrs8RTk I AM STREAMING THE EMERGENCY COMMUNICATIONS FROM NEPAL.. http://t.co/mWNaOH1aCc,other_useful_information,earthquake,Nepal,twitter
"RT @SouleFacts: In Sindhupalchok alone, death reaches 1,300. 90% homes destroyed, desperate wait for help. https://t.co/OVcstUHoav  #NepalE…",injured_or_dead_people,earthquake,Nepal,twitter
RT @eoiktmnp: Buses leaving for Gorakhpur carrying stranded Indians from Tilganga bridge near Kathmandu Intl Airport @MEAIndia http://t.co/…,displaced_people_and_evacuations,earthquake,Nepal,twitter
"RT @RSS_Org: When Nepal was groaning in earthquake, Christian Missionaries were shamelessly selling Jesus http://t.co/GGWIur6rOh",other_useful_information,earthquake,Nepal,twitter
RT @itsPrinceInsan: Salute 2 @derasachasauda chief @Gurmeetramrahim 4 his grt step 4 #Nepalquake victims #MSGHelpEarthquakeVictims... http:…,injured_or_dead_people,earthquake,Nepal,twitter
RT @rahulkanwal: Here's the story. Pakistan sends beef masala as aid to quake hit Nepal! https://t.co/zjRGV6IpMY @mail_today,other_useful_information,earthquake,Nepal,twitter
"RT @kathmandupost: Death toll reaches 3,904 until 7 pm Monday, Nepal Police says. #NepalQuake #Nepal",injured_or_dead_people,earthquake,Nepal,twitter
RT @rahulkanwal: Wi-fi services back on after 72 hours. Grocery stores too opening now. Kathmandu begins to put the pieces together. #himal…,other_useful_information,earthquake,Nepal,twitter
"RT @Independent_ie: Officials are trying to contact with up to 50 Irish citizens in Nepal, which has been hit with strong aftershocks http:…",displaced_people_and_evacuations,earthquake,Nepal,twitter
"RT @AmbPeterBodde: A 58-member search/rescue team from Fairfax County arrives 4/27 w/our DART, a helicopter, medical assistance #WeStandwit…",other_useful_information,earthquake,Nepal,twitter
RT @Dave_Steinbach: Something to reflect on over the next few days at #CBA9 - how can we link DRR and CBA in the wake of the #NepalEarthqua…,other_useful_information,earthquake,Nepal,twitter
The death toll from the earthquake in Nepal is now above 1900 today as the world moves to provide aid.,injured_or_dead_people,earthquake,Nepal,twitter
"RT @AFP: #BREAKING Nepal quake death toll reaches 5,057: official",injured_or_dead_people,earthquake,Nepal,twitter
"(#LosDelSonido) 81 Dead as 7.9 Quake Hits Nepal, Causing Big Damage: Many injuries have been reported.  (#IvanBerroa)",injured_or_dead_people,earthquake,Nepal,twitter
RT @SalvArmyIHQ: Damaris Frick @SalvArmyIHQ taking part in #NepalEarthquake health cluster meeting in Kathmandu http://t.co/cUL57Z3L5o http…,other_useful_information,earthquake,Nepal,twitter
"RT @kashishds: Yoshadhara Mahabir, Patan - ppl drying traditional sukul after last nite's rain.Again- old houses down, new still up. http:/…",infrastructure_and_utilities_damage,earthquake,Nepal,twitter
"Around 50,000 Pregnant Women Affected From Quake in Nepal: UN http://t.co/bTAUnCX1Hr",injured_or_dead_people,earthquake,Nepal,twitter
RT @RedCrossAU: Watch on @CNN - #RedCross discusses rescue efforts in Nepal: http://t.co/zspG1IEsqi #nepalearthquake @ICRC @Federation @nep…,other_useful_information,earthquake,Nepal,twitter
RT @NepaliSalil: Today: the day the guardians of Kathmandu fell. 15th century king Pratap Malla's stone pillar. #NepalEarthquake http://t.c…,injured_or_dead_people,earthquake,Nepal,twitter
"RT @firstpost: Nepal earthquake moves Kathmandu 10 feet south but Everest height unchanged, say experts http://t.co/n9hZBKjx8f http://t.co/…",other_useful_information,earthquake,Nepal,twitter
Death toll mounts as Nepal searches for earthquake survivors http://t.co/C4m2G4Vuav,injured_or_dead_people,earthquake,Nepal,twitter
"RT @CBSDenver: #Nepal rocked by 6.7-magnitude aftershock: http://t.co/O09lsEW0dD  @AP: latest #earthquake death toll = 2,500.",injured_or_dead_people,earthquake,Nepal,twitter
Precise information and visuals from outside ktm sorely missing. Casualties there must be much more than from the valley. #NepalEarthquake,missing_trapped_or_found_people,earthquake,Nepal,twitter
4/25/2015 -- 7.8 magnitude earthquake in Nepal (India / China) -- Earthquake unrest obvious http://t.co/3oUAqPKuN3,other_useful_information,earthquake,Nepal,twitter
RT @IvanCNN: Residents of Kathmandu camped out under tarps for fear of aftershocks #NepalQuake http://t.co/negdlE11er,displaced_people_and_evacuations,earthquake,Nepal,twitter
RT @BBCtrending: Fake quakes: The false rumours spreading online about #NepalQuake http://t.co/hznFp1rhly http://t.co/BSWafWuhVM,other_useful_information,earthquake,Nepal,twitter
"RT @SpokespersonMoD: #NepalEarthquake Landing on uneven ground by IAF's MI 17 V5 at Simpani, near Pokhara. http://t.co/J73vUyKBVX",other_useful_information,earthquake,Nepal,twitter
"RT @CNN: Power is out in much of the region, but many are sharing scenes &amp; stories from inside Nepal: http://t.co/JP7yrMLiE2 http://t.co/ww…",other_useful_information,earthquake,Nepal,twitter
RT @ResNetSH: New blog post: Local Nepal Earthquake Appeal -Video blog http://t.co/Ufdxkhhe7c,other_useful_information,earthquake,Nepal,twitter
RT @ILNewsFlash: The IDF field hospital established in Kathmandu is the biggest ever built by the Israeli military. (Channel 2) http://t.co…,infrastructure_and_utilities_damage,earthquake,Nepal,twitter
RT @rdewan: 217 missing in Everest: http://t.co/dKIMzmq3rK #NepalQuake,missing_trapped_or_found_people,earthquake,Nepal,twitter
"RT @gmeiks: With everything else happening in Nepal, the Kathmandu Post is still covering other world news, including #Baltimore. http://t.…",other_useful_information,earthquake,Nepal,twitter
RT @sanpokh: Nepal is learning a lesson: large scale disasters also come with challenges to national security and sovereignty.+,other_useful_information,earthquake,Nepal,twitter
Can i just say we are so caught up in whats happening in Baltimore we are failing to recognize whats happening in Nepal.,other_useful_information,earthquake,Nepal,twitter
RT @whiskyandtartan: Appropriate that @shotofscotchnyc will be at #ScotchForACause tonight to benefit @GirlsGlasgow sisters in #Nepal ! htt…,other_useful_information,earthquake,Nepal,twitter
"RT @TheHindu: The #NepalEarthquake has triggered aftershocks Kolkata, North India and landslides in Sikkim http://t.co/nT4AhD0JIk http://t.…",other_useful_information,earthquake,Nepal,twitter
RT @ndtv: On board an Indian Air Force chopper mission in earthquake-hit Nepal http://t.co/nYVPRc8hx8 #NepalEarthquake http://t.co/kJKkm5kc…,other_useful_information,earthquake,Nepal,twitter
RT @rayyykneee: Prolly only 5 people knows about Nepal's earthquake in my school.Smh. They're on Twitter 24/7 but they ignore it cuz it's n…,other_useful_information,earthquake,Nepal,twitter
This Nepal earthquake is horrible. ὣ3,other_useful_information,earthquake,Nepal,twitter
RT @NepalDRR: Find the latest #NepalQuake Situation Report here: http://t.co/u7r2i01AiS,other_useful_information,earthquake,Nepal,twitter
"RT @hellomuku: All approx. 1200 houses have been collapsed in #Barpak #Gorkha, epicenter of #NepalQuake reports state radio reporter from #…",infrastructure_and_utilities_damage,earthquake,Nepal,twitter
RT @Newsweek: A 15-year-old boy is found alive in rubble 5 days after #NepalQuake http://t.co/EfUYBnfwcs http://t.co/yTZSDljKUS,missing_trapped_or_found_people,earthquake,Nepal,twitter
"If you think Israel's Nepal aid is ""hasbara,"" you're missing a critical fact about Israel: it doesn't care about you https://t.co/b6S3Ozb4DG",other_useful_information,earthquake,Nepal,twitter
"ICYMI: Read about this #Brampton woman's journey through #Nepal during the #earthquake that killed upwards of 4,000 http://t.co/sBPr4Tnlax",injured_or_dead_people,earthquake,Nepal,twitter
RT @parthesh_99: Tourists from Gujarat stranded in Nepal or their kin can contact control room at Gandhinagar 079-23251900/902/907/908/914/…,missing_trapped_or_found_people,earthquake,Nepal,twitter
"To #Kathmandu and back: ‘Even now when I stand up, it feels as though the earth is moving’. http://t.co/MBybCWve5o #NepalQuake",other_useful_information,earthquake,Nepal,twitter
RT @RichardBarrow: Passengers on TG319 flight to Kathmandu arrived back at 1am. They will attempt again at 9:15am - TR @thapanee3miti http:…,other_useful_information,earthquake,Nepal,twitter
VIDEO: Thousands sleep on Nepal streets,other_useful_information,earthquake,Nepal,twitter
The #NepalEarthquake and #RiotsInBaltimore are #publichealth #emergencies.,other_useful_information,earthquake,Nepal,twitter
RT @chuks_obodo: Old towns in Kathmandu valley devastated - Times of India: Times of IndiaOld towns in Kathmandu valley devasta... http://t…,infrastructure_and_utilities_damage,earthquake,Nepal,twitter
"RT @OCHAAsiaPac: #NepalQuake Infographic: The numbers you need to know (26 April, 7:00pm) - http://t.co/NR6LOSAcHS http://t.co/QRLDSo20fo",other_useful_information,earthquake,Nepal,twitter
"Death toll in Nepal from quake jumps to 2,430, Home Affairs Ministry says. China, India deaths lift toll over 2,500. http://t.co/yKcXeCCqcy",injured_or_dead_people,earthquake,Nepal,twitter
RT @ooosh_ooosh: Where is Nepal's Prime Minister???? Anybody knows?,other_useful_information,earthquake,Nepal,twitter
"RT @NewIndianXpress: Key Facts About Nepal, Site of Magnitude-7.9 Quake http://t.co/IWcHevEQvb",other_useful_information,earthquake,Nepal,twitter
"RT @dipankar140: Nepal's tragedy has united the world, while Middle East wars are dividing the world.",other_useful_information,earthquake,Nepal,twitter
RT @FredZeppelin12: Thousands die in an earthquake in Nepal   One died in police custody   One story gets 24/7/365,injured_or_dead_people,earthquake,Nepal,twitter
"RT @DanielVargoMD: So proud of @UofUSurgery stepping up for #NepalEarthquake. Safe travels for Courtney Scaife, MD and residents @KatieWRus…",displaced_people_and_evacuations,earthquake,Nepal,twitter
RT @ahmadesseily: Even the biggest monutain on earth got angry! #NepalQuake,other_useful_information,earthquake,Nepal,twitter
Watch @oxfamgb spokesperson Lisa Rutherford with the latest on the humanitarian situation in #Nepal http://t.co/5pX8OwBdQw,other_useful_information,earthquake,Nepal,twitter
"RT @ABC: UPDATE: At least 1,457 believed to be dead after massive earthquake strikes in Nepal: http://t.co/yXKpIsBixf http://t.co/1nhQ48MI2s",injured_or_dead_people,earthquake,Nepal,twitter
MORE: Nepal quake is the worst temblor to hit the poor South Asian nation in over 80 years: http://t.co/trPMxzumXB Via @ap,other_useful_information,earthquake,Nepal,twitter
#NepalEarthquake #helplines for those searching yet.. http://t.co/NL2qO4W5lo,missing_trapped_or_found_people,earthquake,Nepal,twitter
RT @BopsieChroedar: Nepal Rescuers Struggle to Reach Quake Victims  via @josephjett #news http://t.co/K7CgZ8ins3,missing_trapped_or_found_people,earthquake,Nepal,twitter
"Explained: How safe are the 3,400 highrises in Delhi, Mumbai? | http://t.co/MChE0VXMoh #NepalEarthquake http://t.co/9qnp9rBCNz",other_useful_information,earthquake,Nepal,twitter
"After Nepal Earthquake, PM Narendra Modi Calls Emergency Meet: 10 Developments: http://t.co/tGy1ChVxTX",other_useful_information,earthquake,Nepal,twitter
"Nepal's Hospitals Swamped as Number of Deaths Crosses 2,400-Mark, Thousands Injured: Overwhelmed doctors moved hundreds of patients o...",injured_or_dead_people,earthquake,Nepal,twitter
RT @WB_WithRG: #IndiawithNepal 40 Member Army Engineer Task Force moved yesterday. Separate team to check Nepal's power grid. #ThankUArmy,infrastructure_and_utilities_damage,earthquake,Nepal,twitter
RT @haaretzcom: At least eight dead at Mt. Everest after avalanche buries part of Nepal Everest base camp following earthquake http://t.co/…,injured_or_dead_people,earthquake,Nepal,twitter
"RT @AP: MORE: Powerful, magnitude 6.7 aftershock rattles Kathmandu area of Nepal a day after devastating earthquake: http://t.co/cYwAIya5P1",infrastructure_and_utilities_damage,earthquake,Nepal,twitter
The Latest on Nepal: Protesters complain no aid reached them http://t.co/Q655vEXFa1 Free tool online http://t.co/J90dT28MyB,other_useful_information,earthquake,Nepal,twitter
"After Nepal Earthquake, Amitabh Bachchan Writes About His First Trip to the Country: Amitabh Bachchan later shot for films like Khuda...",other_useful_information,earthquake,Nepal,twitter
5 very informative maps of Nepal’s earthquake http://t.co/hH3Mu9SmVR,other_useful_information,earthquake,Nepal,twitter
UPDATE: Statement from ABTA following the change in travel advice to Nepal.... http://t.co/cNH0j1RiWi,other_useful_information,earthquake,Nepal,twitter
"RT @_Sandhyaa: Because of the devastating earthquake,the people in Nepal have to sleep on the streets and parks #prayforNEPAL #Nepal http:/…",displaced_people_and_evacuations,earthquake,Nepal,twitter
RT @SuwalPratistha: 1 RT WILL MEAN ALOT PLEASE DON'T IGNORE ? ὤF #NEPAL http://t.co/jyBET8psgO,other_useful_information,earthquake,Nepal,twitter
RT @ShiwaniNeupane: The walls of Norvic hospital are cracked open #NepalEarthquake http://t.co/RKP4g0vAvM,infrastructure_and_utilities_damage,earthquake,Nepal,twitter
"Pls Share : Earthquake helpline at the Indian Embassy in Kathmandu-+977 98511 07021, +977 98511 35141",other_useful_information,earthquake,Nepal,twitter
RT @JigmeUgen: #SHAME: Open spaces in #Nepal limited &amp; cramped but #HyattRegency still exclusive for rich &amp; westerners #NepalQuake http://t…,other_useful_information,earthquake,Nepal,twitter
The key to Nepal's economy is ... water - http://t.co/di5A372aMW,other_useful_information,earthquake,Nepal,twitter
"RT @jejejejo: 7,9 SR earthquake and more than 1000 people died. Oh God #PrayForNepal #PrayForNepal #PrayforNepal",injured_or_dead_people,earthquake,Nepal,twitter
RT @arunmsk: An Indian in Nepal says Ramdev disappeared in the night without informing. That is his style. Ok. Did he escape in Salwar?,missing_trapped_or_found_people,earthquake,Nepal,twitter
"RT @earthquakeinfo: Earthquake - M 5.0 - 15km NNE of Nagarkot, Nepal http://t.co/qzsQSs6hvV",other_useful_information,earthquake,Nepal,twitter
RT @rajeevk1949: @_RandhirSingh_ @DrGPradhan @upma23 2/2 event of an earthquake there They fear if they go to Nepal they will be branded as…,other_useful_information,earthquake,Nepal,twitter
VIDEO: Nepal #earthquake kills dozens in India Via @ap,injured_or_dead_people,earthquake,Nepal,twitter
RT @htTweets: Around three lakh foreign tourists stranded in quake-hit Nepal http://t.co/ZaJF5PRrrE,missing_trapped_or_found_people,earthquake,Nepal,twitter
RT @BJPLucknowBJP: Top questions the world is asking about the #NepalEarthquake on #Google http://t.co/9HAw3BugC8,other_useful_information,earthquake,Nepal,twitter
"As instructed by HEP Yameen, Tourism industry sponsored the Maldivian flight to bring Maldivian's in Nepal Tomorrow,coordinated by FM Dunya!",displaced_people_and_evacuations,earthquake,Nepal,twitter
RT @WSJ: There have been 31 aftershocks in Nepal since Saturday's earthquake. More numbers here: http://t.co/sA0PBAjxMk http://t.co/UUX1Wbp…,other_useful_information,earthquake,Nepal,twitter
today's Monday Mishmash is focused on something more important -- #Nepal http://t.co/Yp2Z0QAQcC,other_useful_information,earthquake,Nepal,twitter
Emergency declared in #Nepal after massive #NepalEarthquake  https://t.co/QKjDDP59js,caution_and_advice,earthquake,Nepal,twitter
"FastCompany: RT harrymccracken: A first-person report from Nepal by sandoNET, who's in Kathmandu. … http://t.co/8We2HTjLsb",other_useful_information,earthquake,Nepal,twitter
".@AnupKaphle also send me an email, im coordinating with someone from @TimesNow in Delhi and can pass on.  https://t.co/hJNVihhnx2",other_useful_information,earthquake,Nepal,twitter
World › Riot police intervene as anger erupts among Nepal quake survivors http://t.co/cXOO3EHkCx,other_useful_information,earthquake,Nepal,twitter
RT @janisctv: Re-using firewood at the main crematorium in #Kathmandu. Funeral pyres are burning day and night. #NepalQuake http://t.co/dmH…,injured_or_dead_people,earthquake,Nepal,twitter
Foreign Office tells Britons stranded in Nepal to follow local authorities' advice following earthquake that left… http://t.co/vk48KldGih,caution_and_advice,earthquake,Nepal,twitter
RT @pappufromdelhi: @LaraDutta Plz RT #missing @MEAcontrolroom @eoiktmnp #NepalQuake #help http://t.co/Yrp6yfQRnJ,missing_trapped_or_found_people,earthquake,Nepal,twitter
Thousands Flee Kathmandu as India Steps Up Relief Efforts in Nepal: The number of deaths in Saturday's earthqu... http://t.co/MTxyDbrkBh,displaced_people_and_evacuations,earthquake,Nepal,twitter
Nepal Earthquake: BBC crew travels to quake epicentre - BBC News http://t.co/jCx5msJcsh | https://t.co/gXrStQ7GrN http://t.co/6UQRn9EnCV,other_useful_information,earthquake,Nepal,twitter
NDTV News - World: Nepal Earthquake: Gujarat in Touch With Centre to Ensure Return of Gujaratis - NDTV News... http://t.co/EP7I36WVRU,displaced_people_and_evacuations,earthquake,Nepal,twitter
*In real time *  #NepalEarthquake  India : So sad .. Bangladesh : That wasn't No ball..,infrastructure_and_utilities_damage,earthquake,Nepal,twitter
"RT @DhavaliLama: Photograph from #NepalEarthquake that'll remain etched in memory. Structure damaged, but Buddha smiles in meditation. http…",infrastructure_and_utilities_damage,earthquake,Nepal,twitter
The Power of Business in Emergencies - Online Briefing on the Nepal Earthquake http://t.co/fG3YZBRAND,other_useful_information,earthquake,Nepal,twitter
US deploys new “military assets” to Nepal as death toll from earthquake grows - World Socialist Web Site http://t.co/nqwAGjGzPK #WarNews,injured_or_dead_people,earthquake,Nepal,twitter
BREAKING: Death toll in #Nepal's powerful #Earthquake rises to 711: home ministry #NepalQuake,injured_or_dead_people,earthquake,Nepal,twitter
@timesofindia @meaindia :Not only Indians but who ever wants shelter from Nepal migrants to be kept in rehabilitation camps.,displaced_people_and_evacuations,earthquake,Nepal,twitter
"@MaheshNBhatt RT @GlobalGiving: If you're trying to locate friends and family in Nepal, try (cont) http://t.co/v3vqnEy8TB",missing_trapped_or_found_people,earthquake,Nepal,twitter
RT @ChannelNewsAsia: .@teocheehean with Singapore's Ghurka contingent this morning for #NepalEarthquake briefing http://t.co/HqwCTWIKy6 htt…,other_useful_information,earthquake,Nepal,twitter
"RT @CBCAlerts: #Nepal police official says at least 2,152 confirmed dead in earthquake. Aftershock rattles #Kathmandu: http://t.co/uc9lsu77…",injured_or_dead_people,earthquake,Nepal,twitter
'Eight million' hit by Nepal quake http://t.co/k4HNt0Yp9s Eight million people were affected by the Nepal earthquake and 1.4m are in need…,injured_or_dead_people,earthquake,Nepal,twitter
It's been more than 48 hours now. I wonder how many of the trapped people are alive in the Nepal earthquake,missing_trapped_or_found_people,earthquake,Nepal,twitter
Remorseful due to the loss of lives and properties in Nepal 4 d disastrous Earthquake.Greatly relieved 4 d proactive actions taken by PM.,injured_or_dead_people,earthquake,Nepal,twitter
"RT @ibnlive: #NepalQuake: Kathmandu airport is now open; Was closed following massive earthquake: Deep Kumar Upadhyay, Nepal's ambassador t…",other_useful_information,earthquake,Nepal,twitter
Latest pics by @ANI_news #earthquake aftermath in #Kathmandu. #NepalEarthquake #IndiaWithNepal http://t.co/mjUJuHEvoM,infrastructure_and_utilities_damage,earthquake,Nepal,twitter
RT @TuttleSinger: Good news: Family of missing Israeli gets word he’s ok http://t.co/cNGDYqGFNE #NepalQuake #IsraelinNepal @IsraelMFA,missing_trapped_or_found_people,earthquake,Nepal,twitter
"RT @theOFDA: 30/75 districts in Nepal impacted by #NepalEarthquake, new map shows epicenter aftershocks http://t.co/upXg6SkP0p",infrastructure_and_utilities_damage,earthquake,Nepal,twitter
RT @carolineheldman: @USEMbassyNepal #American Beverly Brown Brooks+her group who were reported missing are safe! #Langtang #hope #Nepal,missing_trapped_or_found_people,earthquake,Nepal,twitter
#RIP sad to continue to hear of the increasing death toll in such a beautiful place  https://t.co/AVwJMVpyPa,injured_or_dead_people,earthquake,Nepal,twitter
‘Nepal earthquake: Health &amp; safety concerns top priority’ http://t.co/1iGU1bgLnp The current priority for aid groups working in Nepal is …,other_useful_information,earthquake,Nepal,twitter
"In Nepal, A Flood Of People Leave Capital To Return Home - http://t.co/yowy5O66Ez",displaced_people_and_evacuations,earthquake,Nepal,twitter
"10/48 the name of Ebola. You would be surprised to know that in the matter of a few days, about 800 people are dead.  These viruses #Nepal",injured_or_dead_people,earthquake,Nepal,twitter
RT @TimesNow: 37-year-old man pulled out alive by Indian search team 98 hours after earthquake struck Nepal (PTI),missing_trapped_or_found_people,earthquake,Nepal,twitter
RT @ani23021977: #NepalQuake my family is stucked In tato paani in Nepal name is Aditya bhargava and sanjay bhargava mobi no +9779801122921,missing_trapped_or_found_people,earthquake,Nepal,twitter
"“After massive 7.9 earthquake, commercial flights to Kathmandu put on hold http://t.co/0hfJ0ms9a7 http://t.co/gyvohqJp9w”",other_useful_information,earthquake,Nepal,twitter
Nepal officials say death from #earthquake has reached at least 688 . help Nepal for Saving Humanity Lives  may God save the people of Nepal,injured_or_dead_people,earthquake,Nepal,twitter
RT @paulocoelho: Updates on Nepal Earthquake |&gt; @PCoelho_Nepal,other_useful_information,earthquake,Nepal,twitter
Did you know Seismographs near Charlotte were able to detect vibrations from #NepalEarthquake? More at 10:14. http://t.co/loDCEp4my2,other_useful_information,earthquake,Nepal,twitter
"RT @d_arymami: CNN: Earthquake slams Nepal; devastating loss of people, history http://t.co/BdQLFfkBY9",injured_or_dead_people,earthquake,Nepal,twitter
"RT @abhijitmajumder: Nepal PM Sushil Koirala and intelligence chief have been apprised of Pakistan sending beef as quake relief, an interna…",other_useful_information,earthquake,Nepal,twitter
RT @Lara_Miller: 130 KM from Kathmandu coming from #Pokhara. Road is 100% clear. Lots if devastation in villages tho. #NepalEarthquake,other_useful_information,earthquake,Nepal,twitter
RT @WXXINews: A magnitude 6.7 aftershock rumbles Katmandu; death toll rises. http://t.co/9Uvj9fleU5,injured_or_dead_people,earthquake,Nepal,twitter
Nepal Earthquake Drone Footage Gives Bird's Eye View of Destruction - Wall Street Journal (blog) http://t.co/Hg1YQeCsGq #drone #rpv #uav,infrastructure_and_utilities_damage,earthquake,Nepal,twitter
RT @landward_rsrch: RT British archeologist 'terrified' after narrowly escaping death in Nepalese earthquake @Telegraph @UofYArchaeology ht…,missing_trapped_or_found_people,earthquake,Nepal,twitter
"RT @cnnbrk: Man pulled alive from rubble Thursday, 5 days after massive Nepal earthquake, in which more than 5,500 people died.",displaced_people_and_evacuations,earthquake,Nepal,twitter
RT @UNWomenAust: 3.2 million women &amp; children are affected. Support UN Women’s relief efforts in #Nepal. https://t.co/73od9Urfs7 http://t.c…,other_useful_information,earthquake,Nepal,twitter
RT @emilyrauhala: #NepalQuake: #Tibet also hit hard. China Daily reports 70% of buildings in Nyalam County damaged. (Foreign press barred f…,infrastructure_and_utilities_damage,earthquake,Nepal,twitter
"RT @msnindia: RT @BT_India: SpiceJet says full refund, re-scheduling for #Kathmandu flights #earthquake http://t.co/QTTab4hLN2",other_useful_information,earthquake,Nepal,twitter
Nepal is not the big one: Next Himalayan earthquake maybe closer to home… http://t.co/SRD3x3wJGp #News http://t.co/cEdCUgmTxS,other_useful_information,earthquake,Nepal,twitter
RT @GlobalBC: 5 facts about the #Nepal earthquake http://t.co/RqVBnOUdHY,other_useful_information,earthquake,Nepal,twitter
RT @JantaKaReporter: Private and govt schools in UP to remain closed on 27th &amp; 28th April as a precautionary measure for earthquakes. #Nepa…,other_useful_information,earthquake,Nepal,twitter
RT @worksonmypc: Still getting details on the #NepalEarthquake about the location and safety of my team.,other_useful_information,earthquake,Nepal,twitter
RT @ReachOutWW: UPDATE FROM THE FIELD: Our team has landed in Nepal and secured a location for base camp in a town outside of... http://t.c…,other_useful_information,earthquake,Nepal,twitter
RT @Raheelk: The death toll in #NepalQuake could cross 10'000 with millions homeless. We need to scale up the relief effort. RT. http://t.c…,injured_or_dead_people,earthquake,Nepal,twitter
RT @USEmbassyNepal: Here's a list of NGOs Responding to #NepalEarthquake http://t.co/FT3ctjpxT4 via @CIDIoutreach #WeStandwithNepal http://…,other_useful_information,earthquake,Nepal,twitter
RT @PzFeed: Nepal Earthquake Victim Drank Own Urine to Survive 82 Hours in Rubble.  VIDEO: http://t.co/JDdIxUinki,other_useful_information,earthquake,Nepal,twitter
RT @snobers: #Nepal’s UNESCO heritage landmarks before &amp; After #NepalEarthquake 1. Maju Deval 2. Dharahara Tower #Kathmandu #quake http://t…,other_useful_information,earthquake,Nepal,twitter
@suman99644 @B_imger still manyshops are closed in many places.its not authentic.just a rumor only.ntc is most profit bearing Nepal.,other_useful_information,earthquake,Nepal,twitter
RT @CNNMoney: .@google executive killed in Nepal earthquake while hiking Everest http://t.co/nGIc7DmOEH via @DavidGoldmanCNN http://t.co/Gp…,injured_or_dead_people,earthquake,Nepal,twitter
"RT @NatGeo: Nepal quake triggers avalanche at Mt. Everest, killing 18 and turning Base Camp into a ""war zone"": http://t.co/XyV5Fydx0k",injured_or_dead_people,earthquake,Nepal,twitter
"'Pranksters' Record First 18 Minutes of Deadly Nepal Earthquake: On Saturday, 'The Nepali Pranksters' were sho... http://t.co/de5Q6gWr9a",infrastructure_and_utilities_damage,earthquake,Nepal,twitter
RT @sofiahsan: No casualty of Kashmiris reported so far due to earthquake in Nepal. All the Kashmiri shopkeepers and tourists in Kathmandu …,injured_or_dead_people,earthquake,Nepal,twitter
RT @Nepal_PM_Fund: List of banks in Nepal that are functioning. #Nepalquakerelief #nepalquake @NEoCOfficial http://t.co/voBPg8ncxf,infrastructure_and_utilities_damage,earthquake,Nepal,twitter
"Nepal quake: NGO report had warned of damage, cited population growth http://t.co/fqRHO4X1Ii via @htTweets #Nepal #NGO",infrastructure_and_utilities_damage,earthquake,Nepal,twitter
"RT @firstpost: Hum pal, pal, Nepal ke saath hai: Amul's new advert tugs at your heartstrings http://t.co/55fQpva2B2 http://t.co/V0rHzwrk6Y",other_useful_information,earthquake,Nepal,twitter
Numbers of those lost in Nepal Earthquake climb to 5000. #NepalEarthquake #nepal  http://t.co/yObhbMrdN0,missing_trapped_or_found_people,earthquake,Nepal,twitter
"RT @NrnShrestha: Mainstream news r covering mostly Kathmandu, badly needed updates from rural villages #NepalEarthquake",other_useful_information,earthquake,Nepal,twitter
"RT @eBama: Keep in Mind,No One Is More Powerful Than Mother Nature #NepalEarthquake  #earthquake  Stay safe #Nepal http://t.co/D5Ko8kMuWa",other_useful_information,earthquake,Nepal,twitter
RT @pakhead: Leaving for Kathmandu on TG319 now. So looks like airport is open for normal flights for the moment.,other_useful_information,earthquake,Nepal,twitter
Gay families retrieved from Nepal quake zone; Northern Ireland rejects gay marriage again; Supreme Court begins... http://t.co/Ed9VK5UhhL,displaced_people_and_evacuations,earthquake,Nepal,twitter
"RT @Oxfam: #NepalEarthquake now +2,000 deaths, aftershocks are “continuous” &amp; “getting stronger"" http://t.co/oiLVRZVrUy AP Photo http://t.c…",injured_or_dead_people,earthquake,Nepal,twitter
"RT @vijaita: Reporting from Kathmandu, the clock says it all.....earthquake struck at 11.58 am local time @IndianExpress http://t.co/JDw7ke…",other_useful_information,earthquake,Nepal,twitter
Nepal earthquake: Super jets Globemaster and Super Hercules prove their worth in gold: India inducted the expe... http://t.co/sk36TQQQuL,other_useful_information,earthquake,Nepal,twitter
"RT @EFFCharity: PLEASE RT... Children are in danger following the #Nepal earthquake, please support @Unicef_UK to provide urgent help http:…",other_useful_information,earthquake,Nepal,twitter
"RT @Thekkapoor: T 945 - @juniorbachchan @SrBachchan sir. Once again guys, here are the contact numbers for Nepal, #RT #earthquake http://t.…",other_useful_information,earthquake,Nepal,twitter
RT @drsanjaygupta: good morning from #kathmandu --- long lines waiting for gas. #nepalquake @cnn http://t.co/xN6jEWCfUX,other_useful_information,earthquake,Nepal,twitter
The 7.8-magnitude quake hit Nepal on Saturday destroying buildings in Kathmandu and severely affecting rural areas across the region.,infrastructure_and_utilities_damage,earthquake,Nepal,twitter
RT @Keisar_: Two types of vultures out on the prowl in the wake of #NepalEarthQuake  1. Indian Journalists. 2. Christian Missionaries. Caut…,other_useful_information,earthquake,Nepal,twitter
A four-month-old baby miraculously survived the #NepalEarthquake was pulled alive.He s fine nw Salute to Rescue team. http://t.co/nbeqAKbB5q,missing_trapped_or_found_people,earthquake,Nepal,twitter
RT @TimesNow: Delhi Metro services hit due to the #NepalEarthquake https://t.co/HBgJhGbiKK,infrastructure_and_utilities_damage,earthquake,Nepal,twitter
RT @PranavKulkarni: One IAF C130 J with NDRF personnel takes off to Kathmandu from Hindon airbase @IndianExpress (photo: Lockheed Martin) h…,other_useful_information,earthquake,Nepal,twitter
"RT @UNOCHA: Latest information, materials, facts and figures on the #NepalQuake in one place: http://t.co/Ho4ohrgcwB http://t.co/6aS6PhZ6TI",other_useful_information,earthquake,Nepal,twitter
"RT @AnupKaphle: All schools and educational institutions shall remain closed for five days in all affected districts, Information Minister …",other_useful_information,earthquake,Nepal,twitter
"Hatesup to Indian Airforce. We are  proud of our defence forces whether it is ground military , airforce or navy. https://t.co/FqTkmDp5Q1",other_useful_information,earthquake,Nepal,twitter
"""Nepal earthquake death toll rises to 3,726, with at least 6,500 injured, Nepalese police spokesman says."" via @cnnbrk",injured_or_dead_people,earthquake,Nepal,twitter
"@Sampada_KC Hi Sampada, check the link following regarding this&gt; http://t.co/075h6Rq5yV. (1 of 1)",other_useful_information,earthquake,Nepal,twitter
RT @Ruptly: EMERCOM prepares for mission to #NepalEarthquake zone http://t.co/KUMsSEm2oO,other_useful_information,earthquake,Nepal,twitter
"DNA Nepal finds hero in doctor who carried on operation during earthquake: Ram Prasad Sapkota, the doctor from... http://t.co/DIGOOmwSxx",other_useful_information,earthquake,Nepal,twitter
RT @OCHAAsiaPac: #NepalQuake: Aftershocks continue to pose a threat. #Earthquake-affected areas could be at risk to landslides. http://t.co…,other_useful_information,earthquake,Nepal,twitter
RT @swaroopvaidya78: MOS Kirren Rijiju says Prime Minister is Personally Monitoring from d Top on #Nepal Relief Operations &amp; taking Min2Min…,other_useful_information,earthquake,Nepal,twitter
"#Dauris #Payano.''♥ The Latest on Nepal Quake: Death Toll 4,438 in 3 Countries: Experts say major... http://t.co/bCWONc1T8C #LOVE_MANITO",injured_or_dead_people,earthquake,Nepal,twitter
"BBC News - Nepal earthquake: More than 100 dead, many injured http://t.co/BDIwZ3nZC8",injured_or_dead_people,earthquake,Nepal,twitter
"Can't believe it. I've hardly seen any coverage been so busy but #Nepal Quake Death Toll Could Reach 10,000 that's shocking! So so sad ὡ5",injured_or_dead_people,earthquake,Nepal,twitter
"RT @ScoopWhoop: Aftershocks cause more terror as Nepal quake death toll increases to 2,300. #EarthquakeAgain",injured_or_dead_people,earthquake,Nepal,twitter
"The Latest on Nepal Quake: Death toll 4,438 in 3 countries: 9.00 a.m. (0315 GMT) http://t.co/ZABV0CGb8I #BreakingNews",injured_or_dead_people,earthquake,Nepal,twitter
RT @insan_vicky: very bad News of this time.. And now Dera Sacha Sauda Stand with all victims people of Nepal #MSGHelpEarthquakeVictims,injured_or_dead_people,earthquake,Nepal,twitter
"RT @Su4ita: Amidst all the chaos, please keep sharing stories of people who have been FOUND in Nepal. Hausla badhega, aur kuch nahi toh.",missing_trapped_or_found_people,earthquake,Nepal,twitter
#Nepal #earthquake injured mountaineers choppered off #Everest https://t.co/BvTSX8JwRF,injured_or_dead_people,earthquake,Nepal,twitter
"Hi @acharya_saugat, we detected a M5.6 earthquake at 23:16 UTC (19m, 8s ago) in Kirtipur, Nepal. Did you feel it?",other_useful_information,earthquake,Nepal,twitter
"@SundusRasheed I have sent you a message on Facebook along with Devina Shrestha, my contact in Nepal. Kindly respond. They are waiting..",other_useful_information,earthquake,Nepal,twitter
RT @tariksalama: Extraordinary video of a turkish tourist of #NepalEarthquake #Kathmandu #Nepal  https://t.co/V6063zgRmZ http://t.co/v2Mnft…,other_useful_information,earthquake,Nepal,twitter
RT @channelislam: Breathtaking pictures of #NepalEarthquake devastation courtesy @Alimdaad http://t.co/R0A1pQDYlJ,other_useful_information,earthquake,Nepal,twitter
"4000+ people dead from the earthquake in Nepal and we have people looting CVS in America.   Hello handbasket...wait, where are we going?",injured_or_dead_people,earthquake,Nepal,twitter
"RT @AwraqPublishing: #NepalQuake latest: Nepalese dig for survivors as toll exceeds 2,200 http://t.co/LYjotM93Kh",injured_or_dead_people,earthquake,Nepal,twitter
RT @vikatan: #NepalEarthquake Indian Embassy in Nepal emergency contact numbers are 009779851107021 &amp; 009779851135141,other_useful_information,earthquake,Nepal,twitter
"Nepal Earthquake Toll Could Reach 10,000, Government on 'War Footing': PM Sushil Koirala: The death toll in Ne... http://t.co/gQsxLBS1jb",injured_or_dead_people,earthquake,Nepal,twitter
"RT @veterantraveler: Learn the story behind ""Search and Rescue Nepal"" and help us meet our goal. @indiegogolife http://t.co/JIpGssBOJq",other_useful_information,earthquake,Nepal,twitter
"RSAF planes evacuate 89 S’poreans, PRs from Kathmandu | TODAYonline http://t.co/CnSbrRZnIU",displaced_people_and_evacuations,earthquake,Nepal,twitter
RT @MedairInt: #NepalQuake: Watch this update from our emergency response team as they prepare to leave for #Nepal. http://t.co/LrEC6APhFN,other_useful_information,earthquake,Nepal,twitter
RT @TorontoStar: Nepal Earthquake Baby Rescued http://t.co/Alx81gL65o #photos,missing_trapped_or_found_people,earthquake,Nepal,twitter
Nepal's Stories of Loss Include a Mother Pulling Out Her Young Children's Bodies #Nepal #Mt Everest #Eartquake http://t.co/4C6GNvl1k9,other_useful_information,earthquake,Nepal,twitter
"RT @yumikoono: Cremation in Nepal. “Losing you has turned my heart to stone,” chants a farmer http://t.co/nxHOjqTYYx http://t.co/9JkBE3sKB9",other_useful_information,earthquake,Nepal,twitter
RT @ANI_news: Nepal: IAF suspends rescue ops temporarily due to bad weather conditions #NepalEarthquake,other_useful_information,earthquake,Nepal,twitter
"RT @MEAIndia: State helplines for #NepalEarthquake  T'gana:- 09650990016, 040- 23454088 Andhra Pradesh: 011-23385016. NDMA 01126701728/ 29 …",caution_and_advice,earthquake,Nepal,twitter
"RT @ANI_news: Gen Dalbir Suhag talked to Nepal army chief yesterday,decided how OPS ‘maitri’ shud be launched:Shaukeen Chauhan(addl.DG,Publ…",caution_and_advice,earthquake,Nepal,twitter
"Nepal economy shattered by quake, recovery to take years (from @AP) http://t.co/N1wgLVcg7t",other_useful_information,earthquake,Nepal,twitter
RT @ReachOutWW: Watch E! News RIGHT NOW to catch our very own @codywalkerroww's interview! #Nepal #Game4Paul #ReachOutWorldWide http://t.co…,other_useful_information,earthquake,Nepal,twitter
"Briton among Nepal quake dead: A Briton living overseas is among more than 5,000 who died in the Nepal earthquake, the Foreign Office...",injured_or_dead_people,earthquake,Nepal,twitter
"“I came to know about Earthquake through Modi twitter account while in Bangkok airport. We called Nepal and got updates regularly"" Koirala",other_useful_information,earthquake,Nepal,twitter
"RT @MalteserInt: Ingo Radtke, Malteser International Secretary General on our first response to the devestating #NepalEarthquake https://t.…",other_useful_information,earthquake,Nepal,twitter
"RT @SkyNewsBreak: Nepal's Prime Minister Sushil Koirala says the number killed in the #NepalEarthquake could reach 10,000",injured_or_dead_people,earthquake,Nepal,twitter
RT @TheWorldStories: People try to free a man from the rubble of a destroyed building after 7.9 magnitude earthquake in Nepal http://t.co/N…,missing_trapped_or_found_people,earthquake,Nepal,twitter
"RT @Ostrov_A: Wow @RaniaKhalek is one sick, demented, hateful anti-Semite! https://t.co/wp2frE5EU0. cc: @UKMediaWatch @HenMazzig @elderofzi…",injured_or_dead_people,earthquake,Nepal,twitter
"marcelle42: goldleaf-neonsigns: about the earthquake in nepal (it happened today, april 25, and was... http://t.co/m6HJeBT1bP",other_useful_information,earthquake,Nepal,twitter
Dhungana family moved from Nepal 7 mnth ago. Family are okay but an orphan who lived with them is not. #cbcwdr http://t.co/izx7kUHCP2,injured_or_dead_people,earthquake,Nepal,twitter
RT @LuthWorldRelief: #Photos from the #NepalQuake on @CNN: http://t.co/qyKG1qw95H #NepalEarthquake,other_useful_information,earthquake,Nepal,twitter
"@SrBachchan @chule420vezza Thru Nepal Red cross will be right path, sir",caution_and_advice,earthquake,Nepal,twitter
RT @DDNewsLive: #NepalEarthquake update: over 800 killed | #NDMA #Helpline No. for missing persons 011-26701728/ 29 Mob-9868891801 http://t…,injured_or_dead_people,earthquake,Nepal,twitter
RT @AmericanLeprosy: Aftershocks. Airport closed. No power. No water. We are providing relief through our partner hospital. Thanks for pray…,infrastructure_and_utilities_damage,earthquake,Nepal,twitter
"RT @cnnbrk: Death toll from the quake that struck Nepal four days ago has increased to 5,006, Nepalese officials say. http://t.co/av7aY9VQXU",injured_or_dead_people,earthquake,Nepal,twitter
"RT @LiaqatAli2015: 5/48 recovered and still, 12 are missing. Furthermore, ISIS is killing people every day. Yesterday, I saw a photograph o…",missing_trapped_or_found_people,earthquake,Nepal,twitter
RT @CMOfficeUP: '@UPGovt is sending 25 buses today for evacuation in Nepal.More buses will be sent as demand arises'- #UPCM @yadavakhilesh,displaced_people_and_evacuations,earthquake,Nepal,twitter
"RT @AP: Latest on Nepal quake: Police say 449 dead, including 181 in Kathmandu: http://t.co/DVz0I49IcL",injured_or_dead_people,earthquake,Nepal,twitter
Blackmarketing and corrupt govt in this scary situation of Nepal.. shameful ..These ppl should be hanged to death.,other_useful_information,earthquake,Nepal,twitter
RT @Mandakinigahlot: Does anyone know if the @MSF inflatable hospital has arrived in #Kathmandu as yet? @VidyaKrishnan @MSF_Ind @MSF_USA,other_useful_information,earthquake,Nepal,twitter
Israeli paramedics in Nepal: ‘Houses just vanished’ http://t.co/R3KxN9V1NI via @timesofisrael,infrastructure_and_utilities_damage,earthquake,Nepal,twitter
"RT @ivrpa: Pre 2015 Earthquake Panoramas from Kathmandu, Nepal http://t.co/ndhZXWeXrk✓&amp;query=Kathmandu http://t.co/sADrbncPua",other_useful_information,earthquake,Nepal,twitter
"RT @BreakingNews: More than 100 people killed in powerful Nepal earthquake, say government officials and police - @BBCNews http://t.co/1FiK…",injured_or_dead_people,earthquake,Nepal,twitter
Somerville Couple Survives Nepal Earthquake http://t.co/oUOupCSTA2,other_useful_information,earthquake,Nepal,twitter
"RT @noorabaloch2: Base camp sherpas running down the mountain, not even stopping in Lobouche! #Everest #NepalQuake http://t.co/NuL3UgIBlS",other_useful_information,earthquake,Nepal,twitter
"RT @Medo4Gaza: Death toll in #Nepal already passed 1450 due to earthquake, prayers with victims http://t.co/EYRaIM49Qr",injured_or_dead_people,earthquake,Nepal,twitter
India's Under-14 Girls Football Team Stuck in Nepal Due to Earthquake: Eighteen members of India's Under-14 gi... http://t.co/d9jD4lSieK,missing_trapped_or_found_people,earthquake,Nepal,twitter
Watch Shocking: The first 18 minutes after quake hit Nepal  Click here to Watch --&gt;&gt; http://t.co/RVxKtoMnyM http://t.co/qJ3j3OL3KT ...#53,other_useful_information,earthquake,Nepal,twitter
RT @livemint: Explained: The #Nepal earthquake and why more can be expected in the future http://t.co/UakKgEg4UO http://t.co/DhzuaZ6vVS,other_useful_information,earthquake,Nepal,twitter
Nepal earthquake: Unconfirmed reports non-UK resident British national killed: Foreign Office is looking into unconfirmed reports a n...,injured_or_dead_people,earthquake,Nepal,twitter
"RT @DirectRelief: Via @nprnews: Nepal, Before The Earthquake Struck: A Photographer's Portfolio http://t.co/PPDt7DDVEl",other_useful_information,earthquake,Nepal,twitter
"RT @kundadixit: #NepalQuake Day 3 Update Aftershocks subside, but huge need for rescue, relief. http://t.co/EroGtuYnBh http://t.co/vlIogfoQ…",other_useful_information,earthquake,Nepal,twitter
RT @sujanchitrakar: we were so unprepared for this and it happened. fingers crossed that it won't rain but the dark clouds are here to stay…,other_useful_information,earthquake,Nepal,twitter
Powerful Earthquake Kills Hundreds In Nepal http://t.co/BayjIW7eFY,injured_or_dead_people,earthquake,Nepal,twitter
RT @UKEQ_Bulletin: One #aftershock at 02:59 NST struck within 10 miles of #Kathmandu ; further quakes could be up to M5 in same area http:/…,other_useful_information,earthquake,Nepal,twitter
"RT @cnnbrk: #NepalQuake death toll tops 1,400, according to Nepal's National Emergency Operation Center. http://t.co/w3DV9S1oqD http://t.co…",injured_or_dead_people,earthquake,Nepal,twitter
RT @AmitGDaga: Nepal is just like a additional part of India and India can never let it down in its biggest tragedy so far. Unlike China. #…,other_useful_information,earthquake,Nepal,twitter
***Art*** Morning Links: Earthquake in Nepal Edition: The earthquake that hit Nepal’s Kathmandu Valley on ... http://t.co/ZMkQjRx9bi ***,other_useful_information,earthquake,Nepal,twitter
"RT @cnni: BREAKING: At least 2,263 killed, 4,647 injured after #Nepalquake and aftershocks, Home Affairs spokesman tells CNN: http://t.co/f…",injured_or_dead_people,earthquake,Nepal,twitter
Footage shows the moment the devastating quake shatters Nepal:  CCTV footage has emerged of the moment a devas... http://t.co/0K6MyaHcIJ,infrastructure_and_utilities_damage,earthquake,Nepal,twitter
RT rubenmasc: So what does MrsGandhi have to say to RSS Idealogue Hosabele confirming that RSS Teams havent gone to Nepal?! Pics tweeted by…,other_useful_information,earthquake,Nepal,twitter
"PlanGlobal: Watch PlanGlobal davtox on CNN in ten minutes, discussing #NepalEarthquake and Plan's response from the stranded plane to Kathm…",other_useful_information,earthquake,Nepal,twitter
#nepalquake Many people in Dhunche.Haven't see any helicopter since Sunday in the morning. Please inform that we are here.,missing_trapped_or_found_people,earthquake,Nepal,twitter
RT @shekharkapur: What an awaful tragedy #NepalEarthquake  https://t.co/5UsuBO2Ab4,other_useful_information,earthquake,Nepal,twitter
http://t.co/X2qKYBihkj Missing Newry earthquake man 'alive': A County Down man reported missing in Nepal after an earthquake is alive...,missing_trapped_or_found_people,earthquake,Nepal,twitter
#Everest more than 100 climbers stuck in camp 1 and camp 2 awaiting rescue.! #NepalQuake #NepalEarthquake,missing_trapped_or_found_people,earthquake,Nepal,twitter
"RT @SamaritansPurse: Team members from @samaritanspurse U.S., @SPCanada and @SamsPurseUK are enroute to help victims of #NepalEarthquake",other_useful_information,earthquake,Nepal,twitter
adaderana: Nepal earthquake- SLAF flight departs Kathmandu  #lka #srilanka:    Ada Derana  @adaderana     :Nep... http://t.co/tfZSpGe25R,other_useful_information,earthquake,Nepal,twitter
RT @timesofindia: #Earthquake pictures from Nepal. http://t.co/yrmnWgK10P,other_useful_information,earthquake,Nepal,twitter
"Google engineer dies in Everest avalanche after Nepal quake: Dan Fredinburg, an engineer in Google's Project X... http://t.co/PlW69GjDzA",injured_or_dead_people,earthquake,Nepal,twitter
"RT @ibnlive: #NepalQuake | LIVE: At least 58 killed, 237 injured in earthquake in India http://t.co/TwvDTQum1d",injured_or_dead_people,earthquake,Nepal,twitter
RT @BJPsudhanRSS: Everyone there was appreciating the Indian Government: MJ Akbar on being rescued from Nepal #earthquake http://t.co/Tss62…,missing_trapped_or_found_people,earthquake,Nepal,twitter
RT @Lisaoldschmit: @Ramdog1980 Before and After Photos of Nepal Show the Effect of a Deadly Earthquake http://t.co/A1nxrC93yo,infrastructure_and_utilities_damage,earthquake,Nepal,twitter
@NeoBlackFolks How To Make Free Calls To And From Nepal: After the devastating earthqu... http://t.co/JmgHYvXa1w #NeoBlack.Com,caution_and_advice,earthquake,Nepal,twitter
RT @EconomicTimes: #Facebook activates #SafetyCheck for people affected by #NepalQuake: http://t.co/bdFuKV5cjw,other_useful_information,earthquake,Nepal,twitter
RT @1alexcam: #Nepal #earthquake⏩ Horrific scenes in #Pokhara http://t.co/ApBEHyqk9K #NepalQuake #NepalQuakeRelief #NepalEarthquake #Quake …,other_useful_information,earthquake,Nepal,twitter
"RT @firstpost: 50,000 pregnant women likely affected by Nepal earthquake: UN http://t.co/WEWnkLlsdD",displaced_people_and_evacuations,earthquake,Nepal,twitter
"""Time of the essence"" for Nepal victims says UN in $415 million appeal http://t.co/lvr6FZt9ET",other_useful_information,earthquake,Nepal,twitter
RT @SlimKreamShake: RT TO SHOW AWARENESS #PrayForNepal http://t.co/X8ayMervjk,other_useful_information,earthquake,Nepal,twitter
RT @DrJwalaG: I m proud 2 post this #Salute2IndianForces post Yemen its Nepal !serving at the risk of their lives #NepalEarthquake http://t…,other_useful_information,earthquake,Nepal,twitter
"4/48 children. At Clifton Beach in Karachi, people were swimming and they were swept by waves. At least 45 bodies have been #Nepal",injured_or_dead_people,earthquake,Nepal,twitter
"RT @adgpi: 04 IAF MI 17 Hepters took off for rescue to Dhadind, Charikot, Chatauran &amp; Gorkha #NepalEarthquake",other_useful_information,earthquake,Nepal,twitter
RT @rsprasad: All phone calls from #India to #Nepal made by any #BSNL or #MTNL phone shall be charged at local rates &amp; not at ISD rates. #N…,other_useful_information,earthquake,Nepal,twitter
"#NepalEarthquake: @facebook's ""Safety Check for #Nepal"" https://t.co/2EC4OtQEDn &amp; @google's ""Person Finder"" https://t.co/zEiQxsQ25A. Plz RT.",other_useful_information,earthquake,Nepal,twitter
"RT @BobThurman: Terrible earthquake in Nepal, thousands gone, tens of thousands more injured and devastated. Let's everyone pray... http://…",injured_or_dead_people,earthquake,Nepal,twitter
"RT @Roy_Journo: ShubhamPrabhakar(front) was last in #Nepal.My jr. frm school,any info about him pls. contact 8197247205. Kindly RT. http://…",missing_trapped_or_found_people,earthquake,Nepal,twitter
RT @Mapbox: Watching the map improve as the team is editing in Nepal live @openstreetmap: https://t.co/aquKVrkr1d via @geohacker http://t.c…,other_useful_information,earthquake,Nepal,twitter
"RT @kathmandupost: A woman helps her son get across a crack caused by Saturday's #Nepalquake at Lokanthali, Bhaktapur. http://t.co/1Vj5uNh8…",other_useful_information,earthquake,Nepal,twitter
#RG fishing for votes politicking on #LAB when world is helping #NepalEarthquake victims! This completes Congis' disconnect! #RGPunjabVisit,other_useful_information,earthquake,Nepal,twitter
RT @decappeal: 3500+ killed in #Nepal's deadliest earthquake for more than 80 years. Please give via http://t.co/r3o1X0I5Wd #NepalQuake #Ch…,injured_or_dead_people,earthquake,Nepal,twitter
Nepal Earthquake: Footage of Everest Avalanche Hits YouTube - Hollywood Reporter http://t.co/Bbkznxi1zR #Youtube,other_useful_information,earthquake,Nepal,twitter
"In Kathmandu Valley, earthquake-hit Nepalis fend for themselves: In the lush Dhading farming district 80 km (5... http://t.co/RByPPdx6UF",other_useful_information,earthquake,Nepal,twitter
RT @psaffo: Vast tragedy in Nepal - but plight of a few hundred Everest tourist climbers leads news on CNN and BBC #stayoffeverest,missing_trapped_or_found_people,earthquake,Nepal,twitter
RT @CONCORD_Europe: @Dochasnetwork : Nepal Earthquake: Lessons learnt from responding to earthquakes http://t.co/v0u5tNKZ20,other_useful_information,earthquake,Nepal,twitter
"RT @smitaprakash: ANI reporting from Nepal. People stayed awake all night, on the streets, all due to aftershocks. https://t.co/aLPuUQDtfS",other_useful_information,earthquake,Nepal,twitter
After 5 days on #Nepal earthquake .. boy recovered from under the rubble and he is alive http://t.co/xxUSobBEQg,missing_trapped_or_found_people,earthquake,Nepal,twitter
#NEPALQUAKERELIEF: UBERAID IS ARRIVING NOW https://t.co/ZfkHKpg1Jf,displaced_people_and_evacuations,earthquake,Nepal,twitter
RT @orbitlawpllc: TPS for #Nepal introduced in US Congress today...stay tuned for updates!,other_useful_information,earthquake,Nepal,twitter
"Fearing for Families After Nepal Quake, Thousands Return to Isolated Villages: Across the countryside outside ... http://t.co/HveArg4MuS",displaced_people_and_evacuations,earthquake,Nepal,twitter
I hope all these amazing temples I've visited can be rebuilt and the casualties are minimal. The world loves you Nepal :) #NepalEarthquake,other_useful_information,earthquake,Nepal,twitter
RT @501Awani: [LATEST] Nepal Quake: Avalanche killed 22 so far and 167 mountaineers still reported missing at Mount Everest - Indian Army O…,injured_or_dead_people,earthquake,Nepal,twitter
RT @ShaheenX: #Nepal earthquake: a disaster waiting to happen. My blog on Huffington Post on the reasons why &amp; the challenges ahead http://…,other_useful_information,earthquake,Nepal,twitter
"RT @HuffingtonPost: Tired of waiting for aid, thousands in Nepal's capital flee the city for the surrounding plains http://t.co/1C3GErMitV",missing_trapped_or_found_people,earthquake,Nepal,twitter
RT @bbcle: #Vocabulary you might find in a story about the earthquake in Nepal #learnenglish #elt http://t.co/QZx8urcII5,other_useful_information,earthquake,Nepal,twitter
"RT @RajivMessage: .Under the guise of 'rebuilding Nepal', China plans to further colonize it at India's expense.",other_useful_information,earthquake,Nepal,twitter
I added a video to a @YouTube playlist http://t.co/UidSxZC6Lj Building Collapses After Nepal Earthquake 2015 RAW FOOTAGE,infrastructure_and_utilities_damage,earthquake,Nepal,twitter
RT @bernamadotcom: Emergency declared in Nepal with latest death toll reaching 675 - Nepali official,injured_or_dead_people,earthquake,Nepal,twitter
Rescue crew pulls survivor from rubble 5 days after Nepal quake - Quake survivor drank urine while trapped in ...  http://t.co/CW6fmOwSHO,missing_trapped_or_found_people,earthquake,Nepal,twitter
"RT @FocusNewsIndia: #NepalQuake | Casualties in #Bihar reported at 46, 13 in #UP, 2 in #WestBengal &amp; 1 in #Rajasthan: LC Goel (Pic:ANI) htt…",other_useful_information,earthquake,Nepal,twitter
"RT @YahooNews: Death toll in massive Nepal earthquake has reached at least 906, police say http://t.co/ZbucYagG43",injured_or_dead_people,earthquake,Nepal,twitter
4 Month Old Baby Found Alive After 4 Days Under Nepal Earthquake Rubble http://t.co/KOXrLBiQuS,missing_trapped_or_found_people,earthquake,Nepal,twitter
"RT @HeadlinesToday: #NepalEarthquake: To get a better idea of the damage caused, watch these images taken from an unmanned drone http://t.c…",other_useful_information,earthquake,Nepal,twitter
RT @the_hindu: The world’s strongest #earthquakes since 1900 #NepalEarthquake http://t.co/w3OBD5Dd0t,other_useful_information,earthquake,Nepal,twitter
"RT @AC360: .@drsanjaygupta doesn’t just report on overwhelmed #Nepal hospital, he treats survivors: http://t.co/k0d9m5htkQ http://t.co/06Lf…",other_useful_information,earthquake,Nepal,twitter
RT @STcom: #NepalEarthquake: Out-of-towners unable to leave Kathmandu Valley due to lack of vehicles http://t.co/uZ59tI1NiM http://t.co/0SO…,displaced_people_and_evacuations,earthquake,Nepal,twitter
RT @jouljet: Views Of The Himalayas http://t.co/UfSJT5X3vD #Nepal #travel #ttot,other_useful_information,earthquake,Nepal,twitter
"Nepal Rescuers Struggle to Reach Quake Victims: As the third day of search-and-rescue operations began, Nepal’... http://t.co/ffvlPFIGSH",missing_trapped_or_found_people,earthquake,Nepal,twitter
2 aftershock until now siince this morninng..!! please stop it. #NepalEarthquake,other_useful_information,earthquake,Nepal,twitter
RT @AndrewDesjardin: Please share this photo. If you have any information I will pass it on to their families! #NepalEarthquake http://t.co…,missing_trapped_or_found_people,earthquake,Nepal,twitter
Traumatized. Still out of our homes. Scared and uncertain. #nepalstrong #NepalQuakeRelief http://t.co/AY3j9s5476,displaced_people_and_evacuations,earthquake,Nepal,twitter
"RT @seccathaholic: Wait? There was a devastating earthquake in Nepal with over 4,000 estimated dead? At least CNN knows it's important that…",injured_or_dead_people,earthquake,Nepal,twitter
RT @salokya: This house at durbarmarg may collapse any time. We are stopping ppl to go near by #EarthquakeNepal #NepalQuake http://t.co/TCr…,infrastructure_and_utilities_damage,earthquake,Nepal,twitter
"Nepal Weighs Monumental Losses: While Nepalese mourn the deaths of thousands from the earthquake, they are als... http://t.co/QCH3WQO4ee",injured_or_dead_people,earthquake,Nepal,twitter
#Nepal #Selfie – Modern Tragedy: Quake-Ravaged Nepal Tower a Site for Selfies – Social media is a… http://t.co/34D1EgeAn7 #News #account,other_useful_information,earthquake,Nepal,twitter
#android #LG 'Nature seems to be against us'; rain hampers Nepal rescue teams - Reuters UK http://t.co/L2mpCBczKz http://t.co/sIgBZRVoGM,other_useful_information,earthquake,Nepal,twitter
Earthquake Update: Nepal Quake Death Rises To 700,injured_or_dead_people,earthquake,Nepal,twitter
RT @Komal_Indian: List of doctors and hospitals in Nepal Please Share ! #NepalEarthquake http://t.co/wxGUbmIRkV,caution_and_advice,earthquake,Nepal,twitter
I added a video to a @YouTube playlist http://t.co/f6iNX7soeE 35 People From Belagavi Return Safely From Quake-hit Nepal,other_useful_information,earthquake,Nepal,twitter
RT @Anurag_Acharya: 28 hours and NP and NA still looking for survivors under the rubble at Tripureshwor #NepalQuake http://t.co/QDlMDnnNPi,missing_trapped_or_found_people,earthquake,Nepal,twitter
Nepal's architectural jewels destroyed http://t.co/XEulUnpH7y Many of the dozens of historic temples and other landmarks in Nepal's Kathm…,infrastructure_and_utilities_damage,earthquake,Nepal,twitter
RT @irinnews: Years of major #earthquake-s in #Nepal: 1255 1408 1681 1810 1833 1934 http://t.co/0qZK9oVDC5 http://t.co/gnmtYZ2RXf,injured_or_dead_people,earthquake,Nepal,twitter
RT @Aga_Atul: It's said that Modi has sent 200 Modi-fied media men to Nepal to propagate in his favour. What Nepali media says : http://t.c…,other_useful_information,earthquake,Nepal,twitter
RT @RITURATHAUR: #IndiawithNepal Kudos to Indian PM..  Super proud of him.. http://t.co/UCL6H5VL5F,other_useful_information,earthquake,Nepal,twitter
"Footage emerges of Nepal quake, Everest avalanche Video of the devastation wrought by a major earthquake on Kathma… http://t.co/gvj1DbAOkV",other_useful_information,earthquake,Nepal,twitter
"State Dept ""Confirm that 3 U.S. citizens died in Nepal on April 25. US expresses its deepest condolences to family &amp; friends of victims.""",injured_or_dead_people,earthquake,Nepal,twitter
"RT @AgentSaffron: Prime specimen of a #SoulVultures , feeding off the suffering of our brethren in Nepal http://t.co/NA7yY7W09Y",injured_or_dead_people,earthquake,Nepal,twitter
"RT @thekiranbedi: Japan is quake prone;buildings literally seen swinging,but not crashing. New tall buildings reconstructed in Nepal be wit…",other_useful_information,earthquake,Nepal,twitter
UAV technology is helping the search &amp; rescue mission #NepalEarthquake http://t.co/RKNKS3PIc6 #drone #UAV #tech #rescue #NepalQuakeRelief,other_useful_information,earthquake,Nepal,twitter
UK tour operator confirms one client dead in #Nepal #earthquake  http://t.co/v4AsURUHDS via @TravelMole,injured_or_dead_people,earthquake,Nepal,twitter
"Frantic search for Nepal quake survivors as toll tops 2,000 http://t.co/mHfGP8UFSb",missing_trapped_or_found_people,earthquake,Nepal,twitter
"RT @nepalitimes: After 82 hours,Rishi Khanal is pulled out alive from underneath fallen floors http://t.co/kKCiImlIau #NepalEarthquake http…",missing_trapped_or_found_people,earthquake,Nepal,twitter
See the moment a massive earthquake hits Kathmandu | AOL Features http://t.co/afSjylLkmO,other_useful_information,earthquake,Nepal,twitter
"After Nepal Earthquake, a Pile of Bodies and a Lost World: At Kathmandu's Bir Hospital, there is a long row of dead bodies lined up. ...",injured_or_dead_people,earthquake,Nepal,twitter
@AshishChowdhry sir Plz RT this tweet #NepalQuakeRelief https://t.co/F0xUePYzP3,other_useful_information,earthquake,Nepal,twitter
RT @IvanCNN: Aftershock in Kathmandu. One jolt felt like an artillery shell hit. Heard screaming from frightened people around the neighbor…,other_useful_information,earthquake,Nepal,twitter
RT @MailOnline: Obliterated Everest basecamp where at least 10 people were buried alive by avalanche after Nepal earthquake http://t.co/WXc…,injured_or_dead_people,earthquake,Nepal,twitter
Facebook Safety Check helps users locate loved ones in Nepal http://t.co/vZezvqXHmh via @Rowena__Lindsay,other_useful_information,earthquake,Nepal,twitter
"RT @cctvnews: #BreakingNews: Nepal quake death toll reaches 1,130: Police spokesman . http://t.co/4zwejC6act",injured_or_dead_people,earthquake,Nepal,twitter
"RT @decappeal: 10,000+ injured in #NepalQuake. £25 can provide clean water for 4 families for a month http://t.co/r3o1X0I5Wd http://t.co/s5…",injured_or_dead_people,earthquake,Nepal,twitter
"RT @BruceLeshan: Nepal quake: Hundreds dead, history crumbled. (from @AP) @wusa9  http://t.co/LMqRTk9NHe",injured_or_dead_people,earthquake,Nepal,twitter
RT @DevirupaM: Russian foreign ministry @mfa_russia thanks India for evacuating its nationals. #NepalEarthquake http://t.co/OgcawYbdls,other_useful_information,earthquake,Nepal,twitter
"RT @NBCNews: BREAKING: Major 6.7 magnitude aftershock hits Nepal, USGS says http://t.co/UTCCKm5Gmm",other_useful_information,earthquake,Nepal,twitter
China stands side by side with Nepal in time of woe: A massive earthquake shook Nepal at 2:11 pm Beijing time ... http://t.co/ttPoIlLQiw,other_useful_information,earthquake,Nepal,twitter
VIDEO #Nepal #Drone #Terremoto Incredible drone footage shows the scale of devastation in Nepal https://t.co/F3MZJ9bVTq vía @YouTube,infrastructure_and_utilities_damage,earthquake,Nepal,twitter
The fact that Bruce Jenner is trending more than the #FreddieGray protests and the Nepal earthquake is what's wrong with this world.,other_useful_information,earthquake,Nepal,twitter
RT @TimesNow: Large number of Indians and locals rescued after #NepalEarthquake. Operation Maitri stepped up. #IndiaWithNepal https://t.co/…,missing_trapped_or_found_people,earthquake,Nepal,twitter
RT @HariNYT: Damage in Nepal is massive. It will take long to recover out of this tragedy.,infrastructure_and_utilities_damage,earthquake,Nepal,twitter
RT @MelikaJinLA: Looking for my brother and his wife in #Nepal.Mt Everest bcamp.Any info helpful. PJ&amp;Neda Jahangiri.#NepalEarthquake http:/…,missing_trapped_or_found_people,earthquake,Nepal,twitter
RT @TestiFra: #Nepal #NepalEarthquake 10.000 vittime,other_useful_information,earthquake,Nepal,twitter
RT @timwright_leeds: Quick interpretation of of 1st #Sentinel1 interferogram for Nepal quake (from http://t.co/NK7Pb11ohR)  #NepalEarthquak…,other_useful_information,earthquake,Nepal,twitter
Nepal quake toll tops 5000 as aid reaches area near epicentre - The Hindu,injured_or_dead_people,earthquake,Nepal,twitter
RT @AJordanGordon: #Everestbasecamp #NepalEarthquake #Everest 100Million THANK YOUS 4 the WORLDWIDE Network that helped us find Spencer! ht…,missing_trapped_or_found_people,earthquake,Nepal,twitter
"RT @jhyal: ""These are the moments when you fear your own house. You stay away from it. It's a very strange feeling."" #NepalEarhquake #Kathm…",displaced_people_and_evacuations,earthquake,Nepal,twitter
#NepalQuake hits home for 2 of our newest partners. @HerTurnNepal is safe. Waiting to hear from entire team at Women Awareness Centre Nepal.,missing_trapped_or_found_people,earthquake,Nepal,twitter
Why Nepal is so vulnerable to quakes: The Magnitude 7.8 Nepal earthquake has occurred in what is one of the mo... http://t.co/1msNGHCXJL,other_useful_information,earthquake,Nepal,twitter
"RT @EuroGeosciences: Last year, @katerav wrote on Kathmandu's earthquake nightmare https://t.co/KLoazRwUxt #NepalQuake http://t.co/UiieuioZ…",other_useful_information,earthquake,Nepal,twitter
RT @CNBCnow: JUST IN: Google says one of its engineers killed in Everest avalanche triggered by Nepal quake http://t.co/f3BYyrbLM3 http://t…,injured_or_dead_people,earthquake,Nepal,twitter
"RT @ARangarajan1972: Absolute and utter disgrace, is @ndtv. This is Philippines, NOT Nepal (via @VibhaSays). http://t.co/CVDXTviNt1",other_useful_information,earthquake,Nepal,twitter
@EthicalMan Wondering about water supply? I've seen a river &amp; fires—so boil &amp; charcoal purification should at least be possible. #Nepal,caution_and_advice,earthquake,Nepal,twitter
RT @cnnireport: Missing: Raisaa Tashnova talked to mom on day of Nepal quake. Hasn't been heard from since http://t.co/ssgjUJDdEF http://t.…,missing_trapped_or_found_people,earthquake,Nepal,twitter
Before and after pictures of the Nepal earthquake https://t.co/POdRnQMoPU via @YahooScreen,infrastructure_and_utilities_damage,earthquake,Nepal,twitter
RT @newsflicks: 'Nepalis have a family in 125 cr Indians' Modi's #MannKiBaat #SoulVultures #earthquake #NepalEarthquake http://t.co/yPmMwIe…,other_useful_information,earthquake,Nepal,twitter
RT @adgpi: 10 satellite phones sent to Nepal for communications #OpMaitri #NepalEarthquake,other_useful_information,earthquake,Nepal,twitter
Before and after photographs: Devastating earthquake wipes off important monuments in Nepal ... - http://t.co/hOy97dL0Hu #NewsInTweetsIndia,infrastructure_and_utilities_damage,earthquake,Nepal,twitter
"6.7-magnitude aftershock hits Nepal after quake kills 2,500: A strong earthquake aftershock struck India and N... http://t.co/NDv7ZDzxP7",injured_or_dead_people,earthquake,Nepal,twitter
".@climberjim said ""my day in Everest base camp feels like a month.""  #everest #nepal http://t.co/XkRlTan78p",other_useful_information,earthquake,Nepal,twitter
Please see this message from @GlobalRescue http://t.co/KBNcq4YhgX #NepalEarthquake,other_useful_information,earthquake,Nepal,twitter
RT @insanseema8: Powrful earthquake hit Nepal wid strong tremors felt across northern&amp;eastern India as well #MSGHelpEarthquakeVictims,other_useful_information,earthquake,Nepal,twitter
"RT @cctvnews: #BREAKING #UPDATE Death toll of #NepalEarthquake updated to 1,832, says Nepal’s home ministry. http://t.co/0eLHRaTdLs",injured_or_dead_people,earthquake,Nepal,twitter
"RT @NewEarthquake: 4.6 earthquake, 14km E of Panaoti, Nepal. Apr 25 19:55 at epicenter (20m ago, depth 10km). http://t.co/kjIoBNPdLO",other_useful_information,earthquake,Nepal,twitter
RT @guplia: Thai medical students haven't reported back from Nepal. If anyone knows any updates about them please contact me. Thx http://t.…,missing_trapped_or_found_people,earthquake,Nepal,twitter
"RT @BreakingNews: Magnitude 6.7 earthquake hits east of Kathmandu, Nepal - USGS http://t.co/mAb0hqkni5",other_useful_information,earthquake,Nepal,twitter
RT @ABC: Climbers are stuck on Mt. Everest with no way down after Nepal earthquake:  http://t.co/2clfsFw4NL http://t.co/4OJ67Lqwhs,other_useful_information,earthquake,Nepal,twitter
From Delhi to Kochi: Impact of Nepal earthquake across India  http://t.co/3DlEDhIY1E,other_useful_information,earthquake,Nepal,twitter
RT @dipakbhattarai: Mom feeding her children in #Kathmandu on open ground after #earthquake  #Nepal http://t.co/CCPJy7xPNU,displaced_people_and_evacuations,earthquake,Nepal,twitter
"RT @the_hindu: 1,500 bodies recovered; an equal number said to be injured. #NepalEarthquake  http://t.co/ZyNOoHm1vW http://t.co/pw3EtnANtn",injured_or_dead_people,earthquake,Nepal,twitter
"RT @TheQuint: Another tremor reported in Kathmandu by Editor, Nepali Times. https://t.co/lCOUv3pejF",other_useful_information,earthquake,Nepal,twitter
RT @cnni: The devastation in Kathmandu is horrific -- but the fear is it may be worse in remote areas: http://t.co/QZXLMH0u5J https://t.co/…,other_useful_information,earthquake,Nepal,twitter
RT @carolineheldman: This is Kat's group on 4/23 en route to Lama Hotel in the #Langtang region. Anyone seen this group? #NepalEarthquake h…,missing_trapped_or_found_people,earthquake,Nepal,twitter
"Nepal Quake Survivor Drank Urine While Trapped for 82 Hours: Nepal quake survivor drank urine while trapped in rubble for 82 hours, s...",missing_trapped_or_found_people,earthquake,Nepal,twitter
afriSYS.it - Facebook launches Safety Check to help find Nepal earthquake survivors - IBNLive: IBNLiv... http://t.co/pfjsWFA4QM #afriSYS,missing_trapped_or_found_people,earthquake,Nepal,twitter
RT @snlz0: http://t.co/7YvhMSXTPP #Nepal ☇ Nepal Villages Cut Off by Earthquake Wait for Aid as Death Toll Passes 4000 Nepal Vi… http://t.c…,injured_or_dead_people,earthquake,Nepal,twitter
"https://t.co/8U6GxhQvyV #VIDEO: Very Dramatic 7.8 #Earthquake #rescue work in #Kathmandu, #Nepal #NepalEarthquake #Kathmanduquake",other_useful_information,earthquake,Nepal,twitter
Hampshire star's sister among stranded climbers after Nepal Quake: A HAMPSHIRE TV star has told how her sister... http://t.co/dWE9VfjV7D,displaced_people_and_evacuations,earthquake,Nepal,twitter
Houstonian USAID Director @MartyMcVey speaking @press conference with @RepAlGreen re status update in Nepal. #Nepal http://t.co/sAY0IRubc8,other_useful_information,earthquake,Nepal,twitter
An earthquake engineer's first look at the buildings that collapsed in #nepalquake. https://t.co/nJ94x4AC4C via @JonathanStone10,infrastructure_and_utilities_damage,earthquake,Nepal,twitter
"RT @DrunkVinodMehta: 200 Indian Journalists doing lots of modi propaganda in Nepal. Nepal Army tells all foreign teams to go back, writes l…",other_useful_information,earthquake,Nepal,twitter
Nepal earthquake: Teenager rescued after 120 hours under rubble - Hindustan Times http://t.co/ZWSX4kmDLS,missing_trapped_or_found_people,earthquake,Nepal,twitter
"RT @ILNewsFlash: HEARTBREAKING: 3,617 people confirmed dead in Nepal with over 7,000 injured. #NepalEarthquake http://t.co/U3kkAu9ocM",injured_or_dead_people,earthquake,Nepal,twitter
RT @RotesKreuz_CH: Nepal Update: Insights zur Abreise unseres SRK-Teams nach #katmandu #nepal #NepalQuake #RedCrescent http://t.co/kCvnoZYY…,displaced_people_and_evacuations,earthquake,Nepal,twitter
#DebkaFile Nepal quake death toll continues to rise. Fifty Israelis still stranded  #Islamic Terrorism http://t.co/dCoTrDCtWf,injured_or_dead_people,earthquake,Nepal,twitter
This gang from UAE have been missing since the Quake. #PrayforNepal #QuakeNepal2015 http://t.co/UX2N39ZGhO,missing_trapped_or_found_people,earthquake,Nepal,twitter
One man swung into action mere minutes after the news of #NepalEarthquake and spearheaded an impressive rescue... http://t.co/PbGTGDs3i9,other_useful_information,earthquake,Nepal,twitter
RT @SpokespersonMoD: #NepalEarthquake A view of the C-17 Globemaster III of IAF which brought in 237 passengers from KTM a short while ago …,missing_trapped_or_found_people,earthquake,Nepal,twitter
Rescue crews pull 15yo boy from #NepalEarthquake rubble. STORY: https://t.co/N3xsNYlK8j (pic from Nepal State TV) http://t.co/Df2JrxOXXK,other_useful_information,earthquake,Nepal,twitter
RT @palangmerah: PMI together with foreign ministry will evacuate Indonesian citizen in Nepal #NepalEarthquake,displaced_people_and_evacuations,earthquake,Nepal,twitter
Biggest earthquake in Nepal region since 1934; aftershocks to continue: NGRI scientist: The earthquake measuri... http://t.co/89sL6jcftK,other_useful_information,earthquake,Nepal,twitter
"RT @ShakingEarth: Deadly earthquake Nepal - 2,083 fatalities so far - New quake may make additional victims New avalanches on Everest http:…",injured_or_dead_people,earthquake,Nepal,twitter
RT @cnnireport: Nepal earthquake: Are you there or have loved ones affected? Please share w/ us if you are in a safe place: http://t.co/zIo…,other_useful_information,earthquake,Nepal,twitter
RT @CurtisSChin: Before / After. #Kathmandu “@reportedly: Patan’s Durbar Square  #NepalQuake: https://t.co/lW2gcHzESV The aftermath: https:…,caution_and_advice,earthquake,Nepal,twitter
"RT @UtopianFireman: Seems Murdoch is panicking. Has this really made the front page? What about Nepal or Baltimore? No, this shit. http://t…",other_useful_information,earthquake,Nepal,twitter
RT @narendramodi: Took stock of the evacuation of those stranded in Nepal. Also took stock of provision of relief supplies &amp; material to af…,displaced_people_and_evacuations,earthquake,Nepal,twitter
"8 dead in Mount Everest avalanche after Nepal quake: At least eight people are dead and others missing, follow... http://t.co/8BkTV89604",injured_or_dead_people,earthquake,Nepal,twitter
"Choppers ferry injured in Nepal; new mudslide hits village: GORKHA, Nepal (AP) — Helicopters cri... http://t.co/cwncd7EXic &lt;--Full Story",other_useful_information,earthquake,Nepal,twitter
Before and After Photos of Historic Monuments Ruined in Nepal Quake: The death toll in Nepal from last weekend... http://t.co/pztt5WtapQ,injured_or_dead_people,earthquake,Nepal,twitter
RT @ChicagoBreaking: Chicago men return from Nepal after experiencing earthquake http://t.co/9ypPGfIIA8,other_useful_information,earthquake,Nepal,twitter
Landslide fears after Nepal quakes http://t.co/Vk9b5nyUQM,caution_and_advice,earthquake,Nepal,twitter
RT @seirenhee: that moment when sehun updates his instg about helping children from nepal and some people comment 'luv ur booty' i have no …,other_useful_information,earthquake,Nepal,twitter
"RT @NST_Online: Nepalis spend third night in open as quake toll passes 4,000 http://t.co/JLM2OPIPCc #NepalEarthquake #nst170 http://t.co/jU…",infrastructure_and_utilities_damage,earthquake,Nepal,twitter
"Following Nepal quake, climbers say Everest season is over #SanDiego - http://t.co/IZ72FxBIZy",other_useful_information,earthquake,Nepal,twitter
FOUR US DEAD IN NEPAL US ‘artists tour’ believed stranded along roadway http://t.co/eUeMFyHOjC,injured_or_dead_people,earthquake,Nepal,twitter
RT @STVNews: Scots climber stranded after Everest avalanche faces 'race against time to get off mountain' http://t.co/gYY55tBYxL http://t.c…,missing_trapped_or_found_people,earthquake,Nepal,twitter
"Green earthquake alert (Magnitude 4.5M, Depth:10km) in Nepal 25/04/2015 23:41 UTC, 9001347 people w... http://t.co/jhZqtQd0gU via @GDACS",other_useful_information,earthquake,Nepal,twitter
RT @dw_english: Nepal quake: China shuts down Everest season in Tibet http://t.co/XnIXZLXFy9,other_useful_information,earthquake,Nepal,twitter
"RT @ANI_news: It is very shocking, very unfortunate that hundreds of people fell victim to this natural calamity in Nepal: Ram Madhav (BJP)…",injured_or_dead_people,earthquake,Nepal,twitter
Dot Earth Blog: Long-Predicted Death Toll in Nepal Earthquake Reflects Wider Himalayan Seismic Risk http://t.co/bhBJM8iOrS,injured_or_dead_people,earthquake,Nepal,twitter
RT @UNDP: .@UNDPNepal Emergency Centers have been providing vital info for #NepalQuake relief efforts: http://t.co/5xNYwkeUwP http://t.co/Q…,other_useful_information,earthquake,Nepal,twitter
both sides are so fucked up and what is more of a shame is that the innocent people in Nepal who truly need help have to compete with idiots,other_useful_information,earthquake,Nepal,twitter
"Photos From the Devastating 7.8 Magnitude Earthquake in Nepal Tragedy struck the world when a 7.8 magnitude earthquake hit Kathmandu, Nepal…",other_useful_information,earthquake,Nepal,twitter
"RT @willripleyCNN: #URGENT Death toll in 7.8 magnitude #NepalQuake rising quickly, now some 600 people. At least 15 big aftershocks... http…",injured_or_dead_people,earthquake,Nepal,twitter
RT @timesofindia: #NepalEarthquake Emergency numbers are +977 4200-250 and +977 4200-105.,other_useful_information,earthquake,Nepal,twitter
RT @MEAIndia: May kindly note: The helplines numbers  in MEA control room are for  enquiries relating to Indian nationals in Nepal. (1/2),other_useful_information,earthquake,Nepal,twitter
"RT @tumsoma: ""Original footage 7.9 Magnitude earthquake in Nepal 2015"" https://t.co/Laq5KAUtLm #NepalEarthquake #prayfornepal http://t.co/b…",other_useful_information,earthquake,Nepal,twitter
"Live: All government colleges, schools in Nepal shut for one week after quake, 2152 dead",other_useful_information,earthquake,Nepal,twitter
RT @Valolic_: Still no news about my brother's group in #Langtang area. Please help us. #Ghodatabela #NepalEarthquake #SixDays http://t.co/…,missing_trapped_or_found_people,earthquake,Nepal,twitter
"RT @MsIntervention: Over 3,600 people have died in #Nepal and that's the best these guys can do. Pretty reprehensible. http://t.co/ohywb098…",injured_or_dead_people,earthquake,Nepal,twitter
"@Libishski front page in all the states news papers, even trending on social media everywhere above Nepal. What a world huh?",other_useful_information,earthquake,Nepal,twitter
900 dead and still counting... iam numb!! Thought with their families:'(:'(:'(  #NepalEarthquake  @Harry_Styles,injured_or_dead_people,earthquake,Nepal,twitter
RT @mpoudyal: M6.7 ‘aftershock’ is very worrying. People should stay clear of  structures w/ even minimal damage #NepalEarthquake  https://…,infrastructure_and_utilities_damage,earthquake,Nepal,twitter
RT @dfatirl: Please see our update on the Earthquake in Nepal this evening @IrlEmbIndia http://t.co/MmmjLzx1oF,other_useful_information,earthquake,Nepal,twitter
RT @Outlookindia: Ramdev Adopts 500 Orphan Children in Nepal | http://t.co/v7NWejJ99x | Outlook Wires,other_useful_information,earthquake,Nepal,twitter
@karanjohar @AnushkaSharma 1500 Killed In #NepalEarthquake . Watch Affected Places Here &gt;&gt; https://t.co/SvhVcasRFE,injured_or_dead_people,earthquake,Nepal,twitter
"RT @Oxfam: Situation critical in rural areas near epicenter where 90% of the people have lost homes, livestock &amp; have no way of getting foo…",infrastructure_and_utilities_damage,earthquake,Nepal,twitter
"RT @dna: Nepal quake: Bihar hospital pastes 'bhukamp' stickers on injured, removes after being exposed http://t.co/ikRFsJ49Fj",injured_or_dead_people,earthquake,Nepal,twitter
RT @johnspatricc: → http://t.co/cylaXAtbbr #Nepalearthquake Nepal quake: Death toll passes 4400; fears of devastation in remote areas Nepal…,injured_or_dead_people,earthquake,Nepal,twitter
RT @Oxfam: #NepalQuake For Oxfam comment @OxfamAustralia Laurelle Keough on 0425 701 801 @laurellek or @OxfamIndia Gunjan Jain on 0091 9811…,other_useful_information,earthquake,Nepal,twitter
"@taslimanasreen @PZIVY 2007: Nepal Airlines slaughters goats in front of a fBoeing 757, to fix technical fault. http://t.co/vG2FOcCIxi",other_useful_information,earthquake,Nepal,twitter
Live: Earthquake aftershock measuring 6.9 hits Nepal; fresh tremors felt in New ... - Firstpost: FirstpostLive... http://t.co/zaEa3q0Spv,other_useful_information,earthquake,Nepal,twitter
What religious sites were lost or damaged in Nepal quake http://t.co/SgsgyC2HSk http://t.co/tSCw2JdZdC,infrastructure_and_utilities_damage,earthquake,Nepal,twitter
RT @MSF_uk: Our emergency teams &amp; supplies are on the way to help ppl caught in #NepalEarthquake.  https://t.co/BNClG1Vi5s,other_useful_information,earthquake,Nepal,twitter
"RT @AdamMilstein: On first day, #IDFinNepal Field Hospital in #Nepal treats nearly 100, delivers baby http://t.co/6extsXdKws http://t.co/sQ…",other_useful_information,earthquake,Nepal,twitter
"RT @javierespinosa2: Around 300,000 foreign tourists were estimated to be in #Nepal for the spring trekking and climbing season (Reuters) #…",other_useful_information,earthquake,Nepal,twitter
#BaltimoreRiots look at all those poor people who died in #NepalEarthquake and ur worried about #Rioting n #violence #NepalQuake,injured_or_dead_people,earthquake,Nepal,twitter
RT @timesofindia: India rushes 13 military aircraft with aid to Nepal  http://t.co/P21axKOMOI,other_useful_information,earthquake,Nepal,twitter
RT @IndraPetersons: #NepalEarthquake M7.8 same magnitude as 1906 San Francisco &amp; about 16 times more powerful than the 7.0 quake that devas…,other_useful_information,earthquake,Nepal,twitter
Shattered Historic Sites Could Ruin Nepal Economy http://t.co/d423xROi32 via @Easy_Branches #easybranches http://t.co/bXBF0h7Cny,infrastructure_and_utilities_damage,earthquake,Nepal,twitter
RT @SushmaSwaraj: Just landed after 10 hrs long flight from Indonesia. Sorry to know about the massive earthquake in our eastern states and…,other_useful_information,earthquake,Nepal,twitter
Photos: The aftermath of Nepal's deadly earthquake http://t.co/oQMgpBF9IY,other_useful_information,earthquake,Nepal,twitter
RT @CanVOSTactual: #NepalEarthquake in case you need it : another tool to find ppl. ^GM  #smem  https://t.co/jEhdISu1co,other_useful_information,earthquake,Nepal,twitter
"RT @NewsMobileAsia: PM Modi press briefing with Afghan Pres @ashrafghani: talks of Nepal Tragedy ""You are not alone at this moment of trage…",other_useful_information,earthquake,Nepal,twitter
Hundreds dead as magnitude 7.8 earthquake hits Nepal: The death toll from a powerful earthquake that struck Ne... http://t.co/QNtq5Uffg3,injured_or_dead_people,earthquake,Nepal,twitter
"RT @ANCALERTS: JUST IN: Magnitude 6.7 aftershock shakes Kathmandu, sending people yelling and running for open ground | via @AP",other_useful_information,earthquake,Nepal,twitter
jeevan1952: RT aakarpost: Nepal #Earthquake affected areas. #NepalQuake (via wsj) http://t.co/zMLoqXHb5D,infrastructure_and_utilities_damage,earthquake,Nepal,twitter
"Avalanche sweeps Everest base camp, killing 17, injuring 61: An avalanche triggered by Nepal's massive earthquake… http://t.co/6k96jADGyK",injured_or_dead_people,earthquake,Nepal,twitter
"RT @HeadlinesToday: C 17 Globemaster III takes off from Hindon air base in UP for Kathmandu, IL76 to take NDRF teams to Nepal #earthquake",caution_and_advice,earthquake,Nepal,twitter
This Nepal earthquake survivor was buried for 50 hours before being rescued http://t.co/VsKS74Sl0n,missing_trapped_or_found_people,earthquake,Nepal,twitter
RT @UPGovt: Pictures of the camp set up to assist the Indians evacuated from Nepal. http://t.co/pbJU6KQpbR,displaced_people_and_evacuations,earthquake,Nepal,twitter
#Pakistan #Dunya Quake aftershock of 6.7 magnitude hits Nepal: USGS: KATHMANDU (AFP) - A 6.7-magnitude aftershock struck earthquake-d...,other_useful_information,earthquake,Nepal,twitter
Nepal Earthquake: Incredible Pictures From Everest Base Camp http://t.co/UGwyFb4wCx via @WSJIndia,other_useful_information,earthquake,Nepal,twitter
- Two pulled from rubble five days after Nepal quake http://t.co/nfVMEsrS1Q,missing_trapped_or_found_people,earthquake,Nepal,twitter
"RT @SciencePorn: 7.8 Earthquake hits Nepal, Over 1,400 deaths so far. State of emergency have been declared. #RIP #PrayForNepal",injured_or_dead_people,earthquake,Nepal,twitter
"Death toll passes 4,400 amid Nepal earthquake: Reports are circulating that entire villages have been leveled ... http://t.co/q1m92YTFYd",injured_or_dead_people,earthquake,Nepal,twitter
yes. THANK you. RT @NorthmenPK Stefan's account on why climbers should not climb #Everest this year. http://t.co/U7mqG21Qzp … #NepalQuake,other_useful_information,earthquake,Nepal,twitter
"Green Berets Survive Nepal Earthquake, Assist Relief Efforts | SOFREP http://t.co/vn3eA0hQAP",other_useful_information,earthquake,Nepal,twitter
"RT @GSMAm4d: RT @Internews: When the earth shook, “we reached for our phones.” @imogenwall on #commisaid in #NepalEarthquake http://t.co/rC…",other_useful_information,earthquake,Nepal,twitter
"RT @ARYNEWSOFFICIAL: Buildings collapse, at least 449 killed as 7.9 quake hits #Nepal, #India #earthquake  http://t.co/BbzIGbP3ve http://t.…",injured_or_dead_people,earthquake,Nepal,twitter
"RT @washingtonpost: Death toll from Nepal quake exceeds 2,100 http://t.co/NsQi0f9CSe",injured_or_dead_people,earthquake,Nepal,twitter
"479 dead as 7.8 quake hits Nepal, causing big damage: KATHMANDU, Nepal (AP) — A powerful earthqu... http://t.co/4z7dWPdZ0s #BreakingNews",injured_or_dead_people,earthquake,Nepal,twitter
#Update -Flights take off as Kathmandu airport opens | http://t.co/qpky88WQLS.,other_useful_information,earthquake,Nepal,twitter
RT @drharshvardhan: The death of mountaineers in the avalanche following Nepal's quake has deeply affected those with the  spirit of advent…,injured_or_dead_people,earthquake,Nepal,twitter
Nepal EarthQuake CCTV Footage Compilation http://t.co/WwZsHjHx4U,other_useful_information,earthquake,Nepal,twitter
RT @RailMinIndia: #NepalQuake NER clears more than 2560 evacuees; more than 1800 zero value tickets issued to the needy http://t.co/yuzXU1L…,displaced_people_and_evacuations,earthquake,Nepal,twitter
Nepal earthquake: British survivors arrive back in UK http://t.co/SXQO0sFaC2,other_useful_information,earthquake,Nepal,twitter
"NEPAL, Kathmandu : A man walks through rubble of houses damaged... http://t.co/Tw2gIOQkx1",infrastructure_and_utilities_damage,earthquake,Nepal,twitter
oh man this nepal earthquake feels like deja vu from the day after tomorrow,infrastructure_and_utilities_damage,earthquake,Nepal,twitter
"RT @UNVolunteers: RT @UN: Search and rescue remain a top priority after #Nepalquake, local responders key  - @UNISDR http://t.co/zNTzob5AjW",missing_trapped_or_found_people,earthquake,Nepal,twitter
RT @MEAIndia: Returning home. C17 with 225 Indians arrives in Delhi from Kathmandu. http://t.co/Gsl7CmCX4l,displaced_people_and_evacuations,earthquake,Nepal,twitter
Imam Mehdi Gohar Shahi | News - Current Affairs - The End Times Are Upon Us - http://t.co/6mVu2z5Bue #ISIS #IS #NepalEarthquake #Nepal,other_useful_information,earthquake,Nepal,twitter
VIDEO: Drones help aid relief in Nepal http://t.co/Yw3JLlrK6H,displaced_people_and_evacuations,earthquake,Nepal,twitter
How does the world do something tangible for the people of Nepal after earthquake kills at least 718? @AJAM http://t.co/zUms1Cg5Xm,injured_or_dead_people,earthquake,Nepal,twitter
RT @rsprasad: 2- Airtel has made calls to Nepal free for 48 hours from 0000 Hrs of today.,other_useful_information,earthquake,Nepal,twitter
"RT @TimesNow: It has been decided that for the coming 3 days, BSNL calls to Nepal will be charged local rates: Ravi Shankar Prasad on Nepal…",caution_and_advice,earthquake,Nepal,twitter
"RT @rabiusm: Still moaning about your present condition? Well, some people are trapped in rubbles in Nepal. Almighty be with them.",missing_trapped_or_found_people,earthquake,Nepal,twitter
RT @rsjaitly: Members of my fam unreachable in #Nepal. Pls share conditions/contacts near Chitwan. RT @DeeptiSharma1: Trying to reach famil…,missing_trapped_or_found_people,earthquake,Nepal,twitter
Mashable : Nepal's historic Dharahara Tower collapses in massive earthquake http://t.co/14BUgkst9E,infrastructure_and_utilities_damage,earthquake,Nepal,twitter
RT @UNESCO: #NepalQuake: We will assess the devastating impact on Nepal’s cultural heritage #WorldHeritage http://t.co/f4EKnU30QN http://t.…,infrastructure_and_utilities_damage,earthquake,Nepal,twitter
RT @monkeygirl25: Oh listen ppl end of the day Patrick Dempsey is still very much alive . Their are ppl in Nepal that aren't #perspective #…,other_useful_information,earthquake,Nepal,twitter
RT WFP: #Fact: 8 million people have been affected by the #NepalQuake. More facts here http://t.co/kLvLnVVakx http://t.co/LlhUML3hRH,other_useful_information,earthquake,Nepal,twitter
RT @TimesLIVE: Nepal says no more foreign rescue teams needed in quake search http://t.co/iV1MSNbqFf,other_useful_information,earthquake,Nepal,twitter
"RT @AshagerAraro: No matter where, when or how Israel will always protect its citizens #Nepal #IDFinNepal  #IsraelinNepal http://t.co/kd8Nc…",other_useful_information,earthquake,Nepal,twitter
Seven Tourists From Assam Feared Dead in Nepal: Seven tourists from Assam are feared dead in the massive earth... http://t.co/Xp8fMrCu1W,injured_or_dead_people,earthquake,Nepal,twitter
RT @TimesNow: Indian Railways opens reservation counter in Delhi Int’l airport to provide tickets to evacuees. #NepalEarthquake http://t.co…,other_useful_information,earthquake,Nepal,twitter
"RT @snobers: This is what's left of the 9 story historic UNESCO heritage's Dharahara Tower in Kathmandu, #Nepal after #earthquake http://t.…",infrastructure_and_utilities_damage,earthquake,Nepal,twitter
"RT @SiliconAngel: Nepal desperate for supplies as death toll soars past 3,700: Shelter, fuel, food, medicine, power, news, worke... http://…",injured_or_dead_people,earthquake,Nepal,twitter
RT @MFIPKTeam: Look at these Divine Signs carefully &amp; study them to recognise the Awaited One! #GoharShahi #Nepal #NepalEarthquake http://t…,caution_and_advice,earthquake,Nepal,twitter
RT @chetanbragta: NDRF doing a excellent job in Nepal. Kudos!  #TrustModiSarkaar http://t.co/Z15V6kPTvA,other_useful_information,earthquake,Nepal,twitter
"RT @nwarikoo: In Nepal,""Israel evacuates surrogate babies, leaves mothers behind."" Gay Israeli couples rent Indian wombs for babies http://…",other_useful_information,earthquake,Nepal,twitter
"If You're Worried About Loved Ones In Nepal, This App Could Help: In the wake of a devastating earthquake in Nepal,… http://t.co/mLdnPLVaZ8",other_useful_information,earthquake,Nepal,twitter
RT @jetairways: #TravelUpdate: Our flight 9W 261 Kathmandu-Delhi has landed at Delhi. Our operations to Kathmandu will continue as per sche…,other_useful_information,earthquake,Nepal,twitter
RT @BBCSanjoyM: Cooking amid the ruins #NepalEarthquake http://t.co/ggj6mtQDke,infrastructure_and_utilities_damage,earthquake,Nepal,twitter
"RT @BBCtrending: Another ""Nepal earthquake"" video uploaded online also included footage from a building collapse in Egypt http://t.co/hznFp…",infrastructure_and_utilities_damage,earthquake,Nepal,twitter
RT @deltadan: My son has been found alive and is ok!  He and all of the other monks and guru are ok! #NepalEarthquake,missing_trapped_or_found_people,earthquake,Nepal,twitter
RT @MIB_India: #NepalEarthquake:IAF Continues to Evacuate Stranded People in Nepal- Operation Maitri:http://t.co/Dafthhe4LC http://t.co/Lae…,displaced_people_and_evacuations,earthquake,Nepal,twitter
"RT @savechildrenuk: ""We know that children have been the most affected by this disaster."" - Roger Hodgson, part of our #Nepal team. https:/…",other_useful_information,earthquake,Nepal,twitter
RT @geetapandeyBBC: Reports coming in from Nepal of another big quake. We felt it here in delhi too. Went on for close to a minute,other_useful_information,earthquake,Nepal,twitter
Facebook and Google Respond to Nepal Earthquake With Tech Tools http://t.co/8H2erQoJaD http://t.co/4rJ8B7PeSK,other_useful_information,earthquake,Nepal,twitter
"RT @BBCWorld: As the death toll rises, @BBCAmos explains why Nepal is so vulnerable to earthquakes: http://t.co/sL2DryNPNp http://t.co/Ua5r…",injured_or_dead_people,earthquake,Nepal,twitter
Nepal earthquake: How to prevent thousands more deaths: The 2008 Sichuan earthquake taught us that managing an... http://t.co/fXTWPK9ZSK,caution_and_advice,earthquake,Nepal,twitter
#NepalQuake At this stage Dirco says it has no confirmed reports - but is working round the clock to find any affected South Africans. EC,missing_trapped_or_found_people,earthquake,Nepal,twitter
RT @vmlsanna9: #NepalEarthquake It's always d Swayamsevaks &amp;The Army! Saw them doing rescue work during the J&amp;K and Garhwal floods! https:/…,other_useful_information,earthquake,Nepal,twitter
RT @AmyFeldtmann: Police in Nepal reporting 449 have now died in the #NepalEarthquake v/@AJEnglish,injured_or_dead_people,earthquake,Nepal,twitter
"#Nepal #Earthquake – Devastating Nepal earthquake kills hundreds, triggers avalanches – A powerful… http://t.co/AGdIVROQBS #News #Asia",injured_or_dead_people,earthquake,Nepal,twitter
RT @ok_paulo_ok: Nepalese pick up the pieces after devastating quake @AJENews  http://t.co/0oZsDHMRwW  #Nepal #Surviving,other_useful_information,earthquake,Nepal,twitter
"RT @ShujaRabbani: Top Google executive killed in Nepal quake, 100s of foreign tourists missing — RT News http://t.co/wHZYthGZI3 #Nepalquake…",injured_or_dead_people,earthquake,Nepal,twitter
"Nepal quake death toll crosses 5000, hundreds still missing; rescue operations continue: The death toll in Nep... http://t.co/dW3uu3caj6",injured_or_dead_people,earthquake,Nepal,twitter
"RT @iRSSNews: #News #MostRecent Earthquake in Nepal kills more than 1,800 people http://t.co/QVZ4Qr3uza via @CNN",injured_or_dead_people,earthquake,Nepal,twitter
"Nepal earthquake: Eight million people affected, UN says http://t.co/kXMLYv8zeQ via BBC",other_useful_information,earthquake,Nepal,twitter
RT @ewnupdates: [LISTEN] Mother of man trapped in Nepal fears for his safety http://t.co/1uXracZDg6 #NepalEarthquake http://t.co/OXN6e8J5vw,missing_trapped_or_found_people,earthquake,Nepal,twitter
"RT @aahanasharma11: #MSGHelpEarthquakeVictims More than 100 people r knwn to hv died in a powerful earthquake dat struck Nepal, wrecking ma…",injured_or_dead_people,earthquake,Nepal,twitter
"Earthquake in Nepal and India..but Most affected areas are Twitter, Facebook and Whatsapp.",other_useful_information,earthquake,Nepal,twitter
@Babu_Bhaiyaa @Dec3rd_q  Act as frnd in time of trouble. frnd can wipe tear. But India isn't mother of Nepal. Sovereign cntrs r equal.,other_useful_information,earthquake,Nepal,twitter
"RT @IvanCNN: Ishan (16) &amp; Iman (13) shaved their heads in mourning after funeral of their mother Ishara, a victim of #Nepalquake http://t.c…",injured_or_dead_people,earthquake,Nepal,twitter
RT @ARRL_PR: This is what #HamRadio does during emergencies. Best of luck to the ops. #NepalEarthquake. https://t.co/F4rP5QocAr,infrastructure_and_utilities_damage,earthquake,Nepal,twitter
RT @Nevi00Singh: http:\/\/goo.gl\/ih7U6B #Salute2IndianForces in their effort to Rebuild Hindu Heart Land Nepal,infrastructure_and_utilities_damage,earthquake,Nepal,twitter
"RT @DelhiTweeter: Imagine Kejriwal was PM during Nepal #earthquake, His statement would have been ""Hum kuch nahin kar sakte Ji, Army Presid…",other_useful_information,earthquake,Nepal,twitter
"RT @carolineheldman: My sister @Heldman is alive, are well as her fellow trekkers! They are trapped above an avalanche in the #Langtang reg…",missing_trapped_or_found_people,earthquake,Nepal,twitter
RT @IndiaToday: #Nepalearthquake survivor drank urine while trapped for 82 hours http://t.co/7yELMyAcQE,other_useful_information,earthquake,Nepal,twitter
"♫ Just Announced: Ko Phangan, Thailand - Apr 30 at Nepal Fundraiser @ Leela Beach http://t.co/Fq3xj4lpqm",other_useful_information,earthquake,Nepal,twitter
RT @ShresthaSubina: Local youth have been protecting architectural sites in Patan. No authority here to take over. @AJENews @AJEnglish http…,other_useful_information,earthquake,Nepal,twitter
RT @washingtonpost: Among Nepal's earthquake survivors: Israeli gay men and their surrogate babies http://t.co/15ge8GbKLr,missing_trapped_or_found_people,earthquake,Nepal,twitter
RT @ClimberJim: 24 hrs after the Nepal quake and so much tragedy. So sad. Here at Camp 1 we are fairly safe but stuck. Rescues contin http:…,displaced_people_and_evacuations,earthquake,Nepal,twitter
RT @XHNews: Rescuers working to reopen section of China-Nepal highway cut off by quake-triggered landslide #NepalQuake http://t.co/T6TaF89L…,infrastructure_and_utilities_damage,earthquake,Nepal,twitter
RT @Karachi_Post: Nearly 1500 reported dead so far in #Nepal Earth quake.Toll expected to rise,injured_or_dead_people,earthquake,Nepal,twitter
[4/27/2015|8:33]… Watch: Kathmandu devastation through the eyes of a drone http://t.co/unrou0ku4o,other_useful_information,earthquake,Nepal,twitter
RT @cheguwera: If #israel Rebuild a entire town in #Nepal there is something rotten.  take care they will build a spy centre inside the cit…,other_useful_information,earthquake,Nepal,twitter
"@IsaCNN Brazil let's pray for families from Nepal! Following in CNN righ now 3,700 dead after earthquake.",injured_or_dead_people,earthquake,Nepal,twitter
RT @johnspatricc: → http://t.co/eMwUpxDEes #HughSheridan Aussie actor Hugh Sheridan s brother missing in Nepal Hugh Sheridan West Australia…,missing_trapped_or_found_people,earthquake,Nepal,twitter
Channel4News: #NepalEarthquake - hopes and dreams crushed like homes. millerC4 reports from alongside rescue teams… http://t.co/PWluIfYiro,other_useful_information,earthquake,Nepal,twitter
"Graphic Photos: Over 400 People Dead, 1000 Injured As Massive Earthquake Hits Nepal http://t.co/0vwfrVa7cv",injured_or_dead_people,earthquake,Nepal,twitter
RT @TIMEWorld: Kathmandu on edge after deadly quake ravages Nepal http://t.co/3VDL7wwyEB by @nkreports,other_useful_information,earthquake,Nepal,twitter
"@pradiprsagar @NewIndianXpress At sea or on land,  warriors contribute their might !! #NepalEarthquake",other_useful_information,earthquake,Nepal,twitter
"RT @LiberalsOfDelhi: 20,000 RSS workers are helping out in Nepal? Bigger question is, how will Khakhi chaddis survive in Himalayan cold?   …",other_useful_information,earthquake,Nepal,twitter
"RT @abcnews: Australians missing after #Nepal #earthquake kills more than 1,300 http://t.co/1cs7UqYps5 https://t.co/VkU3HPH1Nb",missing_trapped_or_found_people,earthquake,Nepal,twitter
RT @AP: The latest on Nepal: Life slowly returns to normal in Kathmandu; villages still cut off http://t.co/PX0anr44SX,infrastructure_and_utilities_damage,earthquake,Nepal,twitter
"RT @narendramodi: We are in the process of finding more information and are working to reach out to those affected, both at home &amp; in Nepal.",other_useful_information,earthquake,Nepal,twitter
RT @ndtv: All climbers stranded at camps high up Everest airlifted to safety http://t.co/qQ10dsP7OM #NepalEarthquake http://t.co/4iSnJOgSCL,displaced_people_and_evacuations,earthquake,Nepal,twitter
"@NT__305 7.8 Quake Hits Nepal, Toppling Buildings, Killing Hundreds: The powerful temblor hit north of the cap... http://t.co/Rnxw5gjAoT",injured_or_dead_people,earthquake,Nepal,twitter
Indian Air Force plane fetches 55 people back from Nepal: A C-130J Super Hercules aircraft of the Indian Air F... http://t.co/WKzcj9ypAj,missing_trapped_or_found_people,earthquake,Nepal,twitter
RT @santosct: Displcd Families – 669764 Affected Families – 697237 Fully Damaged HHs – 78413 Partially Damaged HHs – 46408 #EarthquakeNepal…,displaced_people_and_evacuations,earthquake,Nepal,twitter
"RT @MuhammadLila: Death toll from devastating #NepalEarthquake now tops 2,500.  Approx 6,000 injured.  Simply horrific.",injured_or_dead_people,earthquake,Nepal,twitter
Facebook and Google help find Nepal earthquake survivors http://t.co/35j64T0BSb,missing_trapped_or_found_people,earthquake,Nepal,twitter
RT @4nnak: #OperacaoBetaLab In pictures: Nepal earthquake aftermath: Images from Nepal as it struggles to c... http://t.co/K9CKwdIHZM #SDV …,other_useful_information,earthquake,Nepal,twitter
RT @abc15: Google executive among hundreds dead from #Nepal quake http://t.co/C1zmmbexhy #abc15 http://t.co/OCftpUevck,injured_or_dead_people,earthquake,Nepal,twitter
"RT @AsiaInPictures: Rainbow Over the Himalayas, Nepal http://t.co/nvhWAhkDOx",other_useful_information,earthquake,Nepal,twitter
"RT @WoodLeonie: Arthur! It's not about buildings! Nepal needs water reticulation, sanitation, food #qanda",other_useful_information,earthquake,Nepal,twitter
RT @calicut_sfc: Helpline numbers for friends in #Nepal stuck in tremors Plz RT or Re-post! @Suriya_offl @kegvraja @dirvenkatprabhu http://…,missing_trapped_or_found_people,earthquake,Nepal,twitter
"RT @cnnbrk: More than 2,000 people dead in Nepal, India, China from earthquake. More than 1,900 of the dead are in Nepal. http://t.co/hCyjO…",injured_or_dead_people,earthquake,Nepal,twitter
"RT @cnnbrk: The death toll from Nepal's earthquake has risen above 4,600, officials say. More than 9,200 injured. http://t.co/NawhlFpQS5",injured_or_dead_people,earthquake,Nepal,twitter
RT @rahulkanwal: The fearless Gorkha. Respect. http://t.co/KcMwZIIw8p,other_useful_information,earthquake,Nepal,twitter
CHPSRE: RTLastQuake: RT SA_96_20: “IMSahilBhalla: The historic #Dharhara tower in #Nepal has collapsed due to the … http://t.co/aGYzWHyr5x,infrastructure_and_utilities_damage,earthquake,Nepal,twitter
RT @himabista: Absolutely! #NepalEarthquake is proving this theory correct every second as we speak!  https://t.co/L06DnWgh9h,other_useful_information,earthquake,Nepal,twitter
RT @OxfamAmerica: Want to do even more to help #NepalQuake survivors? Start your own fundraising page! https://t.co/NrSQRyvrBr #Nepal,other_useful_information,earthquake,Nepal,twitter
RT @SpokespersonMoD: #NepalEarthquake IAF Heptrs today evacuated 177 casualties &amp; 233 persons. Cumulative- 618 casualties &amp; 857 persons. ht…,displaced_people_and_evacuations,earthquake,Nepal,twitter
"Police in Nepal say the death toll from Saturday's earthquake has topped 5,500; more than 11,400 injured - @AP http://t.co/LE9XUvShDZ",injured_or_dead_people,earthquake,Nepal,twitter
RT @tomnewby: Two weeks ago I was in Nepal for preparedness training. I took these photos of Patan Durbar. Now it's ruined. http://t.co/1dA…,infrastructure_and_utilities_damage,earthquake,Nepal,twitter
Drone Captured Huge Devastation In Nepal Earthquake&lt;............&gt;http://t.co/IJNZN1Lg1B,infrastructure_and_utilities_damage,earthquake,Nepal,twitter
"RT @MSGTheFilm: The news  about Earthquake in Nepal and parts of India, is really shocking #MSGHelpEarthquakeVictims &amp; wid the victims in t…",other_useful_information,earthquake,Nepal,twitter
#Pakistan Latest on Nepal quake: - Jakarta Post: New York TimesLatest on Nepal quake:Jakarta PostArmy troops a... http://t.co/ukFf4hklEr,other_useful_information,earthquake,Nepal,twitter
RT @AshokKhemka_IAS: Nepal quake stresses importance of research for early prediction. Earthquake resistant bldg design in municipal laws i…,other_useful_information,earthquake,Nepal,twitter
RT @JemStone: New @BBCNews #NepalQuake information service launches on @Viber (h/t @Trushar ) http://t.co/98XXJmLjVT,other_useful_information,earthquake,Nepal,twitter
"RT @WNEW: Death toll in #NepalEarthquake passes 5,000 as first aid shipments reach area near epicenter. (via @AP)",injured_or_dead_people,earthquake,Nepal,twitter
Google Executive Killed In Everest Avalanche After Nepal Quake: An executive at Google was killed when a 7.8-m... http://t.co/1oj6A9X1yT,injured_or_dead_people,earthquake,Nepal,twitter
RT @ImranHSarker: URGENT: Canadian national Julia &amp; Ricky are missing. They were travelling since 6 april &amp; both 6ft tall. #NepalQuake http…,missing_trapped_or_found_people,earthquake,Nepal,twitter
"RT @drsanjaygupta: this baby was trapped under rubble for 22 hours, and survived. had to meet him. he is healthy and happy. #NepalQuake htt…",missing_trapped_or_found_people,earthquake,Nepal,twitter
"RT @GoogleCR: We've just launched a Person Finder instance to help track missing persons for the #Nepal earthquake, http://t.co/olPoKniVrZ",missing_trapped_or_found_people,earthquake,Nepal,twitter
RT @OCHAAsiaPac: Over 6.6 mil people are in the area affected by #Nepalquake. Widespread damage &amp; destruction of infrastructure feared http…,infrastructure_and_utilities_damage,earthquake,Nepal,twitter
"Aftershocks would be felt in #Dhaka too, today and the next few days...#NepalEarthquake",other_useful_information,earthquake,Nepal,twitter
"Relief starts reaching Nepal villages - Aid begins to reach remote areas of Nepal after an earthquake that left 5,... http://t.co/3a0FIq30FA",infrastructure_and_utilities_damage,earthquake,Nepal,twitter
the earthquake in nepal is awful :(,other_useful_information,earthquake,Nepal,twitter
On The Scene: Quake Overwhelms Nepal - Voice of America http://t.co/XgiWs9oxMW,other_useful_information,earthquake,Nepal,twitter
RT @jhbenespana: #Israel Evacuates Surrogate Babies From Nepal But Leaves the Mothers Behind!  ὢFὢFὢF   http://t.co/lp2om6YKtj,displaced_people_and_evacuations,earthquake,Nepal,twitter
Great news! RT @KGMIRadio: Whatcom trekkers in Nepal reported safe https://t.co/Dp9GrmheoH,other_useful_information,earthquake,Nepal,twitter
RT @RashtrapatiBhvn: #PresidentMukherjee @President Ram Baran Yadav of Nepal – deeply distressed at loss of life &amp; property due to earthqua…,injured_or_dead_people,earthquake,Nepal,twitter
"RT @NorthmenPK: #Nepal good news, rescue teams are getting to Langtang now. #NepalQuake",displaced_people_and_evacuations,earthquake,Nepal,twitter
"RT @FoxNews: #NepalQuake: At least 101 killed after 7.8 quake strikes Nepal, sparking tremors across Asia http://t.co/8BPVME4BjT http://t.c…",injured_or_dead_people,earthquake,Nepal,twitter
@shilpaanand they've managed to reach Kathmandu but with the help of their guide - not through the official evacuation I believe.,other_useful_information,earthquake,Nepal,twitter
"RT @SwearyLady: My backpacking cousin, last heard from on Wednesday as she headed to Kathmandu, has just phoned home. She's safe. Can't des…",other_useful_information,earthquake,Nepal,twitter
[GLOBAL NEWS] Blog: Morale in Kathmandu as decimated as the buildings http://t.co/Ac5xoXAN0Z,infrastructure_and_utilities_damage,earthquake,Nepal,twitter
RT @HMOIndia: We asked states bordering Nepal to send buses to evacuate people. I am thankful to Bihar UP &amp; other state governments for pro…,displaced_people_and_evacuations,earthquake,Nepal,twitter
RT @KanakManiDixit: TOI Edit Page: Digging out of the rubble: National reconstruction in Nepal requires a constitution &amp; local elections ht…,other_useful_information,earthquake,Nepal,twitter
"""At least 1,805 people have been killed and 4,718 injured by the 7.8 magnitude earthquake, Nepal's Home Ministry tells CNN"" via @cnnbrk",injured_or_dead_people,earthquake,Nepal,twitter
"RT @BBCBreaking: 10,000+ people injured &amp; nearly 500,000 displaced by #NepalEarthquake, officials say http://t.co/GGpcp3WdFM",injured_or_dead_people,earthquake,Nepal,twitter
Hikers Trek Through Nepal Destruction to Reach Chabad House   via @ArutzSheva_En http://t.co/1xKuAkIFBx,caution_and_advice,earthquake,Nepal,twitter
36/48 One has taken place or they do not want to believe that the Awaited One is here. They are so obsessed with materialistic #Nepal,other_useful_information,earthquake,Nepal,twitter
RT @bhumikaAditi: trying to regain composure..watching Kantipur TV's live report..this hurts..#Kathmanduquake,infrastructure_and_utilities_damage,earthquake,Nepal,twitter
"RT @drsanjaygupta: some of the most common injuries are crush injuries, fractures &amp; brain/spine injuries. #nepalquake @cnn #kathmandu http:…",injured_or_dead_people,earthquake,Nepal,twitter
Experts had long warned Nepal was ripe for disaster  http://t.co/BnzHZZBBD3 #NepalEarthquake http://t.co/7xttPkXcVp,caution_and_advice,earthquake,Nepal,twitter
RT @lokallobaat: RT @Ram_Guha: An excellent piece by Gopalkrishna Gandhi on the lessons from the Nepal earthquake:    http://t.co/WQMsFDz3VI,other_useful_information,earthquake,Nepal,twitter
"3Novices:Tired of waiting for aid, angry quake survivors block roads in Nepal http://t.co/CjjeR0pHum An official from Nepal's home minist…",other_useful_information,earthquake,Nepal,twitter
RT @geohacker: Nepal map data updated every 30 mins from @openstreetmap - http://t.co/GBQvoDktP2 @tejasap,other_useful_information,earthquake,Nepal,twitter
RT @RashtrapatiBhvn: India committed to assist Govt. of Nepal in every way possible in dealing with situation #PresidentMukherjee,other_useful_information,earthquake,Nepal,twitter
4 month old baby found alive after 4 days in Nepal earthquake rubble: (adsbygoogle = window.adsbygoogle || [])... http://t.co/VXdzA9a8d2,missing_trapped_or_found_people,earthquake,Nepal,twitter
"Nepal unable to channel aid; toll could touch 7,000 - With just two more persons rescued alive from under quake de... http://t.co/THXM0u96ax",injured_or_dead_people,earthquake,Nepal,twitter
The death toll in the #NepalEarthquake has risen to more than 2000. OH MY ὣ1,injured_or_dead_people,earthquake,Nepal,twitter
Nepal earthquake: Devastation in maps and images: Before and after satellite images and maps http://t.co/IMBuuLMVBR #News,other_useful_information,earthquake,Nepal,twitter
RT @MikeCorruption: When i see people of Nepal suffering from the earthquake i find it hard to understand how Nigel Farage could suggest st…,other_useful_information,earthquake,Nepal,twitter
RT @alok_bhatt: Hats off to PM @narendramodi for his immediate response to Nepal.......what swift action by govt...this is what gud leaders…,other_useful_information,earthquake,Nepal,twitter
@anthemwaseem @timesofindia THIS IS THAILAND. IT IS NOT KATHMANDU QUAKE. PLEASE CORRECT. http://t.co/HBJwnmoUVg,other_useful_information,earthquake,Nepal,twitter
"RT @RodaLarga: #BREAKING: &lt; 250 missing, maybe foreigners, after avalanche hits village in Rasuwa, #Nepal, a popular #trekking area http://…",missing_trapped_or_found_people,earthquake,Nepal,twitter
Tent cities thin out in Nepal capital but residents on edge http://t.co/HNfNpNE4JU | https://t.co/U9x3perXCO,other_useful_information,earthquake,Nepal,twitter
RT @unisdr: Tent cities springing up across across Kathmandu as rain is forecast for each day until Saturday. #DRR #NepalEarthquake,caution_and_advice,earthquake,Nepal,twitter
What caused the Nepal earthquake? – Al Jazeera English http://t.co/DxVNjM03iL,other_useful_information,earthquake,Nepal,twitter
"RT @AnupKaphle: Devastating update from Ministry of Home Affairs on #NepalEarthquake.  Death toll: 5,057 Injured: 10,915 Internally Displac…",injured_or_dead_people,earthquake,Nepal,twitter
@brb_laaldhwoj at least go to Gorkha n look out for the affected people.Shame on you and ur party.And thank India who were the first I help.,other_useful_information,earthquake,Nepal,twitter
#NepalEarthquake RT FOR RESPECT! 3 DAYS - OVER 2.500 DEAD EVEN MORE WOUNDED! RESPECT,injured_or_dead_people,earthquake,Nepal,twitter
RT @foxandfriends: A MIRACLE IN THE RUBBLE… A baby boy found alive and unharmed 22 hours after the earthquake in Nepal https://t.co/eS02tYV…,missing_trapped_or_found_people,earthquake,Nepal,twitter
RT @NepalPoliceHQ: Nepal Police Hotline Numbers at Headquarters: http://t.co/UY3lYOIFeB,other_useful_information,earthquake,Nepal,twitter
RT @DeborahNorville: Miracles DO happen! Baby pulled fr #QuakeNepal rubble http://t.co/W4ohtkvcPb,missing_trapped_or_found_people,earthquake,Nepal,twitter
Climbers stranded on Everest face 'race against time' after Nepal earthquake http://t.co/22mg5uea61,other_useful_information,earthquake,Nepal,twitter
#Kantipur and #Nagarik have comprehensive pieces about how incapable #Nepal govt has been in distributing relief materials  #NepalQuake,other_useful_information,earthquake,Nepal,twitter
RT @Aj_Campion: The tragedy that happened in Nepal is being overlooked by the pointless riot in Baltimore #firstworldproblems,other_useful_information,earthquake,Nepal,twitter
RT @sanjaybafna: Vodafone Foundation Instant Mobile Network team deployed to Nepal. #NepalEarthquake #NepalQuake http://t.co/lcoiYzgDFl,other_useful_information,earthquake,Nepal,twitter
"RT @PzFeed: BREAKING NEWS: Nepal PM Says Quake Toll Could Be 10,000.  WATCH: Moment of the 7.8-magnitude earthquake  http://t.co/RtdhpMtvGn",injured_or_dead_people,earthquake,Nepal,twitter
RT @SPoonia777: #MSGHelpEarthquakeVictims Google has released a people finder for the #NepalEarthquake http://t.co/DXa0mzqtGx (data not ver…,other_useful_information,earthquake,Nepal,twitter
RT @891adelaide: Missing Adelaide man Zac Sheridan  calls his family from Nepal. @MichaelSmyth_ spoke to his brother http://t.co/P1QG3ieVGt,missing_trapped_or_found_people,earthquake,Nepal,twitter
"RT @ihvinod: Here is a list of Scavengers who feed on the dead , Disgusting #NepalEarthquake #IndiaWithNepal    http://t.co/pY2XV9x64C",other_useful_information,earthquake,Nepal,twitter
RT @reportedly: #NepalQuake video: A Google Earth tour of the destruction http://t.co/TR9pA7KqNX #Kathmandu #Everest http://t.co/7PTnEddWPX,infrastructure_and_utilities_damage,earthquake,Nepal,twitter
Which is more important-one man who died of police brutality or the 4500+ who've died in the Nepal earthquakes? #Questions,injured_or_dead_people,earthquake,Nepal,twitter
RT @news24tvchannel: 5.5 magnitude quake jolts Pak's northwest #Pakistan #earthquake #Nepal #China #Indi http://t.co/0JtJIRsmR4 http://t.co…,other_useful_information,earthquake,Nepal,twitter
Human and history disaster. Nothing more powerful than nature. - Nepal landmarks flattened by the quake http://t.co/7wvGIInZE7,infrastructure_and_utilities_damage,earthquake,Nepal,twitter
"Israel to fly premature surrogate babies out of Nepal by helicopters - Israel News, Ynetnews http://t.co/vLfmgvk5lD",displaced_people_and_evacuations,earthquake,Nepal,twitter
Wesner Michel; Rescuers Pull Survivor From Rubble 5 Days After Nepal Quake - ABC News: FirstpostRescuers Pull ... http://t.co/mOmTJyqknL,missing_trapped_or_found_people,earthquake,Nepal,twitter
"@abcnews Please remove new footage of building collapse in Nepal. Video clearly shows person getting crushed, as cart driver escapes.",caution_and_advice,earthquake,Nepal,twitter
"Quake-hit Nepal 'on war footing': Nepal is on a ""war footing"" as it struggles to meet the overwhelming need fo... http://t.co/sTP3xKA2Df",other_useful_information,earthquake,Nepal,twitter
RT @Federation: #RedCross teams continue to work to reach villages closer to #NepalQuake's epicentre &amp; across 30+ affected districts https:…,other_useful_information,earthquake,Nepal,twitter
"Surely,this will unite hindus of india&amp;nepal with xtians of the world against islam.isn't it??embarrassed to commnt? https://t.co/KtdJbGuYyu",other_useful_information,earthquake,Nepal,twitter
RT @onyxfish: Why is the damage in Nepal worse than Japan had in 1995? @gregmyre1 examines global risk data: http://t.co/okdswBfg17 http://…,other_useful_information,earthquake,Nepal,twitter
RT @nytimes: Nepal's government is only gradually getting a grasp of destruction in the worst-hit villages http://t.co/DzHvwGV2uO,infrastructure_and_utilities_damage,earthquake,Nepal,twitter
"No new patients arriving at Nepal Medical College,  Jorpati at the moment.",other_useful_information,earthquake,Nepal,twitter
"RT @Ac_in_quest: Massive block of Earth’s crust, 75 miles long &amp; 37 miles wide, lurched 10 feet to south Saturday over course of 30 seconds…",infrastructure_and_utilities_damage,earthquake,Nepal,twitter
"Updates @hicapuk -in field with over 200,real concern over sanitation,aid not reached them yet but everyone is together #NepalEarthquake",other_useful_information,earthquake,Nepal,twitter
"Hundreds die, many trapped in Nepal earthquake http://t.co/SBLycwmznE",injured_or_dead_people,earthquake,Nepal,twitter
"""Nepalese Dig With Bare Hands for Quake Survivors as Toll Exceeds 1,900"" by REUTERS via NYT http://t.co/kWXEldkfvi",missing_trapped_or_found_people,earthquake,Nepal,twitter
Still there is panic #Earthquake2072  #Nepalquake,other_useful_information,earthquake,Nepal,twitter
RT @washingtonpost: Nepal's famous Dharahara Tower becomes site for selfies after devastating earthquake http://t.co/K1NCr2cxQv http://t.co…,other_useful_information,earthquake,Nepal,twitter
RT @NatGeo: 20 images reveal Nepal's heartbreaking earthquake devastation: http://t.co/iHhK4EsPEW,other_useful_information,earthquake,Nepal,twitter
RT @de_kaune: @c_nyakundih almost 5000 people died in Nepal...please do something to help,injured_or_dead_people,earthquake,Nepal,twitter
Nepal May Let Everest Climbs Restart Despite Massive Quake: Nepal official: Everest climbs may restart despite... http://t.co/YKZl0TsnfU,caution_and_advice,earthquake,Nepal,twitter
RT @Kailashsaran73: @geetv79 @MehekF @Mnomics_ Caught Red handed with Photoshop than admitted we didnit send any PEELI CHADDI to Nepal http…,other_useful_information,earthquake,Nepal,twitter
"RT @sardesairajdeep: Why is the top trend #ThankYouPM ? This story is first about Nepal and it's grieving people, isn't it? #NepalQuake",other_useful_information,earthquake,Nepal,twitter
"RT @TheCityMuseum: Local+global context to why Nepal's lost heritage sites more than ""just temples"" http://t.co/MVheqkWhmp by @guardian htt…",infrastructure_and_utilities_damage,earthquake,Nepal,twitter
RT @RT_com: Google launches special 'personal finder' for people in #NepalEarthquake zone http://t.co/3ExhCMkg19 http://t.co/tkdsEiTQsq,missing_trapped_or_found_people,earthquake,Nepal,twitter
"RT @WillMcAvoyACN: Baltimore is on the verge of erupting into violence, hundreds are dead in Nepal, so of course we have wall-to-wall cover…",injured_or_dead_people,earthquake,Nepal,twitter
RT @YahooNews: Miracle rescue sees baby pulled safely from quake rubble in Nepal http://t.co/jH7YPDcmci By @CEDickson http://t.co/xsdd0717nF,missing_trapped_or_found_people,earthquake,Nepal,twitter
"RT @itvnews: Nepal is 'overwhelmed' following the deadly earthquake, reports @danieljerivers from Kathmandu http://t.co/EtRZDlYBTb http://t…",caution_and_advice,earthquake,Nepal,twitter
RT @TheDailyShare: WATCH: Frightening video from a climber on Mt. Everest captures deadly avalanche triggered by an #NepalEarthquake https:…,injured_or_dead_people,earthquake,Nepal,twitter
RT @artdielle: #PersonFinder site to assist #NepalEarthquake If you are looking for someone or have information about https://t.co/JKQeYtfw…,caution_and_advice,earthquake,Nepal,twitter
Almost 5000 people died and count is still increasing.... but some stupids are creating jokes on #nepalearthquake... http://t.co/eIBt23g3Rn,injured_or_dead_people,earthquake,Nepal,twitter
"RT @EllenBarryNYT: Death toll in Nepal quake now 686 and climbing, of which 500 were in the valley around Katmandu, per Home Ministry. http…",injured_or_dead_people,earthquake,Nepal,twitter
"An Avalanche has buried part of Mt. Everest basecamp after Nepal quake, 8 white people are reported dead. Nature is a bitch shem!",injured_or_dead_people,earthquake,Nepal,twitter
"RT @phalano: Rain stopped, stars visible, calm, 14°C, dogs bark, jets flying, Kathmandu is sleeping after 36 hours trauma. Hope it's over. …",other_useful_information,earthquake,Nepal,twitter
I have latest photos of damaged area of World Heritage Site #Nepal. Any media or organization want those?Plz contact #earthquake #Nepalquake,infrastructure_and_utilities_damage,earthquake,Nepal,twitter
"#National India evacuates 170 foreigners from Nepal: The government has also brought back over 5,400 Indians so… http://t.co/xSNguLFxdh",displaced_people_and_evacuations,earthquake,Nepal,twitter
"Pray for Nepal. Over 1000 reported dead after big earthquake. Praying for international students here, far from family.",injured_or_dead_people,earthquake,Nepal,twitter
"RT @RakeshSinha01: Missionaries disgusting role in Nepal is pouring,very sad,di is hour to rise above al sectarian feelings&amp;categories.hope…",other_useful_information,earthquake,Nepal,twitter
"Nepal earthquake: Everest cleared, but dozens of Britons still missing http://t.co/JI8WPzQYyB #world",missing_trapped_or_found_people,earthquake,Nepal,twitter
Update on the #NepalEarthquake All of the children and staff at Ama Ghar are safe.,other_useful_information,earthquake,Nepal,twitter
British archeologist 'terrified' after narrowly escaping death in Nepal earthquake http://t.co/en95LJXFwX http://t.co/xjCod1mYy3,injured_or_dead_people,earthquake,Nepal,twitter
BBCWorld: RT BBCSanjoyM: 'We think there are bodies buried here' Japanese rescuer #NepalEarthquake http://t.co/1cP98cJHEH,missing_trapped_or_found_people,earthquake,Nepal,twitter
"RT @BoringDev: Why wait a whole year to have the One Year Later debate about Nepal? ""Open Letter to The Media, re: Nepal Earthquake"" http:/…",other_useful_information,earthquake,Nepal,twitter
There was an earthquake greater than M6! - Mw 6.8  NEPAL http://t.co/mQED3kS9TJ,other_useful_information,earthquake,Nepal,twitter
"RT @cnni: BREAKING: Death toll in massive Nepal earthquake tops 1,800, Home Ministry official tells CNN",injured_or_dead_people,earthquake,Nepal,twitter
.@smh reporting @hugh_sheridan’s brother Zachary is safe and has made contact with his family after the #NepalQuake http://t.co/37WFor8tMq,missing_trapped_or_found_people,earthquake,Nepal,twitter
RT @sue_amandasue: My sister left Pokhara on Wednesday for Kathmandu. Please help us find her @BritishRedCross http://t.co/ItJMZLpDdG http:…,missing_trapped_or_found_people,earthquake,Nepal,twitter
Israelis turn to Facebook in search for loved ones after Nepal quake http://t.co/gYWuhG7QLS,missing_trapped_or_found_people,earthquake,Nepal,twitter
@hamrocircle latest on Dhading region. Rural Nepal inaccessible. #NepalQuakeRelief http://t.co/sqAWUnuxLG,other_useful_information,earthquake,Nepal,twitter
Americans Desperately Wait for Word From Nepal: The catastrophic earthquake over the weekend took out power and phone service for who...,other_useful_information,earthquake,Nepal,twitter
RT @newswise: Florida State Experts Available to Comment on Nepal Earthquake: The 7.9 magnitude earthquake that hit Nepal ab... http://t.co…,other_useful_information,earthquake,Nepal,twitter
#earthquake Nepal: Nepal Earthquake 2015: Reported deaths in Nepal by district (as of 27 Apr... http://t.co/lbcGDfp5f9 #crisismanagement,injured_or_dead_people,earthquake,Nepal,twitter
RT @rsprasad: 3- Idea has made calls to Nepal @ one rupee per minute from Rs 12/- per minute.,other_useful_information,earthquake,Nepal,twitter
"RT @austinramzy: 3862 dead, 7119 injured is latest Nepal earthquake toll, per Home Ministry",injured_or_dead_people,earthquake,Nepal,twitter
@LambaAlka @gautamsen12 @JhaSanjay is this Rahul bhajan in response to Nepal earthquake?,other_useful_information,earthquake,Nepal,twitter
Video shows dramatic moment UNESCO heritage site fell as ground shook in Nepal http://t.co/52Lm7ETP8B,infrastructure_and_utilities_damage,earthquake,Nepal,twitter
"RT @timesofindia: 6.7 earthquake, epicenter in Nepal. Tremors felt across northern India.",other_useful_information,earthquake,Nepal,twitter
"RT @AtulGandhi7: ""@Smiley_kazaal: One more time quake of 6.6 in Biratnagar,Nepal Had injury in head and back..God please save us :("" @RSSor…",other_useful_information,earthquake,Nepal,twitter
"Nepal scrambles to organize quake relief, many flee capital http://t.co/YGRIpG4yY8 #worldnews #news #breakingnews",displaced_people_and_evacuations,earthquake,Nepal,twitter
RT @DeafwayCEO: Just heard that Sindhuli school is fine. Now only waiting to hear about Gorkha school. http://t.co/jfPiFnLIzl,other_useful_information,earthquake,Nepal,twitter
"RT @PaulHenryShow: ""They're living in makeshift tents, they don't have clean water &amp; food is scarce."" - @MrMikeMcRoberts #nepal #NepalQuake…",other_useful_information,earthquake,Nepal,twitter
RT @Obremskeet: So huge earthquake in Nepal probably killing over a thousand people and @CNN is talking about Bruce Jenner. #ProblemsWithAm…,injured_or_dead_people,earthquake,Nepal,twitter
An amazing way anyone can help with mapping Nepal right now &amp; helping people find resources and routes! https://t.co/FEFuGW4Ozf,caution_and_advice,earthquake,Nepal,twitter
"RT @HuffingtonPost: If you're worried about loved ones in Nepal, this app could help http://t.co/duC4TsaQF8",other_useful_information,earthquake,Nepal,twitter
"RT @SkyNews: More than 4,000 people have died following Saturday's earthquake in Nepal, officials say #NepalEarthquake http://t.co/w3ztO7pu…",injured_or_dead_people,earthquake,Nepal,twitter
Phones jammed in Nepal. Thankfully for Whatsapp for communicating messages!,infrastructure_and_utilities_damage,earthquake,Nepal,twitter
RT @timesofindia: 500-year-old Kathmandu temple turned to rubble  http://t.co/s3PAWR6ehR,infrastructure_and_utilities_damage,earthquake,Nepal,twitter
RT @MEAIndia: #NepalEarthquake Update: 4 flights have returned from KTM with stranded Indians. Ten flights planned for day with personnel a…,displaced_people_and_evacuations,earthquake,Nepal,twitter
"VIDEO: 'I survived by eating butter': A 15-year-old boy rescued from the rubble of Nepal's earthquake, says he... http://t.co/pKTgg8kiWc",missing_trapped_or_found_people,earthquake,Nepal,twitter
"RT @anandmahindra: Kudos to @PMOIndia for alertness,visibility &amp; rapid action post the Nepal earthquake. The country expects &amp; deserves thi…",caution_and_advice,earthquake,Nepal,twitter
"@whoUmAr Kathmandu, the most vulnerable area. Just 300m far from me, most of the houses are collapsed :(",infrastructure_and_utilities_damage,earthquake,Nepal,twitter
Google launches Person Finder after Nepal Earthquake - Maine News - http://t.co/BGkAkGrXhW - #technews,missing_trapped_or_found_people,earthquake,Nepal,twitter
#NepalQuakeRelief  Serious logistical problem. Ineffectiveness of the government and dirty politics C K Lal next http://t.co/G5ZAaLJrZs,other_useful_information,earthquake,Nepal,twitter
"Landslides, Shortages Hinder Rescues As Nepal Quake Toll Rises: Officials in Nepal say the death toll from the... http://t.co/Um3LqGuITd",other_useful_information,earthquake,Nepal,twitter
Ancient collision made Nepal quake inevitable http://t.co/zokJGTdsDM,other_useful_information,earthquake,Nepal,twitter
"RT @UjjwalAcharya: Latest #NepalQuake death toll: 5,530",injured_or_dead_people,earthquake,Nepal,twitter
"So sad that there are places destroyed because of natural disaster, and other places destroyed by its own people #PrayForNepal #NotBaltimore",other_useful_information,earthquake,Nepal,twitter
Nepal's villages devastated by quake http://t.co/Y16pNSjDbF #Philadelphia #News,infrastructure_and_utilities_damage,earthquake,Nepal,twitter
http://t.co/styU34Eu05 #Nepalearthquake * Nepal Earthquake: Teen Pulled From Rubble Alive Five Days After Disaster N… http://t.co/igBspEuKT2,missing_trapped_or_found_people,earthquake,Nepal,twitter
RT @JoeReyn_23: The Nepal earthquake is such a catastrophic event because it's a 3rd world country with low economic capabilities and life …,other_useful_information,earthquake,Nepal,twitter
"""Climbers Describe Mayhem on Mount Everest After Nepal Earthquake"" by NIDA NAJAR via NYT http://t.co/gw2ZmXzGEx",other_useful_information,earthquake,Nepal,twitter
"RT @SladeHV: Drone footage from Nepal, no words http://t.co/Js2TLj7nxe (via @maxplenke)",infrastructure_and_utilities_damage,earthquake,Nepal,twitter
"RT @vijayprashad: 876 confirmed killed in Nepal. Subcontinent pushes up against the rest of Asia, driving upwards, crushing settlements htt…",injured_or_dead_people,earthquake,Nepal,twitter
"State helplines for Nepal Earthquake WB:1070, Gujarat: 079 23251900/ 079 23251902/ 14, Maharashtra: 011- 23380326, 022-22027990",caution_and_advice,earthquake,Nepal,twitter
RT @ajplus: The death toll continues to rise after the #NepalEarthquake and people are sleeping outdoors in fear of aftershocks. https://t.…,injured_or_dead_people,earthquake,Nepal,twitter
"Man pulled alive from rubble 80 hours after Nepal quake as death toll passes 5,000 http://t.co/Xay9RxpQ2j",displaced_people_and_evacuations,earthquake,Nepal,twitter
RT @MIB_India: #NepalEarthquake updates   https://t.co/0MjF6VrJfH,other_useful_information,earthquake,Nepal,twitter
RT @RW_HITMAN: According to @LambaAlka modi is helping nepal because there were 500 gujrati trapped. This women is worst then week old rott…,missing_trapped_or_found_people,earthquake,Nepal,twitter
"Many still missing as toll for Nepal's earthquake tops 5,000 (LA Times) http://t.co/ci85mJ9S1z",missing_trapped_or_found_people,earthquake,Nepal,twitter
@RanvirShorey location of Vipul in nepal. Vipul died in Nepal. Need help to get his body back to mumbai http://t.co/sS3QsjV50z,missing_trapped_or_found_people,earthquake,Nepal,twitter
"How to call Nepal for free on Viber:1) Dial the number in keypad with code +977or 2) Select ""Viber Out"" from contact page",other_useful_information,earthquake,Nepal,twitter
RT @9NewsAUS: Fears for six Australians missing in Nepal following powerful 7.9 magnitude earthquake. http://t.co/ByWnWrQDys #9News http://…,missing_trapped_or_found_people,earthquake,Nepal,twitter
RT @1roxxfoxx: Bigger Earthquake Coming on Nepal's Terrifying Faults https://t.co/5layHtcT7H via @LiveScience https://t.co/Oe1L2dC5H5,other_useful_information,earthquake,Nepal,twitter
The number of #Australians feared missing after #NepalEarthquake is growing. 66 names are on The Red Cross's Family Links website.,missing_trapped_or_found_people,earthquake,Nepal,twitter
"RT @parineeti28: So proud of our goverment ,Armed forces ,Air forces n each n evryone who is helping peoples who affected for their efforts…",other_useful_information,earthquake,Nepal,twitter
RT @MadihaAbidAli: Incredible images show baby pulled from rubble 22 hours after Nepal earthquake  http://t.co/oVKkNODlvR,missing_trapped_or_found_people,earthquake,Nepal,twitter
"Nepal’s hospitals are so overwhelmed, CNN reporter &amp; surgeon drsanjaygupta stepped into help http://t.co/DlMF9ArSqg http://t.co/I3yped5V4J",other_useful_information,earthquake,Nepal,twitter
RT @SylviaEken: #NepalQuake Death toll 1900 and 700 casuallties in Kathmandu valley. http://t.co/B8L6M4ERCD http://t.co/3mKXfbnY8K,injured_or_dead_people,earthquake,Nepal,twitter
Families wait for word on #Nepal missing; 4 Americans dead. http://t.co/D5JnZSF159,missing_trapped_or_found_people,earthquake,Nepal,twitter
RT @Superneha83: My cousin just sent me these pictures. The entire bhaktpur durbar square is no more! #Kathmandu #earthquake http://t.co/ec…,infrastructure_and_utilities_damage,earthquake,Nepal,twitter
RT @BBCSanjoyM: Japanese team joins rescue effort at Darbar Square #NepalEarthquake http://t.co/Cv01xkZBeH,other_useful_information,earthquake,Nepal,twitter
"Agree, divert our indo foreign aid to Nepal.  Indo too corrupt and primitive to use it wisely,  they don't deserve it #Bali9",other_useful_information,earthquake,Nepal,twitter
Hey @cnn no one cares about Bruce Jenner. Show news about #Nepal Something that actually has significance... #Pissed,other_useful_information,earthquake,Nepal,twitter
RT @GivMeSome_Mo: Death count is above 4600 in Nepal! That's insane!!! #PrayersUp,injured_or_dead_people,earthquake,Nepal,twitter
Chaos Reigns at Nepal's Only International Airport in Kathmandu http://t.co/5wZ9GyJ98q,infrastructure_and_utilities_damage,earthquake,Nepal,twitter
RT @AUThackeray: Spoke to Maharashtra Health Minister @drdeepaksawant who informed me that 28 doctors have been sent via Govt. to #Nepal la…,other_useful_information,earthquake,Nepal,twitter
RT @johnwoodRTR: Today in Kathmandu http://t.co/m9boCBIHNf,other_useful_information,earthquake,Nepal,twitter
"RT @nytimes: The Nepal earthquake touched off an avalanche on Mount Everest, causing injuries and deaths http://t.co/Yrs1MXK9H3 http://t.co…",other_useful_information,earthquake,Nepal,twitter
RT @nanu_shristi: #Thanks #Bhutan's team boarding flight at Paro for Kathmandu. #NepalQuake (photo via @tsheringtobgay) http://t.co/kLzwJpr…,other_useful_information,earthquake,Nepal,twitter
"top news: 'At times I thought I was dead,' says teen rescued from Nepal quake rubble - Los Angeles Times: Los ... http://t.co/xqNKukJzrJ",missing_trapped_or_found_people,earthquake,Nepal,twitter
@JohnDeVore Huh. I guess all those Christian missions to Nepal are to protect 7-11's Himlayan locations.,other_useful_information,earthquake,Nepal,twitter
"RT @ShiwaniNeupane: The sadness is sinking in. We have lost our temples, our history, the places we grew up. #NepalEarthquake",infrastructure_and_utilities_damage,earthquake,Nepal,twitter
"#Nepal #earthquake: death toll exceeds 1,000 people. http://t.co/QNKMfSPQqj #Everest",injured_or_dead_people,earthquake,Nepal,twitter
"RT @WNTonight: Death toll in #NepalEarthquake rises past 2,100 as rescuers continue search for survivors: http://t.co/4pPpR7Vn68 http://t.c…",injured_or_dead_people,earthquake,Nepal,twitter
RT @RuFrend: #500px : Nepal by 77em http://t.co/QBNsAct9wy,other_useful_information,earthquake,Nepal,twitter
RT @AFADTurkey: A search+rescue worker looks for a sign of life in a collapsed apartment building in Kathmandu. #NepalEarthquake http://t.c…,missing_trapped_or_found_people,earthquake,Nepal,twitter
RT @McNhlapo: Nepal earthquake: include persons with disabilities in emergency humanitarian efforts http://t.co/3fSf5UXPGg,other_useful_information,earthquake,Nepal,twitter
yare More aftershocks jolt Nepal as rains hamper aid workers - Hindustan Times: Hindustan TimesMore after... http://t.co/L4awUf4Yp9 yare,other_useful_information,earthquake,Nepal,twitter
"RT @rahulkanwal: Starts to rain in Kathmandu. Rescue operations affected. Officials fear wet bodies will start rotting, stinking. Fear of m…",other_useful_information,earthquake,Nepal,twitter
"New York TimesNepal Terrorized by Aftershocks That Stymie Relief EffortsNew York TimesKATMANDU, Nepal — A grow... http://t.co/qvk2SeTZXo",other_useful_information,earthquake,Nepal,twitter
RT @carolineheldman: Stef and Sophie Steffens have been found at #Bamboo Village! #LostTrekkersFound #Langtang #NepalEarthquake,missing_trapped_or_found_people,earthquake,Nepal,twitter
"Major Quake, Aftershocks in Nepal Kill More Than 2,100, Shake Mount Everest  RT @VOAAsia http://t.co/srcWsFrYuw",injured_or_dead_people,earthquake,Nepal,twitter
RT @ACOffice: Effects of earthquake 'devastating' says Deanery of Nepal http://t.co/UFEu5z1ZQJ #anglicancommunion @AngliAlliance http://t.c…,other_useful_information,earthquake,Nepal,twitter
"Hey, new tweet from @BBCBreaking. It's about Kathmandu. Full details: http://t.co/OYKbaJrsHW  / http://t.co/1kLDgFOSfR",other_useful_information,earthquake,Nepal,twitter
Earthquake-Hit Nepal at High Risk of Landslides in Coming Weeks: Study: The threat of landslides and mudslides... http://t.co/6Mw1VvVxtE,infrastructure_and_utilities_damage,earthquake,Nepal,twitter
RT @UNDP: Thousands of ppl in ##Nepal spent their first night under open skies with fears: http://t.co/JpLGALb3xH #NepalQuake http://t.co/G…,displaced_people_and_evacuations,earthquake,Nepal,twitter
RT @techtrends247: Before and after photos of Nepal's landmarks reveal devastating impact of earthquake http://t.co/CYa6wsil3C #tech #trend…,infrastructure_and_utilities_damage,earthquake,Nepal,twitter
Frustration Grows in Nepal as Earthquake Relief Trickles In http://t.co/b363GMuQua,other_useful_information,earthquake,Nepal,twitter
Britons caught up in Nepal disaster http://t.co/HMrXViaE3Q,other_useful_information,earthquake,Nepal,twitter
RT @Heifer: UPDATE: Heifer officials are working to assess safety of families as well as determine damage to homes in Nepal. http://t.co/iq…,infrastructure_and_utilities_damage,earthquake,Nepal,twitter
S. Korea Raises Travel Advisory for Quake-Hit Nepal http://t.co/hFJJuQ8sg6,other_useful_information,earthquake,Nepal,twitter
"RT @kashishds: Dharahara tower is busy destination for families on weekends. Today, it collapsed trapping many. Rescue ops ongoing. http://…",missing_trapped_or_found_people,earthquake,Nepal,twitter
RT @rahulkanwal: 5 commercial flights have landed in Kathmandu this evening.But weather prediction is grim. More rainfall expected.1000s st…,other_useful_information,earthquake,Nepal,twitter
RT @AnthoniaOrji: God have mercy! “@IndiaToday: #NepalEarthquake: 4-month-old baby rescued from rubble http://t.co/ZDRbRJbiGq http://t.co/j…,missing_trapped_or_found_people,earthquake,Nepal,twitter
"RT: Evacuees return by road from Nepal. Coordination between MEA, SSB, District Admn &amp; Customs in No Mans Land. http://t.co/pvqynYJyWo",displaced_people_and_evacuations,earthquake,Nepal,twitter
#earthquake Nepal: News release: Operation USA to Aid Recovery Efforts in Nepal Following Ma... http://t.co/F12SAKSz3D #crisismanagement,other_useful_information,earthquake,Nepal,twitter
RT @rtenews: A climber on Mount Everest captured a video of the moment an avalanche struck after the earthquake in Nepal https://t.co/ykMv8…,other_useful_information,earthquake,Nepal,twitter
RT @ICRC: #NepalQuake Our #familylinks website is in #Nepali too. Register if a relative is missing. Please retweet http://t.co/G1frQBCu8R …,missing_trapped_or_found_people,earthquake,Nepal,twitter
"Empirical law based on past earthquake sequences would predict largest aftershock of Nepal quake to be M6.7, magnitude of today's event.",other_useful_information,earthquake,Nepal,twitter
Nepal Earthquake: At Least 800 Feared Dead As 7.8 Magnitude Earthquake,injured_or_dead_people,earthquake,Nepal,twitter
"RT @ntparti: China rescue team leaves for #Nepal, expected to arrive in Katmandu midday Sunday. #Earthquake http://t.co/VU42zuzGSQ http://t…",other_useful_information,earthquake,Nepal,twitter
"RT @SueDHellmann: Terribly sad news. @AP: BREAKING: Nepal police say at least 1,130 dead in massive earthquake centered outside of Kathmand…",injured_or_dead_people,earthquake,Nepal,twitter
"RT @KatDavisToGo: ""@ScheuerJo @HelenClarkUNDP Millions of lives and livelihoods affected by #NepalEarthquake #Disaster  https://t.co/wofzyj…",other_useful_information,earthquake,Nepal,twitter
Idaho Natives In Nepal Reassure Relatives In Wake of Earthquake http://t.co/Mbyv4ffj1R,other_useful_information,earthquake,Nepal,twitter
"RT @MEAIndia: With road becoming operational, buses are being organized b/w Kathmandu, Gorakhpur and Raxaul #NepalQuake http://t.co/GoUED48…",other_useful_information,earthquake,Nepal,twitter
"RT @gauravcsawant: Army sends back Nepali Gorkha soldiers to check on home &amp; help: Maj Gen Ranbir Singh, Addl Dir Gen Mil Ops http://t.co/7…",other_useful_information,earthquake,Nepal,twitter
RT @unicefusa: Death toll from the #Nepal earthquake continues to rise; massive relief efforts are under way. Please RT. Donate now https:/…,injured_or_dead_people,earthquake,Nepal,twitter
@joshelliott14 my email is s.halyk@soschildrensvillages.ca shoot me an email and I will update you on how we are helping in Nepal,other_useful_information,earthquake,Nepal,twitter
"RT @katesictibet: So far, four known Tibetan deaths in Nepal #Nepalquake, 20 so far known in TAR",injured_or_dead_people,earthquake,Nepal,twitter
"RT @ICRC: #NepalQuake #Tips Expect + aftershocks.  Usually less violent than main quake, they can do additional damage to weakened structur…",other_useful_information,earthquake,Nepal,twitter
"7.9 Nepal Earthquake Kills Over 100 #Nepal, #earthquake, #newsnepal   http://t.co/4earxP0bmI",injured_or_dead_people,earthquake,Nepal,twitter
RT @WilliamsJon: Incredible @epaphotos image of man trapped by #NepalQuake upto his chest. And he's one of the lucky ones! #Nepal http://t.…,missing_trapped_or_found_people,earthquake,Nepal,twitter
"RT @NorthmenPK: #Everest as per Mountain Trip team, death toll in BC is more than 20, many missing. http://t.co/E2lNYOP0K3 #NepalQuake #Nep…",injured_or_dead_people,earthquake,Nepal,twitter
"RT @nytimes: Fearing for their families after the Nepal earthquake, thousands return to isolated villages http://t.co/uoto2Ekl7N http://t.c…",other_useful_information,earthquake,Nepal,twitter
RT @CNN: Tales of visitors who survived #NepalEarthquake -- and those who did not http://t.co/8Fusw3j17t http://t.co/mq6DrAeByV,injured_or_dead_people,earthquake,Nepal,twitter
VIDEO: Restaurant scoured for quake survivors: Rescuers in Nepal are still hopeful that the... http://t.co/VGTjUP21AK #news #socialmedia,missing_trapped_or_found_people,earthquake,Nepal,twitter
"RT @MontrealCP: Nepal 7.9 earthquake hits populated Kathmandu Valley: A powerful, 7.9-magnitude earthquake shook Nepal's capital… http://t.…",other_useful_information,earthquake,Nepal,twitter
RT @vakeel_saheba: A friend of mine was in Nepal for a trek. He can't be contacted now. Please RT #NepalHelpNeeded #NepalEarhquake http://t…,missing_trapped_or_found_people,earthquake,Nepal,twitter
RT @cnni: Scientists knew the tragic #NepalQuake was coming eventually: http://t.co/vj9KbbrHjb,other_useful_information,earthquake,Nepal,twitter
"RT @EconomicTimes: #NepalQuake: Let it be known that India is helping all, says Cabinet Secretary http://t.co/WdJp3eE1xV http://t.co/DLJfzM…",other_useful_information,earthquake,Nepal,twitter
RT @htTweets: 34 people killed in India after Nepal earthquake: Union home secretary,injured_or_dead_people,earthquake,Nepal,twitter
"Devastation and resilience after the #NepalEarthquake, captured by @siobhanheanue over 5 days http://t.co/3dpE4NDUpm http://t.co/1N8LCbD3wR",other_useful_information,earthquake,Nepal,twitter
"RT @narendramodi: Spoke to PM Sushil Koirala, who is in transit in Bangkok on his way to Kathmandu. Assured all support &amp; assistance during…",other_useful_information,earthquake,Nepal,twitter
"RT @abc7newsBayArea: #BREAKING: Officials say the death toll from the massive #NepalEarthquake has surpassed 4,000. http://t.co/J0QB6laMcc …",injured_or_dead_people,earthquake,Nepal,twitter
#retweet : National reconstruction in Nepal requires a constitution and local elections - Economic Times (blog) http://t.co/1DHJkwORSF,other_useful_information,earthquake,Nepal,twitter
Massive #earthquake below #Nepal - At least 630 fatalities so far - economic losses 3-5 billion $,injured_or_dead_people,earthquake,Nepal,twitter
Powerful Aftershock Jars Katmandu; Nepal Quake Toll Rises: A magnitude 6.7 aftershock rumbled Katmandu and sent… http://t.co/DAeD1NvkzA,other_useful_information,earthquake,Nepal,twitter
"RT @mama_finch_: Jacob Riordan, my baby brother, missing since the #earthquake in #nepal. Pls RT and contact us if you've seen him. http://…",missing_trapped_or_found_people,earthquake,Nepal,twitter
RT @nytvideo: Many of Kathmandu's iconic buildings were lost in the earthquake that rocked Nepal http://t.co/OeHWrEBtr8,infrastructure_and_utilities_damage,earthquake,Nepal,twitter
RT @johnspatricc: → http://t.co/FmRlPXX4Tm Nepal Earthquake: Mount Everest Avalanche Wounded Get Rescue Choppers #Nepalearthquake  603 http…,other_useful_information,earthquake,Nepal,twitter
RT @weeddude: An avalanche triggered by a massive earthquake swept across Everest Base Camp on Saturday http://t.co/Xjd2XZPk05 http://t.co/…,caution_and_advice,earthquake,Nepal,twitter
@surprisethere http://t.co/OGgZN4bR1h Really interesting read in light of the horrific Nepal earthquake.,other_useful_information,earthquake,Nepal,twitter
"RT @KuleVeZaka: About 1400 feared dead in the  #NepalQuake, pray for Nepal",injured_or_dead_people,earthquake,Nepal,twitter
"Nepal Airport Provides Shelter, Relief and Treatment http://t.co/dFktcmb88c #News #USA",other_useful_information,earthquake,Nepal,twitter
RT @BBCBreaking: Nepal #earthquake latest:  - reports of avalanches in Everest - temples flattened - unknown numbers killed &amp; injured http:…,infrastructure_and_utilities_damage,earthquake,Nepal,twitter
"Quake has left scar for life, says Kolkata homemaker in Kathmandu http://t.co/eXjDDm8KFz http://t.co/sEiXWVbs2j #PriyankaLuvv",infrastructure_and_utilities_damage,earthquake,Nepal,twitter
"Nepal Earthquake: Model Pooja Missra Was in Kathmandu, is 'Grateful to be Alive': ""It was like mayhem. It looked like a refugee camp ...",other_useful_information,earthquake,Nepal,twitter
"RT @OCHAAsiaPac: Some 70,000 houses estimated to be destroyed and 530,000 damaged during the #NepalQuake: http://t.co/1LK4f9JCva http://t.c…",infrastructure_and_utilities_damage,earthquake,Nepal,twitter
"RT @NeelakshiGswm: India's response was like extending blank cheque, says #Nepal  ★My PM is full of love, never lose faith in him★",other_useful_information,earthquake,Nepal,twitter
#shipping VIDEO: Britons return from Nepal ordeal: A plane carrying 120 British people caught up in the Nepal ... http://t.co/TFLoTejoHk,missing_trapped_or_found_people,earthquake,Nepal,twitter
"Every time I see that the number of dead in #Nepal has risen, I get sick inside all over again.",injured_or_dead_people,earthquake,Nepal,twitter
Quake-hit Nepal at high risk of landslides in coming weeks http://t.co/PnIOgWUYtt #TopNews,caution_and_advice,earthquake,Nepal,twitter
Hundreds of climbers trapped on Everest after Nepal quake  Hundreds of climbers trapped in mountains; ten believed de http://t.co/xhws8BU3We,missing_trapped_or_found_people,earthquake,Nepal,twitter
"RT @cnnbrk: At least 2,263 people have died in Nepal from massive #NepalEarthquake and aftershocks, official says. http://t.co/hCyjO7YyS7",injured_or_dead_people,earthquake,Nepal,twitter
RT @ShakingEarth: Massive earthquake below Nepal - At least 174 fatalities so far (expect to rise further) - http://t.co/6zdFQouDqz http://…,injured_or_dead_people,earthquake,Nepal,twitter
RT @BBCBreaking: 17 confirmed killed when avalanche hit Mount Everest base camp after #NepalQuake - mountain's worst-ever disaster http://t…,injured_or_dead_people,earthquake,Nepal,twitter
"Nepal Earthquake: She Was My Everything, Says a Distraught Father: As he watched Nepalese police rescuers fina... http://t.co/ob2HCN8vyi",other_useful_information,earthquake,Nepal,twitter
RT @DRUDGE_REPORT: NEPAL STRUGGLES TO RECOVER THE DEAD http://t.co/Lc6NPxNIML,injured_or_dead_people,earthquake,Nepal,twitter
"RT @puneetarora82: India evacuates 170 (air) + 251(by land) foreign nationals.#NepalEarthquake  #SevaParmoDharma http://t.co/27f1FJCpVp"" ht…",displaced_people_and_evacuations,earthquake,Nepal,twitter
@kirkyboy79 I'm comparing the amount we're spending on nuclear weapons &amp; the amount we're spending on foreign aid. Nepal = 0.01% of Trident.,other_useful_information,earthquake,Nepal,twitter
RT @SSMAAds: Nepal teen rescued from rubble 5 days after earthquake: The long-absent noise of cheers rang out in Nepal's ca... http://t.co/…,missing_trapped_or_found_people,earthquake,Nepal,twitter
RT @TimesNow: We have mobilised all resources to support Nepal in the wake of devastating earthquake: Defence Minister Manohar Parrikar (PT…,other_useful_information,earthquake,Nepal,twitter
RT @VOANews: Major Quake in Nepal http://t.co/PrunXSSx6b,other_useful_information,earthquake,Nepal,twitter
RT @BBCNewsAsia: #NepalQuake: How India and China vie for influence http://t.co/5Adlq6XRAA (via @soutikBBC ) http://t.co/pmqUuoCVz5,other_useful_information,earthquake,Nepal,twitter
"#NepalEarthquake #Nepal Officials say death toll from massive Nepal earthquake has surpassed 4,000, says AP",injured_or_dead_people,earthquake,Nepal,twitter
RT @thekiranbedi: Thank you @PMOIndia for being very effective and sensitive in responding with total sense of urgency and concern in sendi…,other_useful_information,earthquake,Nepal,twitter
RT @DelhiTweeter: Historical Dharahara tower (1832) was built by the Prime Minister BHIMSEN THAPA. Just collapsed due to #earthquake. http:…,infrastructure_and_utilities_damage,earthquake,Nepal,twitter
"http://t.co/WYDc8qVXNe. leading Eng news paper of Nepal.Positive attitude-""After the darkness,there will be light"".",other_useful_information,earthquake,Nepal,twitter
@USAID This is a database with the location and needs of people trapped in Nepal. http://t.co/SEG4iu67gs Many are in need of evac &amp; supplies,missing_trapped_or_found_people,earthquake,Nepal,twitter
"RT @jhyal: Source: ""Money-minded commercial flights to Kathmandu one of the reasons for relief flights being diverted or delayed."" #NepalEa…",other_useful_information,earthquake,Nepal,twitter
Day 4-14 foll a disaster like #NepalEarthquake are crucial for medical teams to provide live-saving trauma care to those w/ injuries @WHO,other_useful_information,earthquake,Nepal,twitter
Nepal Earthquake 2015: http://t.co/D0n5UC2Rbc via @YouTube,other_useful_information,earthquake,Nepal,twitter
"RT @nytimes: Earthquake devastates Nepal, killing more than 1,300 How to help the relief effort: http://t.co/Is8u6nKIzg http://t.co/YO0rzgh…",injured_or_dead_people,earthquake,Nepal,twitter
RT @UNOSAT: UNOSAT #RapidMapping service activated for #NepalEarthquake @DisastersChart @UNICEF @UNOCHA @CrisisMappers @eu_echo @UNESCAP,other_useful_information,earthquake,Nepal,twitter
"RT @WHO: Following an earthquake like #NepalEarthquake, open wounds must be considered as contaminated &amp; should not be closed http://t.co/z…",caution_and_advice,earthquake,Nepal,twitter
#Nepal #Rescue – Nepal Earthquake Crews Race to Rescue Climbers on Mount… http://t.co/FekXnpBsfx #News #climb http://t.co/wHcIwGbLxy,other_useful_information,earthquake,Nepal,twitter
17 mountaineer's confirmed death.Nepal Envoy thanks India.,injured_or_dead_people,earthquake,Nepal,twitter
"RT @SPoonia777: Dharara Tower, built in 1832, collapses in #Kathmandu during earthquake,Plz Guru ji please help them victims ppl #MSGHelpEa…",infrastructure_and_utilities_damage,earthquake,Nepal,twitter
"Nepal Earthquake Explained, Prediction of a More Lethal One in Near Future [Video] #nepal, #earthquake, http://t.co/5xvZKQIlLg",other_useful_information,earthquake,Nepal,twitter
"RT @amidpaudyal: @MbasuCNN Ms. Basu, Nepal is not a hell, even after the earthquake!!!! It's a natural disaster! #CNN #NepalEarthquake http…",other_useful_information,earthquake,Nepal,twitter
RT @ShankhNaad: Dear @narendramodi pls announce complete rehabilitation in Nepal by Bharat. Let the world know we take complete responsibil…,other_useful_information,earthquake,Nepal,twitter
#Nepal families cremating the bodies of their family members in the fields  Photo: Niranjan Shrestha - @AP http://t.co/BLwQjhIiCK,injured_or_dead_people,earthquake,Nepal,twitter
"@NMenonRao @ndtv is there prediction for aftershock in Nepal. My relative is in Birgunj, border of Bihar.",other_useful_information,earthquake,Nepal,twitter
RT @prabalgurung: Power outages in Nepal. Any hacks to charge mobile phones etc without electricity? or any other disaster survival hacks p…,infrastructure_and_utilities_damage,earthquake,Nepal,twitter
"RT @nytimesworld: Nepal’s Historic Sites, Before and After http://t.co/DMJjrR2t57",infrastructure_and_utilities_damage,earthquake,Nepal,twitter
@timesofindia  Really pathetic. Still we dont know how much the toll will rise. #NepalEarthquake.,injured_or_dead_people,earthquake,Nepal,twitter
Quick News: Is Low Self-Control a Threat to Security? City of Kathmandu shifted 10 feet by earthquake Desperat... http://t.co/SLeP59rqyS,other_useful_information,earthquake,Nepal,twitter
"RT @clarke253: In other news today, over 2000 were killed in a massive earthquake in Nepal, and an avalanche on Everest, yet Bruce Jenner w…",injured_or_dead_people,earthquake,Nepal,twitter
RT @johnspatricc: → http://t.co/7ODcTiHpQJ #Nepalearthquake Nepal earthquake Villages Near Nepal Earthquake s Epicenter Are Desperate as De…,other_useful_information,earthquake,Nepal,twitter
"RT @BBCBreaking: Eight bodies recovered from Everest after avalanche triggered by Nepal #earthquake, say authorities http://t.co/3BTo9l1QZ4",injured_or_dead_people,earthquake,Nepal,twitter
"In Kathmandu Valley, quake-hit Nepalis fend for themselves: By Ross Adkin DHADING, Nepal (Reuters) - Barely an... http://t.co/pVULsiIXku",other_useful_information,earthquake,Nepal,twitter
"RT @Punechi: Cousin was hiking in Nepal when earthquake hit. Throw this an RT, you never know who may see it &amp; could help  https://t.co/EJ2…",missing_trapped_or_found_people,earthquake,Nepal,twitter
#youtube Nepal earthquake: 25 shocking pictures summarising the tragedy http://t.co/Peq9cWJwr9,other_useful_information,earthquake,Nepal,twitter
RT @NeelakshiGswm: #NepalEarthquake Israeli planes carrying advance search &amp; rescue team took off for Nepal earlier this morning. http://t.…,missing_trapped_or_found_people,earthquake,Nepal,twitter
Aircraft to evacuate Canadians set to arrive in earthquake-hit Nepal http://t.co/tla1vQABRm,displaced_people_and_evacuations,earthquake,Nepal,twitter
"RT @davidshukmanbbc: As if the quake itself wasn't bad enough, @NASA now warns of a serious landslide risk too #NepalEarthquake  https://t.…",infrastructure_and_utilities_damage,earthquake,Nepal,twitter
RT @cnnbrk: Rescuers in Nepal pulled man from wreckage of building where he was stuck for 80 hours after quake that hit Saturday. http://t.…,missing_trapped_or_found_people,earthquake,Nepal,twitter
"RT @BBCWorld: Avalanche like ""50 storey building of white"" - Everest #NepalQuake survivors describe ordeal http://t.co/uIfwbQPTo0 http://t.…",other_useful_information,earthquake,Nepal,twitter
"RT @GMA: ""I am thankful."" Man describes how he survived in rubble for 82 hours after Nepal earthquake. http://t.co/e91sGik7mF http://t.co/2…",missing_trapped_or_found_people,earthquake,Nepal,twitter
12 helicopters - 6 from India- involved in  rescue across Nepal. 6 more helicopters expected from India.,other_useful_information,earthquake,Nepal,twitter
RT @iSupportNamo: A total of 10 NDRF teams currently operating in Nepal.6 more teams being readied for deployment: MEA,other_useful_information,earthquake,Nepal,twitter
Nepal earthquake: authorities struggle to cope despite international aid efforts http://t.co/dkAh6OSSnj #wnn7,other_useful_information,earthquake,Nepal,twitter
RT @third_pole: Bad weather slow government response hampers #NepalEarthquake #relief efforts in Gorkha http://t.co/sgTBKwQye2 http://t.co/…,other_useful_information,earthquake,Nepal,twitter
RT @AP: BREAKING: Police say a woman has been rescued from rubble 5 days after massive Nepal earthquake.,missing_trapped_or_found_people,earthquake,Nepal,twitter
#NepalEarthquake:List of places to get food &amp; shelter in #Kathmandu @dibang @NaghmaNDTV @kundadixit @toi_BhartiJ http://t.co/hSmZwrWy5b,other_useful_information,earthquake,Nepal,twitter
RT @JantaKaReporter: IAF is evacuating 250 persons from Kathmandu today. Pls. ask your relatives to get in touch with Indian mission there:…,displaced_people_and_evacuations,earthquake,Nepal,twitter
Dear bhakts NEPAL is not just a tragedy struck nation but also a cushion between India and China,other_useful_information,earthquake,Nepal,twitter
"RT @RajivPratapRudy: Under 14 Indian girls soccer team trapped in Kathmandu.Talked to .@SushmaSwaraj ji, Embassy organizing immediate evacu…",missing_trapped_or_found_people,earthquake,Nepal,twitter
RT @lizzypatrickk: I miss you big bubbyὡ3 #NepalEarthquake I'll find you soon,missing_trapped_or_found_people,earthquake,Nepal,twitter
At least 21 Portuguese identified in Nepal  http://t.co/077fAeyquX,missing_trapped_or_found_people,earthquake,Nepal,twitter
RT @NeelakshiGswm: Hindus &amp; Buddhists in #Nepal never attacked anyone. Still filthy #Pak humiliating them for spreading islam during traged…,other_useful_information,earthquake,Nepal,twitter
RT @tanujalimaye: #ArtofLiving Nepal Centre providing shelter to 100's of ppl. Volunteers providing food&amp; water#Nepal http://t.co/PURERvbUw…,displaced_people_and_evacuations,earthquake,Nepal,twitter
RT @drsanjaygupta: nepal paper reports this 4 mo old baby was rescued 22+ hours after the #nepalquake. stable w/ no internal injuries! http…,missing_trapped_or_found_people,earthquake,Nepal,twitter
"RT @AP: BREAKING: Police say at least 3,617 people have been confirmed dead in Nepal after massive quake",injured_or_dead_people,earthquake,Nepal,twitter
"RT @abcnews: Death toll from #NepalEarthquake jumps to 876, including 524 from Kathmandu valley, police say http://t.co/K0D94ESuP5 http://t…",injured_or_dead_people,earthquake,Nepal,twitter
"RT @gauravcsawant: 1457 dead. could rise to 5,000 or more: Ram Sharan Mahat, finance minister of Nepal tells @rahulkanwal &amp; I on @Headlines…",injured_or_dead_people,earthquake,Nepal,twitter
Latest News: India Evacuates 170 Foreigners From Nepal http://t.co/MPXSbHA6QI,displaced_people_and_evacuations,earthquake,Nepal,twitter
RT @geoawesomeness: #NepalEarthquake Your help can make a difference! Assist @hotosm &amp; @KTMLivingLabs w/ #maps http://t.co/p8d1fJWMUT http:…,other_useful_information,earthquake,Nepal,twitter
"RT @SPoonia777: Nepal landmark 200 years old, Dharahara Tower collapsed from earthquake  Pray for Nepal ! #MSGHelpEarthquakeVictims http://…",infrastructure_and_utilities_damage,earthquake,Nepal,twitter
What did people think caused earthquakes back in ancient times? http://t.co/fFbYkzfcuw #NepalEarthquake #earthquakes #myths,other_useful_information,earthquake,Nepal,twitter
RT @LondonFire: 5 London Firefighters have been deployed to #Nepal as part of the #earthquake rescue effort http://t.co/0bMwue8LWP http://t…,other_useful_information,earthquake,Nepal,twitter
#NepalQuake  More than 4600 killed - the government declares three days of mourning     RW,injured_or_dead_people,earthquake,Nepal,twitter
RT @CBSNews: Amazing story of survival: Rescuers find baby buried under rubble in Nepal for 22 hrs — alive http://t.co/QRRTIEL1wW http://t.…,missing_trapped_or_found_people,earthquake,Nepal,twitter
"RT @everyEarthquake: USGS reports a M5.2 #earthquake 29km ESE of Lamjung, Nepal on 4/25/15 @ 12:44:04 UTC http://t.co/XI0ksF0eOD #quake",other_useful_information,earthquake,Nepal,twitter
RT @cnni: Roads are so damaged in Nepal it took a CNN crew two hours to go 20 miles -- a major challenge for rescue and aid: http://t.co/CT…,infrastructure_and_utilities_damage,earthquake,Nepal,twitter
Nepalese Dig With Bare Hands for Earthquake Survivors: Rescuers dug with their bare hands and bodies piled up in Nepal today after an...,injured_or_dead_people,earthquake,Nepal,twitter
"Nepal earthquake: Brit among 5,000 killed, Foreign Office confirms http://t.co/ix1URgVMtO http://t.co/ONv6YFDxm0",injured_or_dead_people,earthquake,Nepal,twitter
"RT @db_is_db: We cannot prevent natural disasters, but we can prevent #SoulVultures. Gorkhas died for India, now our turn to help Nepal bou…",other_useful_information,earthquake,Nepal,twitter
RT @humdata new crisis page on HDX  #NepalEarthquake @UNOCHA http://t.co/cOpfZuKi7E http://t.co/4GliNrOUzB @NSETNepal1 @NepalDRR @UNDPNepal,other_useful_information,earthquake,Nepal,twitter
RT @AFP: #BREAKING At least 114 killed in Nepal earthquake: home ministry,injured_or_dead_people,earthquake,Nepal,twitter
RT @JigarShahDC: #Solar lamps only public light in #Nepal; electric poles down; solar now has a crucial role during disasters. http://t.co/…,infrastructure_and_utilities_damage,earthquake,Nepal,twitter
"#USA #News: Nepal quake: Hundreds dead, Everest shaken: A powerful earthquake struck Nepal S... http://t.co/Knhr5ethsv via .@TheNewsHype",injured_or_dead_people,earthquake,Nepal,twitter
RT @GlobalGrindNews: 700 people found dead after a devastating 7.8 magnitude earthquake hits Nepal http://t.co/OreMX0ya1H,injured_or_dead_people,earthquake,Nepal,twitter
"RT @ndtv: 686 people killed after strong #earthquake, says Nepal government",injured_or_dead_people,earthquake,Nepal,twitter
China Rushes Aid to Nepal; Taiwan Is Turned Away http://t.co/hEseSA6qyd,other_useful_information,earthquake,Nepal,twitter
RT @WSJ: Hindus bear loved ones’ bodies to Nepal holy site. “Nobody will love me as much as she did” http://t.co/OxhJubLvkp http://t.co/rUy…,injured_or_dead_people,earthquake,Nepal,twitter
RT @DrGPradhan: .@MehrTarar Pak also owes Nepal and whole world how dare they raise their flag on rescue mission? http://t.co/oeZro7zcDj,other_useful_information,earthquake,Nepal,twitter
"RT @omojuwa: #PrayforNepal over 2,000 people dead. Pray for Jordan too.",injured_or_dead_people,earthquake,Nepal,twitter
RT @StoryPicker: This Is How Scary Nepal &amp; Parts Of India Look After Today Morning’s Earthquake http://t.co/xb5nfE7tF8 #earthquake http://t…,infrastructure_and_utilities_damage,earthquake,Nepal,twitter
"Nepal earthquake, Baltimore riots, kids asking Stephen Hawking about One Direction... news today is overwhelmingly sad",other_useful_information,earthquake,Nepal,twitter
Israel criticized for touting Nepal rescue while Gaza is still in ruins http://t.co/ccEpEZ71fa,infrastructure_and_utilities_damage,earthquake,Nepal,twitter
Death roll croses 2000 in nepal now #earthquake,injured_or_dead_people,earthquake,Nepal,twitter
"RT @cnni: BREAKING: Death toll in #Nepal after #earthquake stands at 597, spokesman for Nepal's Ministry of Home Affairs says. http://t.co/…",injured_or_dead_people,earthquake,Nepal,twitter
"RT @UNDP: Jamie McGoldrick, head of @UN_Nepal @undpnepal speaks to @ABCNews' @eleanorhall1 @amworldtodaypm on #NepalQuake: http://t.co/kOAf…",other_useful_information,earthquake,Nepal,twitter
RT @noconversion: Nepal Xtian Missionaries they r going to use this Earthquake to convert #NepalEarthquake  #Nepal  #NepalQuakeRelief http:…,other_useful_information,earthquake,Nepal,twitter
RT @Kal_Chiron: Example of a typical muslim - @pari72 - says Nepal's earthquake is allah's punishment to infidels.   https://t.co/dzRn35EBqS,other_useful_information,earthquake,Nepal,twitter
"Powerful quake kills nearly 1800 people in Nepal, toll expected to rise http://t.co/xKuytCzKWE",injured_or_dead_people,earthquake,Nepal,twitter
"A 10-Year-Old's View Of The Nepal Earthquake: ""It would be so much more convenient if the earthquake would sen... http://t.co/LtLhg5WAyd",other_useful_information,earthquake,Nepal,twitter
RT @thereaIbanksy: Kathmandu’s Patan Durbar Square before and after the #NepalEarthquake http://t.co/CSQCWbR1Ea,infrastructure_and_utilities_damage,earthquake,Nepal,twitter
RT @PictureGlobal: Tech giants help track Nepal earthquake survivors - MarketWatch http://t.co/TlgmOGANGL,missing_trapped_or_found_people,earthquake,Nepal,twitter
RT @mellberr: » http://t.co/SgTIcaSt1a Nepal earthquake #Nepalearthquake Nepal earthquake: Death toll nears 4000 » UPDATE » England GBR Wat…,injured_or_dead_people,earthquake,Nepal,twitter
Deadly Earthquake in Nepal http://t.co/ci9u4QsC3B,other_useful_information,earthquake,Nepal,twitter
"Death toll rises to over 1,100 in Nepal earthquake | Fox News Video Ἰ8 http://t.co/9d3wJXRBI5",injured_or_dead_people,earthquake,Nepal,twitter
RT @briannacabello1: 1000 people in Nepal died today. Be thankfulὤF,injured_or_dead_people,earthquake,Nepal,twitter
Search for Nepal earthquake survivors intensifies http://t.co/630VkB2Eju,missing_trapped_or_found_people,earthquake,Nepal,twitter
Nepal earthquake: Amanda Holden's sister escapes Everest avalanche http://t.co/GvAc9rLxJJ,displaced_people_and_evacuations,earthquake,Nepal,twitter
RT @Jal_Kukdi: Few months ago Modi said that Nepal is like India's extended family and today his actions are speaking louder than his words…,other_useful_information,earthquake,Nepal,twitter
"RT @WorldVisionUSA: Children after Nepal earthquake scared, won't let go of parents. It's freezing—need shelter: http://t.co/ZqF1mLvnHg htt…",other_useful_information,earthquake,Nepal,twitter
"RT @nearthebeach: @billyeichner My nephew Joshua Edwards, 19, is missing in Nepal. We have not heard from him. Would you kindly RT? Pls htt…",missing_trapped_or_found_people,earthquake,Nepal,twitter
Shelter Dogs Now Helping Save Lives In Nepal Following Earthquake - http://t.co/V8Ja6VMINv http://t.co/qN2n8ENWph,other_useful_information,earthquake,Nepal,twitter
RT @MDVForeign: FM Dunya personally received the Maldivians who arrived last night on Maldivian flight from Dhaka #NepalQuake http://t.co/K…,other_useful_information,earthquake,Nepal,twitter
"There's civil unrest/violence in Baltimore and a horrible disaster in Nepal, and all the media cares about is a transgender Republican ὢA",other_useful_information,earthquake,Nepal,twitter
RT @ls2008: Nepal PM slams Church Missionaries for sending plane full of Bibles http://t.co/V2LXFsPuUE #NepalEarthquake #FraudAAP NGOs,other_useful_information,earthquake,Nepal,twitter
"RT @JohnParisella: Canada boosts aid as Nepal death toll surpasses 4,000 http://t.co/g5RwLsVsZP",injured_or_dead_people,earthquake,Nepal,twitter
RT @MaxAbrahms: Now that's anti-Israel bias: @hrw executive director @KenRoth used #Nepal quake to criticize Israel -- for helping! https:/…,other_useful_information,earthquake,Nepal,twitter
"#Nepal #NepalEarthquake  Canadian girlfriend is looking for boyfriend Shankar Kafle, 21, male, 5'7"", he is slim... http://t.co/abETYlv365",missing_trapped_or_found_people,earthquake,Nepal,twitter
RT @KristinaFunkova: Pls help to find my sis and her husbad @caitrionambalfe @SamHeughan  #NepalEarthquake #langtang http://t.co/8iA8nttU6w,missing_trapped_or_found_people,earthquake,Nepal,twitter
"RT @WSJ: Powerful quake near Nepal capital causes widespread damage, avalanche near Everest base camp http://t.co/YkBNNxGvDR http://t.co/9e…",infrastructure_and_utilities_damage,earthquake,Nepal,twitter
Nepal hits me at home man :(,other_useful_information,earthquake,Nepal,twitter
Four Hongkongers missing after Nepal earthquake found safe and well - South China Morning Post (subscription) http://t.co/dFhobdq2Er #hon…,missing_trapped_or_found_people,earthquake,Nepal,twitter
Nepal quake toll crosses 4000; Many still feared trapped... http://t.co/W8G27mgI9C,injured_or_dead_people,earthquake,Nepal,twitter
RT @smitharyy: » http://t.co/MXj3EAk0M2 Extent of the Damage From the Nepal Earthquake #NepalMap 881,infrastructure_and_utilities_damage,earthquake,Nepal,twitter
"More Than 2,500 Confirmed Dead in Nepal Earthquake http://t.co/cmhdqxhMjo johnny heath corpus christi , news",injured_or_dead_people,earthquake,Nepal,twitter
RT @paddukonisetti: This #Amul ad of Himalayan tragedy is very thoughful #NepalEarthquake http://t.co/JBYQDMnAld,other_useful_information,earthquake,Nepal,twitter
Air India resumes flights to Nepal: National carrier Air India resumed its flights to quake-hit Nepal with two services- one each fro...,other_useful_information,earthquake,Nepal,twitter
"""@firstpost: Strong tremors felt across north India as earthquake of magnitude 7.5 hits Nepal http://t.co/o9wwJOn9ay http://t.co/sYqqCQW4sf""",other_useful_information,earthquake,Nepal,twitter
RT @Muslim_Ahmadi_: In the name of #NepalQuakeRelief Pakistan sending beef masala to #Nepal. That's a big news being circulated in Indian m…,other_useful_information,earthquake,Nepal,twitter
Emergency Contact Details for #Expats in #Nepal | AngloINFO World: #Expat Life http://t.co/ig0p0rZ571 @FCOtravel,other_useful_information,earthquake,Nepal,twitter
"""@ishaantharoor: Nepal's other disaster: Its politics http://t.co/8hz23ZF9OA https://t.co/eqMHCNqAi3""",other_useful_information,earthquake,Nepal,twitter
RT @III_Research: Nepal Earthquake Losses Could Top $2 Billion; Little Insurance Coverage http://t.co/CPgqzbzFrI,other_useful_information,earthquake,Nepal,twitter
"RT @NPRrussell: The death toll from Saturday's earthquake in Nepal continues to rise: 5,693 dead and 11,538 injured. @NEoCOfficial",injured_or_dead_people,earthquake,Nepal,twitter
Google-News- Nepal earthquake: Hopes fade for survivors; 180 rescued on Mount Everest… http://t.co/rzDUOiUCiz,missing_trapped_or_found_people,earthquake,Nepal,twitter
RT @BBCSanjoyM: 15 yr old quake survivor ate clarified butter and drank water dripping from a wet cloth - drs say he is in a good condition…,missing_trapped_or_found_people,earthquake,Nepal,twitter
"RT @XHNews: Breaking: Death toll from Nepal earthquake surpasses 1,800, over 4,700 injured -- Home Ministry #NepalEarthquake http://t.co/sn…",injured_or_dead_people,earthquake,Nepal,twitter
"New: Nepal earthquake: death toll climbs past 4,000 with many more missing – rolling report http://t.co/AeHxWbQ8J1 #follow Go to … world_…",injured_or_dead_people,earthquake,Nepal,twitter
RT @ibnlive: BREAKING | Emergency declared in Nepal after massive #NepalQuake kills over 700 people LIVE: http://t.co/nAGJZvxOXM http://t.c…,injured_or_dead_people,earthquake,Nepal,twitter
Horrid to see destruction of Nepal's heritage buildings: Amitabh Bachchan: Amitabh Bachchan has mourned the lo... http://t.co/msNHjVgyga,infrastructure_and_utilities_damage,earthquake,Nepal,twitter
RT @MaherZains: What to do during #earthquake! Plz Retweet #Nepal #NepalEarthquake  #NepalQuakeRelief http://t.co/EsD9lAa5EK,caution_and_advice,earthquake,Nepal,twitter
RT @spmrfoundation: India assisted in evacuation of 170 nationals frm 15 countries frm Nepal via commrcial &amp; IAF aircraft @anirbanganguly h…,displaced_people_and_evacuations,earthquake,Nepal,twitter
Less focus on Baltimore and more on Nepal.,other_useful_information,earthquake,Nepal,twitter
"@samratzz We will be posting relief jobs soon for the #Nepal response. Once they're up, read more and apply if qualified!",other_useful_information,earthquake,Nepal,twitter
Nepal quake: Quake deals heavy blow to Nepal's rich cultural heritage: KATHMANDU (AFP): Reduced to pile... http://t.co/4InAy0ADFF #JDT01,infrastructure_and_utilities_damage,earthquake,Nepal,twitter
"'Massive' Earthquake In Nepal Kills Over 1,800 http://t.co/xkxjrTzrHG",injured_or_dead_people,earthquake,Nepal,twitter
"RT @NST_Online: Nepalese Home Ministry says quake death toll has reached 1,805. #BreakingNews #NepalEarthquake #nst170 http://t.co/hmJoov6F…",injured_or_dead_people,earthquake,Nepal,twitter
"RT @JantaKaReporter: Rain stops, rescue operations resume in #Kathmandu. #NepalEarthquake",other_useful_information,earthquake,Nepal,twitter
2600 people died in earthquake in nepal. http://t.co/IDPTNO5M4K,injured_or_dead_people,earthquake,Nepal,twitter
"RT @AdamLBarnett: 3,617 killed in Nepal. Protests &amp; riots in Baltimore. 88,175 worldwide abortions. FBI predicts ISIS attack in USA.  Peopl…",injured_or_dead_people,earthquake,Nepal,twitter
RT @ShivAroor: Great. The Army has provided free dedicated phone exchanges for its Gurkha soldiers who want to speak to their families in N…,other_useful_information,earthquake,Nepal,twitter
"#Rescuers struggle to reach villages as death toll from #Nepal #earthquake hits 3,600 http://t.co/Q8PElfplzl",injured_or_dead_people,earthquake,Nepal,twitter
"74 Stranded Nepal Tourists Return to City in Special Flight: With relief writ large on their faces, 74 passengers, who were stranded ...",missing_trapped_or_found_people,earthquake,Nepal,twitter
"RT @muns2177: Compare Kashmir Floods &amp; #NepalEarthquake coverage by usual #Presstitutes 2200 have died,guess Hindu lives dont count http://…",injured_or_dead_people,earthquake,Nepal,twitter
"RT @Nepal_RR: Kathmandu exodus may reach 300,000 as residents flee post-earthquake chaos http://t.co/1NYc4z7FVL",displaced_people_and_evacuations,earthquake,Nepal,twitter
RT @mellberr: » http://t.co/TwO13lJl0L #Nepalearthquake Nepal earthquake State Dept IDs 2 Americans killed in Nepal quake; 2 others reporte…,injured_or_dead_people,earthquake,Nepal,twitter
OMG !!  VIDEO: 4-month-old baby rescued alive from debris in Nepal  CLICK here --&gt;&gt; http://t.co/T82TM2uBFp http://t.co/rTlMO6GogS ...#64,missing_trapped_or_found_people,earthquake,Nepal,twitter
"RT @TheTweetOfGod: If you're using the #NepalEarthquake as a religious-conversion opportunity, congratulations on climbing the Mt. Everest …",other_useful_information,earthquake,Nepal,twitter
RT @TheScriptPt: The Script apoiam o Nepal http://t.co/NqyTqIOeTb via @weebly,other_useful_information,earthquake,Nepal,twitter
"Earthquake has shifted Kathmandu 10 feet closer to India, away from China. It was God's punishment to Nepal for cosying up to China?",other_useful_information,earthquake,Nepal,twitter
"RT @malaysiandaily: Nepal quake toll tops 5,000 as aid reaches epicenter area: PASLANG, Nepal (AP) — Aid reached a h... http://t.co/y1CAs8k…",injured_or_dead_people,earthquake,Nepal,twitter
RT @JaagAlerts: 2 PAF C-130 aircrafts carrying relief supplies reach quake-hit #Nepal http://t.co/RSXJucgiSm,other_useful_information,earthquake,Nepal,twitter
Israel’s aid team to Nepal larger than any other country’s http://t.co/hYXi3gCct6,other_useful_information,earthquake,Nepal,twitter
RT @reddimples45: @ntvkenya  The news has just picked up - 7.9 magnitude earthquake hit Nepal killing 150 people prophecy of more earthquak…,injured_or_dead_people,earthquake,Nepal,twitter
Photo: Nepal’s government ill-equipped to handle earthquake disaster Nepal earthquake #Nepalearthquake:... http://t.co/KBNNrKQmtC,other_useful_information,earthquake,Nepal,twitter
"Live: Earthquake in Nepal, north India — Day 5:   http://t.co/X7igFI4mzA",other_useful_information,earthquake,Nepal,twitter
"RT @kencampbell66: Nepal quake: Over 1,000 dead, history razed, Everest shaken http://t.co/1m4z4jGSGs via @AP http://t.co/R9hDmXCVm1",injured_or_dead_people,earthquake,Nepal,twitter
#The Latest on #Nepal Quake Foreign Tourists out in the Cold  http://t.co/qXH2aUQaLy #GMT #military,missing_trapped_or_found_people,earthquake,Nepal,twitter
"""Seventeen Bodies Found at Everest Base Camp, Official Says"" by REUTERS via NYT http://t.co/4iEABy6rrF",injured_or_dead_people,earthquake,Nepal,twitter
RT @HDLindiaOrg: Bollywood #AdarshLiberal can bark only on #BeefBan &amp;Gaza but no words for #NepalEarthquake Victims. Bloody hypocrites. #Th…,other_useful_information,earthquake,Nepal,twitter
RT @aidselva: AID India at Chennai will run temporary collection centre for @goonj for #NepalQuakeRelief details http://t.co/kKXe6zvVIS,other_useful_information,earthquake,Nepal,twitter
"RT @HDLindiaOrg: Nepal slaughtered 2000 cows on 28-29 november 2014, human casualties in nepal approx 10000 !! 1 cow's life = 5 human being…",injured_or_dead_people,earthquake,Nepal,twitter
All this coverage on the rioting that is going on but not much on the earthquake in Nepal. Lets cover something actually meaningful for once,other_useful_information,earthquake,Nepal,twitter
Report from Ground Zero in Nepal by Bipin Kumar Singh http://t.co/94idOXxXLW,other_useful_information,earthquake,Nepal,twitter
RT @sureshsambandam: Massive earthquake in Nepal; tremors felt across North India: http://t.co/omIyvmKOGk,other_useful_information,earthquake,Nepal,twitter
"Displaced Nepal quake survivor: Aftermath a ""living hell"": Amid fears of disease spreading in Kathmandu, thous... http://t.co/HTKqJ7zkdV",other_useful_information,earthquake,Nepal,twitter
"'Shaken to the core': The earthquake in Nepal is Sunday's top story, with the papers highlighting missing Brit... http://t.co/Q5zZc0ffBY",other_useful_information,earthquake,Nepal,twitter
"RT @AP: BREAKING: Death toll from Nepal earthquake tops 2,500.",injured_or_dead_people,earthquake,Nepal,twitter
"RT @MrMikeMcRoberts: This amazing woman tells me she lost everything in the earthquake, and then offers me lunch. Humbling. #Nepal #3News h…",other_useful_information,earthquake,Nepal,twitter
"RT @haaretzcom: Killing in #Gaza, saving in #Nepal: #Israel's moral hypocrisy – Gideon Levy http://t.co/pc1HQgHnIb http://t.co/ePQYSyejlI",other_useful_information,earthquake,Nepal,twitter
RT @DmitryLysenko3: .@quepaso1548 Lives may have been saved if #Nepal govt prepared people instead of funding animal sacrifice #Gadhimai ht…,other_useful_information,earthquake,Nepal,twitter
@SushmaSwaraj @PMOIndia can you issue a list of people who have landed in India from Nepal,other_useful_information,earthquake,Nepal,twitter
"RT @BBCBreaking: Boy, 15, found alive in rubble in Kathmandu, five days after Nepal earthquake  http://t.co/pkwoZPl5hq",missing_trapped_or_found_people,earthquake,Nepal,twitter
RT @RareHistorical: Pashupatinath Temple is the holiest Hindu pilgrimage destination in Nepal is a World Heritage Site. AD 400-AD 879. http…,other_useful_information,earthquake,Nepal,twitter
Facebook Safety Check connects those affected by devastating Nepal earthquake As Nepal exp http://t.co/QKXr3eFVcf,other_useful_information,earthquake,Nepal,twitter
42 aftershocks have rattled Nepal since massive earthquake http://t.co/cdFCdpFsdu,other_useful_information,earthquake,Nepal,twitter
"RT @WHO: There are well documented risks for relief workers, affected populations in the aftermath of natural disasters like #NepalEarthqua…",other_useful_information,earthquake,Nepal,twitter
RT  Maxamed MohaBiG : Let me look for some drone footage of Nepal.,other_useful_information,earthquake,Nepal,twitter
"RT @DynResearch: Nepal Telecom survives 7.8 earthquake, while smaller ISPs suffer outages http://t.co/qAJYxT9hE7 http://t.co/0f6R3r0DOW",infrastructure_and_utilities_damage,earthquake,Nepal,twitter
"BREAKING | 6.9 earthquake, epicenter in Nepal; Fresh tremors felt across NCR and north India as well #NepalQuake",other_useful_information,earthquake,Nepal,twitter
Woman pulled alive from wreckage after Nepal quake http://t.co/naL9B0pL7F #Nigeria #News,missing_trapped_or_found_people,earthquake,Nepal,twitter
RT @BBCScotlandNews: Scots listed missing after the #NepalEarthquake have been making contact with their families http://t.co/gRsC4Pjq3X ht…,missing_trapped_or_found_people,earthquake,Nepal,twitter
RT @anooppr: @bengalkatlady @_PixieStyx_ @fabfrankiee Nepal landmarks: Before and after the earthquake: http://t.co/byFoK9IQaQ #PrayForNepal,infrastructure_and_utilities_damage,earthquake,Nepal,twitter
"#Earthquake #Sismo M 4.2 - 35km SE of Lamjung, Nepal: DYFI? - IIITime2015-04-30 00:37:11 UTC2015-04-30 06:22:1... http://t.co/pESuBmlwAx",other_useful_information,earthquake,Nepal,twitter
RT @humanityfirstuk: Delegation incl Seema Malhotra MP came to see off our #medical team at Heathrow tonight on their way to Kathmandu http…,other_useful_information,earthquake,Nepal,twitter
"RT @WSJ: Watch aerial footage from the Gorkha district, the epicenter of the Nepal earthquake: http://t.co/tUo9f6LpPx",other_useful_information,earthquake,Nepal,twitter
"Briton among Nepal earthquake dead: Victim, who was confirmed dead after searches by diplomatic staff, n... http://t.co/yoWn6zmd2v (GUA)",injured_or_dead_people,earthquake,Nepal,twitter
RT @FCBarcelona: A minute's silence is observed in memory of the victims of the earthquake in Nepal #FCBGetafe #FCBlive,other_useful_information,earthquake,Nepal,twitter
RT @SpokespersonMoD: #NepalEarthquake ..IAF's Helicopter effort-Cumulative task achieved: 624 people evacuated.. http://t.co/vhQA0H7U3u,displaced_people_and_evacuations,earthquake,Nepal,twitter
"If you are looking for your missing family or friends post #NepalEarthquake, then please send us their photos &amp; contact details. #Nepal",missing_trapped_or_found_people,earthquake,Nepal,twitter
RT @AnupKaphle: #Nepal army rescued a 4-month old baby from the rubble in Bhaktapur after the earthquake. (via Radio Express 88.4 FM) http:…,missing_trapped_or_found_people,earthquake,Nepal,twitter
"RT @AdamSmith_USA: A 7.8 magnitude earthquake rocked Nepal this morning, claiming 900 lives. The aftermath is devastating. http://t.co/b1tl…",injured_or_dead_people,earthquake,Nepal,twitter
"Quick comparison with seismic prediction looks good: no surface slip, rupture to east, 1+m max surface displacement  https://t.co/suQky86Isa",other_useful_information,earthquake,Nepal,twitter
Israel An Early Responder to Nepal Earthquake | Washington Free Beacon http://t.co/ctGWb3L2c0,other_useful_information,earthquake,Nepal,twitter
RT @BBCBreaking: Woman pulled alive from #NepalEarthquake rubble after more than 5 days trapped alongside bodies in Kathmandu http://t.co/S…,missing_trapped_or_found_people,earthquake,Nepal,twitter
RT @SpokespersonMoD: #NepalEarthquake Arrival of stranded Indians from Kathmandu at Palam by C-17 of IAF in the wee hours-2 http://t.co/Mlj…,displaced_people_and_evacuations,earthquake,Nepal,twitter
@HeartNews Nepal earthquake Death toll rises above 3500 http://t.co/ipYUNrHJtG,injured_or_dead_people,earthquake,Nepal,twitter
RT @IDFSpokesperson: Our team has landed in #Nepal &amp; is assessing damage. We are determined to assist people affected by the #NepalQuake. h…,other_useful_information,earthquake,Nepal,twitter
RT @animalssworld: 10 thing about why earth quak come  in nepal click here.... http://t.co/wLe441Whs9,other_useful_information,earthquake,Nepal,twitter
"Nepal shaken by deadly earthquake: LATEST: Death toll tops 1,800 Google exec among at least 13 killed in avala... http://t.co/bGTX6U1gM0",injured_or_dead_people,earthquake,Nepal,twitter
"At least 2,263 people dead in the #NepalEarthquake...  My heart goes out to their families and the people of Nepal",injured_or_dead_people,earthquake,Nepal,twitter
RT @Slate: A 7.8-magnitude earthquake has struck Nepal killing at least 906 people: http://t.co/XmnOpTodUY #NepalEarthquake http://t.co/h0s…,injured_or_dead_people,earthquake,Nepal,twitter
The beautiful #Patan Durbar square as I captured it just a few days ago. What a shame! #Nepal #earthquake http://t.co/G4WBpDpWJm,infrastructure_and_utilities_damage,earthquake,Nepal,twitter
RT @sambitswaraj: Extremely Heart Wrecking to learn that more than 100 People are dead in Nepal ..May their Souls rest in Peace #earthquake…,injured_or_dead_people,earthquake,Nepal,twitter
RT @cnnbrk: Nepal quake death toll almost at 800 now. Witnesses say people are confused and scared. http://t.co/TKBlea28QD http://t.co/AoSi…,injured_or_dead_people,earthquake,Nepal,twitter
"Nepal earthquake death toll climbs to 1896, massive rescue efforts on as ... - Hindustan Times: Hindustan Time... http://t.co/OvpIb45aBK",injured_or_dead_people,earthquake,Nepal,twitter
RT @dipakbhattarai: Hundreds of people getting treatment outside of Teaching hospital #earthquake  #nepal http://t.co/wHv1w2kToe,injured_or_dead_people,earthquake,Nepal,twitter
RT @marjory_egan: 1400 killed in a Magnitude 7.9 earthquake in Nepal: USGS http://t.co/5nfF4IW7qv #Irantalks #google #Mumbai,injured_or_dead_people,earthquake,Nepal,twitter
RT @iVoteForBest: #ModiMinistry Up to 250 missing after avalanche hits Nepal trekking route http://t.co/NKxsMpXxJU,missing_trapped_or_found_people,earthquake,Nepal,twitter
"RT @AnupKaphle: Everyone trying to call #Nepal, please use Viber, WhatsApp and Text Messages. Calling landline is creating congestion, not …",other_useful_information,earthquake,Nepal,twitter
@firmenanzeige 'Most Nepal troops' in quake effort,other_useful_information,earthquake,Nepal,twitter
RT @ynetnews: Seven Israelis rescued from Nepal-Tibet border area - http://t.co/XgwTxIae7K,missing_trapped_or_found_people,earthquake,Nepal,twitter
RT @HuffPostUKPics: Devastating aftermath of #NepalEarthquake laid bare in before and after sliders http://t.co/oUOcrL9wYi http://t.co/16mC…,other_useful_information,earthquake,Nepal,twitter
"RT @kundadixit: Most new high rises in #Kathmandu ok, old buildings down. Temples reduced to rubble.",infrastructure_and_utilities_damage,earthquake,Nepal,twitter
Nepal Earthquake Kills Over 1800 People; More Than 40 Dead in India,injured_or_dead_people,earthquake,Nepal,twitter
RT @anupamtr: Sad! Appalling! Disgraceful!! #Missionaries trying to 'harvest souls' even in such tragic times of #NepalEarthquake http://t.…,other_useful_information,earthquake,Nepal,twitter
RT @BBCSanjoyM: Huge cheers as 15 yr old Pemba Lama brought out of the rubble - rescuers used heavy equipment even a car jack. #NepalEarthq…,missing_trapped_or_found_people,earthquake,Nepal,twitter
IHH Search and Rescue Team has begun work in earthquake-hit Nepal. http://t.co/7cYzF86cq2,other_useful_information,earthquake,Nepal,twitter
RT @SirJadeja: More than 1500 people have already died in #NepalEarthquake This is a monstrous calamity. #PrayersForNepal,injured_or_dead_people,earthquake,Nepal,twitter
RT @rahulkanwal: Here's my ground report on #NDRF rescue operations in Kathmandu. Do see the excellent work our teams are doing http://t.co…,other_useful_information,earthquake,Nepal,twitter
"RT @SushmaSwaraj: Pl RT Indian Embassy in Kathmandu Helplines no.s : +977 9851107021, 9851135141",other_useful_information,earthquake,Nepal,twitter
RT @MEAIndia: #NepalEarthquake Round the clock Control Room of Indian Consulate in Birgunj active with following numbers:  +977-51-532244 +…,other_useful_information,earthquake,Nepal,twitter
"Cong Appreciates Central Govt for efficiently helping ppl of Nepal and Indians stuck in Nepal, appeals PM 4 precautions in Delhi @abpnewstv",caution_and_advice,earthquake,Nepal,twitter
RT @JohnLegere: The earthquake in Nepal is heartbreaking. Starting today all calls and texts to Nepal are free of charge on @TMobile. http:…,other_useful_information,earthquake,Nepal,twitter
"RT @BishopJakes: My heart is broken over the loss of 1400 people in Nepal, death of Freddie Gray, beheading of Coptic Christians n Libya. W…",injured_or_dead_people,earthquake,Nepal,twitter
Nepal's airport reopens fr rescue operations... Thank god .. #NepalEarthquake #NepalQuakeRelief,other_useful_information,earthquake,Nepal,twitter
BBC News - Nepal earthquake: Brothers from Wales missing http://t.co/BITrewdxiI,missing_trapped_or_found_people,earthquake,Nepal,twitter
time for political parties deploy their cadre in disaster relief &amp; show humanity #NepalEarthquake @brb_laaldhwoj @ramsmahat @MishraRabindra,other_useful_information,earthquake,Nepal,twitter
RT @boredpanda: 4-Month-Old Baby Trapped For 22 Hours In Nepal Earthquake Rubble Finally Rescued (7 pics): http://t.co/D7cjVyViuY http://t.…,missing_trapped_or_found_people,earthquake,Nepal,twitter
Update from @KTMLivingLabs from #Nepal for #NepalEarthquake: http://t.co/8TFqvfz0El. #SMS is live: Ncell: 9802017413 or NTC: 9860782874,other_useful_information,earthquake,Nepal,twitter
So devastating the amount of deaths in Nepal due to the earthquakeὉ4ὢ5 #prayfornepal,injured_or_dead_people,earthquake,Nepal,twitter
"RT @danepatel: Kudos indianarmy, rss, swamiramdev nd #MEAatWork all of prove #IndiaWithNepal http://t.co/nK2cHZt7sH",other_useful_information,earthquake,Nepal,twitter
RT @siobhanheanue: Kathmandu patan district. Old royal square devastated. http://t.co/Fq0CSRgeGM,infrastructure_and_utilities_damage,earthquake,Nepal,twitter
"Death Toll From Nepal Quake Jumps Over 2,100: The earthquake struck near Kathmandu, Nepal's capital. http://t.co/A400xYRhVZ",injured_or_dead_people,earthquake,Nepal,twitter
"@mashable Powerful 6.7 aftershock hits Kathmandu, Mount Everest: A powerful, magnitude 6.7 afters... http://t.co/jr33BakZWb #socialmedia",other_useful_information,earthquake,Nepal,twitter
RT @DeIics: Over 4000 people died in the Nepal earthquake but no one seems to care about that right now,injured_or_dead_people,earthquake,Nepal,twitter
Help RT My Sister SYDNEY SCHUMACHER is MISSING in #langtang #NepalEarthquake info on the website https://t.co/xPcHCz2XwM help,missing_trapped_or_found_people,earthquake,Nepal,twitter
"Death toll from Nepal earthquake rises to more than 4,700, with more than 9,000 injured. http://t.co/J12YUPMiyv.",injured_or_dead_people,earthquake,Nepal,twitter
RT @PDChina: 25 of 200 Chinese stranded in a hydropower station in #Nepal were airlifted to safety on Tues by Chinese helicopter. http://t.…,missing_trapped_or_found_people,earthquake,Nepal,twitter
RT @thevirdas: Emergency contact Numbers for Nepal. Spread the word guys please. http://t.co/DbIn2zuqSu,other_useful_information,earthquake,Nepal,twitter
"RT @diary_of_a_hack: ""@NorthmenPK: #Everest base camp after #NepalEarthquake. #NepalQuake http://t.co/G1aNytcEcW""  @htTweets @Rezhasan",other_useful_information,earthquake,Nepal,twitter
"Again, Aftershock! Was it aftershock or really an earthquale? #NepalQuake",other_useful_information,earthquake,Nepal,twitter
Whatsapp working on stopping Rumor Mongers from spreading rumors by filtering such messaeges related #NepalEarthquake beware don't sprd rumr,other_useful_information,earthquake,Nepal,twitter
» Nepal Map #NepalMap Nepal earthquake: Devastation in maps and images » UPDATE » Ontario CAN Oshawa CAN... http://t.co/750BQ9NISx,infrastructure_and_utilities_damage,earthquake,Nepal,twitter
Earthquake in Nepal Kills Hundreds and Levels Buildings - New York Times - http://t.co/cqIpqKySR7,other_useful_information,earthquake,Nepal,twitter
RT @insanneha: #MSGHelpEarthquakeVictims  Indian prime minister Narendra Modi has ordered an immediate dispatch of relief and medical teams…,other_useful_information,earthquake,Nepal,twitter
RT @minholdnew: Jong reminded about Sewol Tragedy Key posted about earthquake in Nepal  How proud I am with the boys &lt;3,other_useful_information,earthquake,Nepal,twitter
"RT @NRC_Egeland: Nepalese civil society is by far the biggest responder in #NepalEarthquake, but once again largely ignored by internationa…",other_useful_information,earthquake,Nepal,twitter
"#Nepal #Disaster – Nepalis dig through quake rubble for survivors, PM says toll could be 10,000 – The death… http://t.co/H7LVXwJ150 #News",injured_or_dead_people,earthquake,Nepal,twitter
RT @saaurabhshuklaa: Death toll in #NepalEarthquake crosses 2200. Over 5000 injured #Kathmanduquake #avalanche  #IndiaWithNepal,injured_or_dead_people,earthquake,Nepal,twitter
"RT @rkarnad: Truly awful sight. Kathmandu's Darbar Square, a UNESCO World Heritage site, in ruins after today's earthquake. http://t.co/AoA…",infrastructure_and_utilities_damage,earthquake,Nepal,twitter
Xinhua abt 6.6m affected in nepal 2000dead A big tragedy @Zahenaseeb@DrJwalaG@ExSecular@NeelakshiGswm@unheard_in@RomeshNadir@nanditathhakur,injured_or_dead_people,earthquake,Nepal,twitter
'Many dead' in powerful Nepal quake http://t.co/gGHFnq0gTG,injured_or_dead_people,earthquake,Nepal,twitter
"RT @ANI_news: When reports will cm from their death toll may climb to 5000-10,000:Baburam Bhattarai,frmr Nepal PM #NepalEarthqauke http://t…",injured_or_dead_people,earthquake,Nepal,twitter
"#retweet: RT AJENews: Aftershocks reported as death toll in Nepal quake hits 2,430 killed http://t.co/IEHdsT726w http://t.co/4y1PzyLSae",injured_or_dead_people,earthquake,Nepal,twitter
RT @ShivAroor: Best story ever :) 4-month-old baby survives 24-hrs under rubble in Nepal. Nepal Army rescues. http://t.co/4wmBkCVmqd http:/…,missing_trapped_or_found_people,earthquake,Nepal,twitter
"Officials concede they made mistakes in initial response to Nepal quake that killed over 5,000: Anger and frus... http://t.co/B5llqk6mAk",injured_or_dead_people,earthquake,Nepal,twitter
"RT @BBCBreaking: Nepal urgently appeals for body bags, tents &amp; water as death toll tops 2,300 http://t.co/FEg9JApDaf (via @BBCSanjoyM) http…",injured_or_dead_people,earthquake,Nepal,twitter
RT @UncleBlazer: weird putting things in perspective when the news goes from basically race riots in the US to almost 5000 dead in Nepal fr…,other_useful_information,earthquake,Nepal,twitter
RT @USGS: Nepal EQ was caused by tectonic plate collision. Landsat scene includes the India (bottom) and Eurasian plates. http://t.co/NEmQP…,other_useful_information,earthquake,Nepal,twitter
RT @AriaaJaeger: #PrayForNepal A 7.9 earthquake has killed more than 480 people. Pls join me in praying for #Nepal http://t.co/pHmrRMb5AG,injured_or_dead_people,earthquake,Nepal,twitter
RT @JamzLdn: BBC taking their fancy helicopters into Nepal to talk about how everyone's dying but help no one,other_useful_information,earthquake,Nepal,twitter
RT @iSupportNamo: Spain seeks India's help in evacuating its nationals from Nepal (PTI),displaced_people_and_evacuations,earthquake,Nepal,twitter
RT @ThislsAmazing: Nepal earthquake: nearly 700 people dead. My prayers for the people Kathmandu. http://t.co/8q7B9SjZ45,injured_or_dead_people,earthquake,Nepal,twitter
RT @FarOutAkhtar: Person finder.. #NepalQuake  http://t.co/jHRMBhi6Jd,missing_trapped_or_found_people,earthquake,Nepal,twitter
RT @namgayzam: #Bhutan's aid commitment to #Nepal same as the US and Google: USD 1MN. http://t.co/PZ3n9Uzp8B,other_useful_information,earthquake,Nepal,twitter
Family of missing Ottawa hiker Faye Kennedy says she is alive but injured and airlifted to Kathmandu No idea of extent of injuries @CTVNews,injured_or_dead_people,earthquake,Nepal,twitter
Death toll uncertain as biggest quake in more than 80 years hits Nepal. http://t.co/FRu1ss7g4i,injured_or_dead_people,earthquake,Nepal,twitter
"#NepalQuakeRelief are there centers open already in San Francisco, New York, DC ?",other_useful_information,earthquake,Nepal,twitter
RT @Viber: In response to the earthquake in Nepal we have switched off Viber Out billing so Nepal users can call any destination for free,other_useful_information,earthquake,Nepal,twitter
RT- Nepal earthquake: At least 200 from Karnataka feared stranded: A day after an earthquake ravaged Nep... http://t.co/rfPqyccS5c #News,missing_trapped_or_found_people,earthquake,Nepal,twitter
"RT @timesofindia: 22 climbers dead, 217 missing in quake-triggered avalanche on Mt Everest.   Follow live: http://t.co/Evw1AsIdqN http://t.…",injured_or_dead_people,earthquake,Nepal,twitter
RT @CNNMoney: A major earthquake was the last thing Nepal needed. Initial damage estimate: $5B http://t.co/gBOZ1GcVOi,other_useful_information,earthquake,Nepal,twitter
"RT @TheAtlanticFOTO: Nepal After the Earthquake - 27 photos, immediate aftermath of the devastating 7.8 quake: http://t.co/pbM9UKxppw http:…",infrastructure_and_utilities_damage,earthquake,Nepal,twitter
"RT @timesofindia: Just in: Fresh tremor of magnitude 5.1 felt in Nepal and India, people rush out of their homes.",other_useful_information,earthquake,Nepal,twitter
RT @euronews: Watch: Man is pulled from Nepal earthquake rubble after 80-hour ordeal http://t.co/YhmqNYXBZj,missing_trapped_or_found_people,earthquake,Nepal,twitter
"@swiiftwisdom complain about how there is no coverage on what's happening in Nepal, I'm gonna be pissed. http://t.co/p1OgB9ejn8",other_useful_information,earthquake,Nepal,twitter
"For those of you unaware... An earthquake in Nepal just killed 4,000 people.",injured_or_dead_people,earthquake,Nepal,twitter
RT @BJPLucknowBJP: Boundary Wall of Kathmandu Airport damaged in #NepalEarthquake http://t.co/eOrSPuKmU9,infrastructure_and_utilities_damage,earthquake,Nepal,twitter
"RT @cnnbrk: People desperate for food, medicine, shelter from #Nepalearthquake. At least 1,900 people are dead. http://t.co/hCyjO7YyS7",injured_or_dead_people,earthquake,Nepal,twitter
Earthquake levels Nepal’s beautiful historic buildings http://t.co/9cIROg8iQK #Occupy #OWS #occupywallstreet #OccupyHQ #GrassRoots #USA #…,infrastructure_and_utilities_damage,earthquake,Nepal,twitter
"RT @waitbutwhy: The death toll from the scary Nepal quake has reached 2,500. But thats 0.8% of the Haiti toll: http://t.co/kFMq2kjtwi http:…",injured_or_dead_people,earthquake,Nepal,twitter
"Nepal seeks help, death toll seen rising after devastating quake: KATHMANDU (Reuters) - Nepal urged countries ... http://t.co/TdnMh2tJuh",injured_or_dead_people,earthquake,Nepal,twitter
RT @hohocho: These images makes me heartbreaking. Some Kathmandu sites were destroyed because of earthquake. #PrayGorNepal http://t.co/5guZ…,infrastructure_and_utilities_damage,earthquake,Nepal,twitter
'Nightmare Waiting to Happen': Quake Experts Gathered in Nepal a Week Ago http://t.co/0jXeo5skvC,other_useful_information,earthquake,Nepal,twitter
"Earthquake Kills 3 in Bengal, Chief Minister Mamata Banerjee Phones PM Modi: A massive earthquake in Nepal, felt in most parts of Ind...",injured_or_dead_people,earthquake,Nepal,twitter
"As a mark of solidarity to our guests and colleagues at Hyatt Regency Kathmandu and the Kingdom of Nepal, we hold... http://t.co/k3eqwAwY7J",other_useful_information,earthquake,Nepal,twitter
RT @WorldVisionAus: UN says the #NepalEarthquake has affected 8mill people. @TimCostello is in #Kathmandu: http://t.co/Ah4yojyx5L (via @new…,other_useful_information,earthquake,Nepal,twitter
RT @WSJIndia: The Nepal earthquake is thought to be worst since 1934. This is what happened then. http://t.co/FCVoNG7EzV http://t.co/sxbtOG…,other_useful_information,earthquake,Nepal,twitter
"RT @AnkurPoudel: Just heard about fire in Devchuli, Nwalaparasi. Suspect of volcano.. Furter clarification will be made soon. Source: kalik…",other_useful_information,earthquake,Nepal,twitter
"RT @WFP: In the aftermath of the #NepalQuake, people camp in any space they find. Help #WFP respond: http://t.co/mwZcsqGTAf http://t.co/lxM…",other_useful_information,earthquake,Nepal,twitter
"RT @AnupKaphle: #Nepal's prime minister addressed the country for 1st time since earthquake on Saturday. No concrete plans, lots of referen…",other_useful_information,earthquake,Nepal,twitter
Nepal Mission Departs: ‘This is What The IDF Stands For’ - @IsraelVideos http://t.co/xBjfF1Zt9Z,other_useful_information,earthquake,Nepal,twitter
#Fox 'Nightmare waiting to happen': Experts gathered in Nepal a week ago to ready for earthquake: Nepal's deva... http://t.co/LP9aSDVbRc,other_useful_information,earthquake,Nepal,twitter
RT @insan_divya: At Least 150 Indians Reach Raxaul in Bihar From Earthquake-Hit Nepal: #MSGHelpEarthquakeVictims,other_useful_information,earthquake,Nepal,twitter
Facebook came through w/ this...was worried about a friend in #NepalEarthquake and this popped up on my feed. http://t.co/S82vPUhvBA,missing_trapped_or_found_people,earthquake,Nepal,twitter
"RT @NorthmenPK: #Nepalquake #Nepal Avalanche on everest south side, climbers went missing. http://t.co/pbHrAiFdvq",missing_trapped_or_found_people,earthquake,Nepal,twitter
"RT @AnupKaphle: Nepal folks, I'm looking for a stringer to work with our correspondent. Phones not working, please email me at anup.kaphle(…",other_useful_information,earthquake,Nepal,twitter
RT @cnnbrk: Images are coming to CNN of the devastating #NepalQuake that has killed hundreds. http://t.co/2JZV9UlsOk http://t.co/K6MglanIlp,injured_or_dead_people,earthquake,Nepal,twitter
@FoxNews is there anyway you can post his pic so someone may find him in Nepal im his daughter living in MD,missing_trapped_or_found_people,earthquake,Nepal,twitter
Dozens of Britons untraced in Nepal http://t.co/9S08ZT23O8,missing_trapped_or_found_people,earthquake,Nepal,twitter
BBC News - Sentinel satellite reveals Nepal quake movement http://t.co/puZ9z4EjEv,other_useful_information,earthquake,Nepal,twitter
"Jannat Director Kunal Deshmukh 'Safe' in Quake-Hit Nepal: ""Just talked to Kunal &amp; Sonali. They r both sitting on the Kathmandu runway...",missing_trapped_or_found_people,earthquake,Nepal,twitter
"RT @I_N_F_O_W_A_R_S: 4_26_15  NEPAL’S HOSPITALS SWAMPED AS QUAKE TOLL PASSES 2,400 THOUSANDS INJURED  #Reuters  http://t.co/EHi7ZPLcYR http…",injured_or_dead_people,earthquake,Nepal,twitter
RT @Thekkapoor: T946- @InfoMumbai To search someone missing in #Kathmandu after #NepalEarthquake text his/her name to +919773300000 @SrBach…,missing_trapped_or_found_people,earthquake,Nepal,twitter
"RT @nlopezthismon: Reporters, if you need stories from the ground from Nepal feel free to reach out. #NepalEarthquake #Nepal #NepalQuake",other_useful_information,earthquake,Nepal,twitter
wowaa Photos: Over 1500 killed in massive earthquake in Nepal today http://t.co/c6apOCxX5y,injured_or_dead_people,earthquake,Nepal,twitter
"Nepal quake survivors struggle with shortages as death toll tops 4,200. http://t.co/1Ygvgq8Td9 bo pledges $$Ms in aid-yet BILLIONS for Iran.",injured_or_dead_people,earthquake,Nepal,twitter
"Caritas Nepal: Situation 3 days after quake ""pretty bad"" as death toll rises http://t.co/E8TIxpRCYO",injured_or_dead_people,earthquake,Nepal,twitter
RT @gauravcsawant: 750 dead in Kathmandu. Lamjung (epicentre) initial reports: more than 100 dead. (India to dispatch additional doctors &amp; …,injured_or_dead_people,earthquake,Nepal,twitter
"#HindustanTimes Indians flee earthquake-devastated Nepal, leaving behind jobs and savings http://t.co/vfnLw8mZLk… http://t.co/GRjbZVVLzL",displaced_people_and_evacuations,earthquake,Nepal,twitter
CNN: 7.8-magnitude quake hits Nepal near Kathmandu http://t.co/s7RrqrYAaC,other_useful_information,earthquake,Nepal,twitter
"Death toll rises to 1,805 after 7.8 magnitude earthquake devastates Nepal http://t.co/FHy7LNH2vE http://t.co/oXtdTH7aWD",injured_or_dead_people,earthquake,Nepal,twitter
Scripps is gearing up to send highly trained medical response team to Nepal http://t.co/NHgCekuESh http://t.co/yjoftpYKVO,other_useful_information,earthquake,Nepal,twitter
RT @BBCWorld: India's defence ministry tweets pictures of aid operation to help victims of Nepal earthquake http://t.co/mQHLMvAAkY https://…,other_useful_information,earthquake,Nepal,twitter
"8 million people may be affected by Nepal earthquake, says U.N.: Up to eight million people have had their liv... http://t.co/depbw9mnAE",displaced_people_and_evacuations,earthquake,Nepal,twitter
RT @kristengill: Gallery: For Nepal - Curious Animal Magazine http://t.co/IQaGT2mKci,other_useful_information,earthquake,Nepal,twitter
"RT @SAfmnews: Rescuers in Nepal's capital, Kathmandu, have found a fifteen-year-old boy alive in an air-pocket under tonnes of rubble. #SAB…",missing_trapped_or_found_people,earthquake,Nepal,twitter
RT @airnewsalerts: MEA opens 24 hour Control Room for queries regarding tragic #NepalEarthquake. Numbers:   #earthquake http://t.co/bWRkwpV…,other_useful_information,earthquake,Nepal,twitter
The Latest on Nepal Quake: Reconstruction cost $5 billion #SanFrancisco http://t.co/cXh18ffVji,other_useful_information,earthquake,Nepal,twitter
These rescues from Nepal that are still happening are amazing. It just blows my mind that babies and others are still making it. #Nepal,missing_trapped_or_found_people,earthquake,Nepal,twitter
"RT @Priyalives: Same bureaucracy,relief tms, bt diffrnt ldrshp.Ths is nt a cmparisn bt evaluation f disastr mngemnt #NepalEarthquake http:/…",other_useful_information,earthquake,Nepal,twitter
RT @SMQureshiPTI: Pak &amp; Nepal share a strong bilateral r/ship &amp; efforts must continue to be made to assist the victims of this unfortunate …,other_useful_information,earthquake,Nepal,twitter
The #NepalEarthQuake has taken the lives of more that 688 people #RIP,injured_or_dead_people,earthquake,Nepal,twitter
RT @johnspatricc: » http://t.co/2bOut6UStL Nepal Earthquake Death Toll Tops 3700 #Nepalearthquake 405 http://t.co/oODcrhhuQs,injured_or_dead_people,earthquake,Nepal,twitter
"RT @kylegotjokes: What was we pose to do? RT “@morgaaanf: 1,000 were killed in Nepal &amp; people were worrying about Bruce Jenner. http://t.co…",injured_or_dead_people,earthquake,Nepal,twitter
"RT @Ajit_Doval: {ॐ}- Heavy Equipment Could Not Fit Through :: Many Of The , Narrow Streets Of Kathmandu ॥ॐ॥ #DirectorGeneral #NDRF #OPSingh…",other_useful_information,earthquake,Nepal,twitter
RT @IDFrescue: More than manpower - Search &amp; Rescue teams are operating with their dogs to locate survivors in #Nepal http://t.co/oiZWXvQfKf,missing_trapped_or_found_people,earthquake,Nepal,twitter
"RT @infos140: ὓ4 NÉPAL MISSING  They were trekking in Langtang, near Ghore Tabela during #NepalEarthquake #NepalQuake. Please RT http://t.co…",missing_trapped_or_found_people,earthquake,Nepal,twitter
"RT @cnnbrk: Death toll from Nepal #earthquake is now near 4,000, including 3,862 in Nepal. http://t.co/wfrWhrp3b1 http://t.co/tvu3CEw9P1",injured_or_dead_people,earthquake,Nepal,twitter
"India rescues 546 people from Nepal, death toll 1,800: After Nepal was struck by the worst earthquake in 80 ye... http://t.co/VIYpNq0XeX",missing_trapped_or_found_people,earthquake,Nepal,twitter
RT @TimesNow: 400 people from Maharashtra stranded in Nepal are safe: Maharashtra CM Devendra Fadnavis (PTI),missing_trapped_or_found_people,earthquake,Nepal,twitter
RT @chicoharlan: Startling images of destruction in #Nepal after 7.9-magnitude quake. http://t.co/HTFQqwlmK3 http://t.co/hbNohVO3FU,infrastructure_and_utilities_damage,earthquake,Nepal,twitter
"Live: Nepal quake toll could reach 10,000, says PM Koirala http://t.co/ud7JwWDn6n http://t.co/qqeJKOXz3x",injured_or_dead_people,earthquake,Nepal,twitter
RT @flightradar24: Kathmandu Airport is out of parking space. 15+ flights holding &amp; waiting for their turn http://t.co/xit7JfLHCW http://t.…,other_useful_information,earthquake,Nepal,twitter
"Villages Near Nepal Earthquakes Epicenter are Desperate: Five hours by car from Kathmandu, then by foot for several miles past the sp...",infrastructure_and_utilities_damage,earthquake,Nepal,twitter
Earth Quake in Nepal. What can we do? #NepalEarthquake #NepalQuake Please RT #EarthQuake http://t.co/Fq8E71LdnR,other_useful_information,earthquake,Nepal,twitter
15k people died in Nepal? Omg. My heart breaks for them :(,injured_or_dead_people,earthquake,Nepal,twitter
RT @vishnoi4u: How Many Team send By @INCIndia @AamAadmiParty Ford Found GreenPeace For Rescue op Nepal  #MEAatWork #IndiaWithNepal http://…,other_useful_information,earthquake,Nepal,twitter
RT @SkymetWeather: #Earthquake: Latest image of Indian aircraft leaving for #Nepal from Hindon base. #NepalQuakeRelief http://t.co/ca6fwyY3…,other_useful_information,earthquake,Nepal,twitter
RT @liveleak: Many people killed and injured in powerful quake in Nepal: Scores of people have been killed and many injured ... http://t.co…,injured_or_dead_people,earthquake,Nepal,twitter
RT @nytimes: A survivor was pulled from the rubble in Nepal. Follow updates on the Nepal earthquake: http://t.co/h1NirjLPsD http://t.co/qPN…,missing_trapped_or_found_people,earthquake,Nepal,twitter
Better disaster management needed at Sonar fort: Experts: Vimal Bhatia | The natural calamity in Nepal raises ... http://t.co/TpPdh83HAI,other_useful_information,earthquake,Nepal,twitter
RT @BBCBreaking: Death toll from massive Nepal #earthquake rises to 565 with many more trapped under rubble http://t.co/8ix4HGFurO http://t…,missing_trapped_or_found_people,earthquake,Nepal,twitter
"Nepal earthquake: death toll exceeds 1,500 – rolling report: Rolling coverage of developments in Himalayan nation… http://t.co/kBPeXz9UZH",injured_or_dead_people,earthquake,Nepal,twitter
RT @cyclopsee: MEA has set up a dedicated handle .@MEAcontrolroom. Pls share. #NepalQuake  https://t.co/jpRZ836W5H,other_useful_information,earthquake,Nepal,twitter
"""Tourist are at street , today morning in Thamel, Kathmandu."" #Nepal #Kathmandu #Thamel https://t.co/kZ0tJSZZ1E",displaced_people_and_evacuations,earthquake,Nepal,twitter
@Oprah so what about #earthquakenepal,other_useful_information,earthquake,Nepal,twitter
Nepal receives heavy rainfall #NepalEarthquake http://t.co/J9DwIrw69n,other_useful_information,earthquake,Nepal,twitter
RT @DarcyOliver2: Hey People Searching for any info on  My Brother Liam Oliver  in Nepal  and was traveling Chanje Dharpani - annapurna cir…,missing_trapped_or_found_people,earthquake,Nepal,twitter
RT @ICEYTREY: Bruce Jenner still front page of Yahoo when 1500 people died in an earthquake in Nepal this morning,injured_or_dead_people,earthquake,Nepal,twitter
RT @CNN: The next 72 hrs will be critical &amp; rescue efforts are complicated by the terrain #NepalQuake: http://t.co/cgZ8YexhAj http://t.co/l…,caution_and_advice,earthquake,Nepal,twitter
RT @IsraelHatzolah: NEPAL U/D: Foreign Ministry reports Number of Israelis who have yet to make contact following massive earthquake is dow…,other_useful_information,earthquake,Nepal,twitter
"RT @dibang: Reached #Kathmandu after a 9-hr flight. Lobby, hotel Yak n Yeti . No one wants sleep in the rooms. #Aftershocks Nepal http://t.…",other_useful_information,earthquake,Nepal,twitter
"RT @theage: Quake terror: 'It's still shaking' Nepal rocked, temors felt in India and Bangladesh http://t.co/NIywHeXyTw http://t.co/v4QuUk3…",other_useful_information,earthquake,Nepal,twitter
‘Maldivian’ to travel to Nepal to evacuate Maldivians from the country http://t.co/5jqfpfTUSe,displaced_people_and_evacuations,earthquake,Nepal,twitter
Nepal earthquake: Kathmandu turns into city of tents as victims seek refuge - The Straits Times http://t.co/ZBF0PAM6rC,displaced_people_and_evacuations,earthquake,Nepal,twitter
"RT @BBCBreaking: #NepalEarthquake latest http://t.co/hTcl4Kv0M5  - 3,617 killed - 6,515 injured - Totals ""set to rise"" - Huge damage http:/…",injured_or_dead_people,earthquake,Nepal,twitter
RT @UNICEFmedia: We are responding to #NepalEarthquake. @UNICEF worker with a little girl in need of temporary shelter in #Kathmandu http:/…,other_useful_information,earthquake,Nepal,twitter
RT @AskAnshul: Pak Insulted Hinduism / Buddhism culture of Nepal  if Pak don't want to help its ok but don't spoil Spirituality n Beliefs  …,other_useful_information,earthquake,Nepal,twitter
RT @National_Hindu: This is what Hindu Nation Nepal got from Pakistan as a relief food. #FilthyIslam http://t.co/mWlLxh1UjM,other_useful_information,earthquake,Nepal,twitter
"RT @JeromeTaylor: . @AFP's @robertoindelhi &amp; @akannampilly were at Everest basecamp when #Nepalquake hit. Both safe, but 17 others dead htt…",injured_or_dead_people,earthquake,Nepal,twitter
RT @unisdr: Breakdown in communications hampering response effort #NepalEarthquake  https://t.co/kBD05ZVtFN,other_useful_information,earthquake,Nepal,twitter
RT @RobinMacNab: Nepal earthquake reduces World Heritage sites to rubble http://t.co/YAA6c1Oe4d http://t.co/aG6Ymj2wkb,infrastructure_and_utilities_damage,earthquake,Nepal,twitter
Google exec dies in Mt. Everest avalanche after Nepal quake http://t.co/s0jpaUROB1 #Startup #Entrepreneurs #Ideas,injured_or_dead_people,earthquake,Nepal,twitter
"RT @ndtv: After Nepal earthquake, a pile of bodies and a lost world http://t.co/JMaU2SYycP http://t.co/T40SpgH7B7",injured_or_dead_people,earthquake,Nepal,twitter
RT @washingtonpost: Experts had warned for decades that Nepal was vulnerable to a killer quake http://t.co/3Gb2ESbfpZ,other_useful_information,earthquake,Nepal,twitter
RT @dna: Nepal earthquake pushed part of India a few feet northward http://t.co/i1YWjY1u7Z,other_useful_information,earthquake,Nepal,twitter
"RT @AP: BREAKING: Nepal police official says at least 1,910 have died, including 721 in Kathmandu, in the quake",injured_or_dead_people,earthquake,Nepal,twitter
RFI Khmer Radio - nepal earthquake 5days after: http://t.co/CdohnitX2f via @YouTube,other_useful_information,earthquake,Nepal,twitter
"RT @CNNweather: A storm system is about to move through #Kathmandu over the next few hours. Rain, strong winds, lightning possible. http://…",other_useful_information,earthquake,Nepal,twitter
"Buried for 5 days and still alive - Five days after a massive earthquake decimated large swaths of Nepal, flatteni... http://t.co/4Tbmif1363",missing_trapped_or_found_people,earthquake,Nepal,twitter
RT @IPS_DC: Want to help #Nepal recover from the quake? Cancel its debt → http://t.co/zcul37C6Hd #NepalEarthquake http://t.co/fJsifVNft1,other_useful_information,earthquake,Nepal,twitter
kontext_bat: RT WSJ: Google executive Dan Fredinburg killed in Everest avalanche after Nepal earthquake … http://t.co/FxC3K1WB3t,injured_or_dead_people,earthquake,Nepal,twitter
Nepal earthquake: climber captures Mount Everest avalanche  - #c4news http://t.co/e7Jre6vq14,other_useful_information,earthquake,Nepal,twitter
think of Nepal over 5000 daed my by more that isnot climate change its natur whatis next not even mother nature can help that how it is,injured_or_dead_people,earthquake,Nepal,twitter
"RT @AnupKaphle: Dharahara, once Nepal's tallest monument, seen in 1920, 1934, 2013, today.  I hope we rebuild again. #NepalEarthquake http:…",infrastructure_and_utilities_damage,earthquake,Nepal,twitter
"RT @SpokespersonMoD: #NepalEarthquake A C-17 Globemaster III aircraft with about 285 passengers on board is scheduled to arrive at Palam, D…",displaced_people_and_evacuations,earthquake,Nepal,twitter
RT @ndtv: Thousands flee Kathmandu as India steps up relief efforts in Nepal: 10 developments http://t.co/2PSUwTRqv5 http://t.co/0yVpcvhjED,displaced_people_and_evacuations,earthquake,Nepal,twitter
@sweetasingh LIVE from Airport Kathmandu 19:03hrs in conversation with AOK in Studios http://t.co/r9dGNR8kBl,other_useful_information,earthquake,Nepal,twitter
"RT @BBCWorld: Our reports show #NepalEarthquake destruction, including epicentre http://t.co/mRMDDaIE4G &amp; http://t.co/PC6eTO27Wh http://t.c…",infrastructure_and_utilities_damage,earthquake,Nepal,twitter
RT @cnni: CNN obtains powerful images of baby rescued at least 22 hours after #NepalEarthquake hit: http://t.co/bITZgWrwVX http://t.co/7xkY…,missing_trapped_or_found_people,earthquake,Nepal,twitter
RT @ABCNews24: #NepalEarthquake update: The Indian Army says 18 bodies have been found on #MountEverest after an #avalanche buried part of …,injured_or_dead_people,earthquake,Nepal,twitter
"#money #news #top #b Magnitude-7.9 quake hits Nepal, causing big damage, injuries  Get $$ http://t.co/JfuQkytCx8",infrastructure_and_utilities_damage,earthquake,Nepal,twitter
RT @PTI_News: Govt asks media houses to exercise restraint while speculating about possible aftershocks after the devastating quake in Nepa…,other_useful_information,earthquake,Nepal,twitter
RT @EcoWarrior1980: Human factor speeds up glacier melting #ClimateAction http://t.co/krIuXnll29,other_useful_information,flood,India,twitter
A Flood Statement has been issued for portions of the WATE 6 area. Details: http://t.co/M9husNfeZq,other_useful_information,flood,India,twitter
Flood sweeps nine-year-old girl away in Delta state:    Confusion struck in Boji Boji metropolis in Delta Stat... http://t.co/8gQBPG8EgF,missing_trapped_or_found_people,flood,India,twitter
"RT @aterkel: Tear gas, armored vehicles, flares. Reporters standing here with hands up so we don't get fired at. #Ferguson http://t.co/Pv9m…",other_useful_information,flood,India,twitter
#Akansha_Gautam #Indian #India Nepal Floods Death Toll Passes 100 - Voice of America http://t.co/59wZhwrowJ #SuryaRay #SharmaSudhansu,injured_or_dead_people,flood,India,twitter
"#RT Stay Inform Hundreds Dead as Monsoon Brings Chaos to Northern India, Nepal: Heavy rains in... http://t.co/9TwBxrvkdB #RT Stay Inform",injured_or_dead_people,flood,India,twitter
Many dead in Nepal and India floods from BBC News http://t.co/smx1COT0Pw #tech,injured_or_dead_people,flood,India,twitter
Many dead in Nepal and India floods http://t.co/OWvcPuSn0Z @rarasathie_,injured_or_dead_people,flood,India,twitter
"Deadly monsoon hits India, Nepal http://t.co/gOs4rkGYSw, #usa #economy",other_useful_information,flood,India,twitter
"Deadly monsoon hits India, Nepal http://t.co/WmH3Vx4L8r #cnn #topstories",other_useful_information,flood,India,twitter
Dozens killed as monsoon floods ravage India and Nepal | News | DW.DE |   http://t.co/OpEsRx9S3l,injured_or_dead_people,flood,India,twitter
"http://t.co/YtVal0R6G3 #uae #سكس #نيك #سعودي #سكس_سعودي #خليجي #افلامسكس ""Scores Killed in Flooding in Nepal and India""",injured_or_dead_people,flood,India,twitter
"#TOI #NewsINDIA UP floods claim 41 lives, over 1,000 villages hit: The toll in Uttar Prade... http://t.co/m9Pm2YHoZg #Follow #FollowBack",injured_or_dead_people,flood,India,twitter
Nepal released water into the Oval and the floodgates were opened luckily all 11 indians were rescued but PRIDE died once again.,missing_trapped_or_found_people,flood,India,twitter
"""@bbcweather: Reports say at least 160 have died in floods across Nepal and N India.  http://t.co/zIvq2AtIzY""@Baneeno",injured_or_dead_people,flood,India,twitter
"Deadly monsoon hits India, Nepal http://t.co/clGltPGJaa - @CNN",other_useful_information,flood,India,twitter
"#India: #Bihar floods toll rises to nine, 11 lakh affected - http://t.co/kHNRWRXdvf",injured_or_dead_people,flood,India,twitter
Three million marooned in Odisha flood in India. http://t.co/jBZPW8Odv1 #worldnews,displaced_people_and_evacuations,flood,India,twitter
#World: Many dead in Nepal and India floods: At least 160 people are reported to have been k... http://t.co/TjdzwkdiCE via .@TheNewsHype,injured_or_dead_people,flood,India,twitter
"@BJP4India Do not  care for biased report ofSaharanpur riots of SP,in UP.Distt adm,NDRF not sufficient to help flood victims.BJP cadres help",other_useful_information,flood,India,twitter
Scores Killed in Flooding in Nepal and India https://t.co/yW5LTwBhEq via @zimako6,injured_or_dead_people,flood,India,twitter
"180 dead in Nepal and India floods, thousands displaced http://t.co/eJiukLqH8x",injured_or_dead_people,flood,India,twitter
Many dead in Nepal and India floods. It's sham but do not build homes on flood planes  http://t.co/163rKSJz8E,injured_or_dead_people,flood,India,twitter
RT @dw_english: Dozens killed as monsoon floods ravage India and Nepal http://t.co/olp9HRNI2S,injured_or_dead_people,flood,India,twitter
"#Government #UttarPradesh Hundreds dead as monsoon brings chaos to northern #India, #Nepal http://t.co/qllEyVFZWY",injured_or_dead_people,flood,India,twitter
"#india #business : Nitish's native place, 13 districts of Bihar affected by flood: Four more districts includi... http://t.co/9WjkELt4xB",other_useful_information,flood,India,twitter
And all the #rivers in india should be #interlinked to #check the #flood @PMOIndia,other_useful_information,flood,India,twitter
"State flood toll rises to 45, over 30 lakh affected - Times of India: The HinduState flood toll rises to 45, o... http://t.co/9Gf8LgwhNw",injured_or_dead_people,flood,India,twitter
DTN Indonesia: Many dead in Nepal and India floods: At least 160 people are reported to have been killed in fl... http://t.co/MzB0MvD5uT,injured_or_dead_people,flood,India,twitter
World News: Scores Killed in Flooding in Nepal and India http://t.co/hqmNmDWShU,injured_or_dead_people,flood,India,twitter
"#natsec Monsoon floods in Nepal and India cause 180 deaths, maroon villages, sweep away straw huts http://t.co/zb3VIL0Pzw",injured_or_dead_people,flood,India,twitter
DEUTSCHE WELLE: Dozens killed as monsoon floods ravage India and Nepal http://t.co/SPppCqQe4S,injured_or_dead_people,flood,India,twitter
RT @ukfloodtweets: #floods #ukfloods - Many dead in Nepal and India floods: At least 160 people are reported to have been killed ... http:/…,injured_or_dead_people,flood,India,twitter
Floods claim 45 lives in India | The CSS Point Blog [Official]  NEW DELHI: Flooding in eastern India has killed... http://t.co/VB9WMTQgwp,injured_or_dead_people,flood,India,twitter
After Flood Relief Camp at Atthagarh with GREEN Thinkers India team.. It's an awesome feeling — feeling relaxed,other_useful_information,flood,India,twitter
"#News North India floods: 12 NDRF teams sent to Bihar, 4 to UP: Rising water levels in the riv... http://t.co/IaWXJ8CBO9 #TeamFollowBack",other_useful_information,flood,India,twitter
RT @EI_Climate: #climate Floods submerge cane fields in North India: Reuters http://t.co/WavbLpX6xl Heavy monsoon rains in India have cause…,infrastructure_and_utilities_damage,flood,India,twitter
"India: Odisha flood toll rises to 45, water level goes down  Source: Times of India  Country: India  PTI | Aug 1... http://t.co/MyKEOyn92X",injured_or_dead_people,flood,India,twitter
"#fb Deadly monsoon hits India, Nepal: Dozens of people have been killed in flooding in northern and east... http://t.co/FcalnHpyNz #news",injured_or_dead_people,flood,India,twitter
[#NYtimes] Scores Killed in Flooding in Nepal and India http://t.co/AxxU2sF951 [#Luisito2402],injured_or_dead_people,flood,India,twitter
"@MarioEntertaime Scores Killed in Flooding in Nepal and India: More than 11,000 homes have been damaged and roughly ...  @marioentertaime",injured_or_dead_people,flood,India,twitter
"All India News- Flood situation grim in UP, Bihar, Assam - Flood situation grim in UP, Bihar, Assam http://t.co/i9p29BxDad",other_useful_information,flood,India,twitter
New: Many dead in Nepal and India floods http://t.co/nrMMcvTOHi #FOLLOW #NEWS #BBC world_latest world_latest,injured_or_dead_people,flood,India,twitter
"Hundreds Dead as Monsoon Brings Chaos to Northern India, Nepal #Conspiracytheories http://t.co/qguvIq426d",injured_or_dead_people,flood,India,twitter
#Nepal | Disease Outbreak Feared In Flood-Affected Areas Of Nepal And India As Death Toll Rises http://t.co/GGT3IQlYBy,other_useful_information,flood,India,twitter
"#news #media #GOP #i Hundreds Dead as Monsoon Brings Chaos to Northern India, Nepal: Heav... http://t.co/DR46TYSOOa #libertarian #usa #W",injured_or_dead_people,flood,India,twitter
"Check out this article from @FOXNews. 180 dead as floods wash away homes in Nepal, India: http://t.co/4ROXM0EhGb",injured_or_dead_people,flood,India,twitter
"Monsoon floods in Nepal and India cause 180 deaths, maroon ... - http://t.co/fiMDUkWX3O http://t.co/vQ1cBYFuLw",injured_or_dead_people,flood,India,twitter
#News Many dead in Nepal and India floods http://t.co/EAjE2pFBzo #World #usa,injured_or_dead_people,flood,India,twitter
"""@cnnbrk: Dozens killed in flooding in northern and eastern India. http://t.co/n0aY0de3Ge"" UGH! This is where our priest has gone home to😢",injured_or_dead_people,flood,India,twitter
Bihar 21 of a family killed as train hits auto http://t.co/88vhWNYhca #IndiaNews,injured_or_dead_people,flood,India,twitter
"Nepal flood-landslide kills 62, India announces Rs 3 crore relief assistance – Economic Times #World http://t.co/6GT4O3jzzp",injured_or_dead_people,flood,India,twitter
#OdishaFloods kills 45 http://t.co/h4o3jCNbCt #Odisha #floods #Indians #FloodingProblems #flood2014,injured_or_dead_people,flood,India,twitter
"Hundreds dead as monsoon brings chaos to northern India, Nepal http://t.co/NALrVNcM12 #worldnews",injured_or_dead_people,flood,India,twitter
"Floods claim 45 lives in Odisha, 4.8 L people affected http://t.co/sRMVq7MA88 #india",injured_or_dead_people,flood,India,twitter
"180 dead as floods wash away homes in Nepal, India - AP News http://t.co/xE5YxW6SGJ",injured_or_dead_people,flood,India,twitter
"#followtrain Deadly monsoon hits India, Nepal: Dozens of people have been killed in flooding in nort... http://t.co/Wejb6X6IWz #weedlord",injured_or_dead_people,flood,India,twitter
#america #usa #news Many dead in Nepal and India floods: At least 160 people are reported to have been killed ...  http://t.co/PQsiQtbOe5,injured_or_dead_people,flood,India,twitter
Nothing. Same case in Assam.  RT @ChandrusWeb what is NDRF doing? RT @HeadlinesIndia: Army alerted as floods wreck havoc in UP,other_useful_information,flood,India,twitter
"Hundreds dead as monsoon brings chaos to northern India, Nepal via /r/worldnews http://t.co/PFiLI6DF83",injured_or_dead_people,flood,India,twitter
00s dead as monsoon brings chaos 2 northern #India #Nepal  #government #UttarPradesh,injured_or_dead_people,flood,India,twitter
"#TOI #NewsINDIA UP floods kill 28, Centre calls it 'unprecedented': Flood fury continued u... http://t.co/VQlwl1PBWO #Follow #FollowBack",injured_or_dead_people,flood,India,twitter
"Hundreds Dead as Monsoon Brings Chaos to Northern India, Nepal http://t.co/LIYqjlNCYh #Truth #InfoWars",injured_or_dead_people,flood,India,twitter
http://t.co/XJejnlC1gv Many dead in Nepal and India floods  #ff #obama #un #food,injured_or_dead_people,flood,India,twitter
RT @StJohnsGeogers: Many dead in Nepal and India floods http://t.co/Mh8zvgq1at,injured_or_dead_people,flood,India,twitter
"naija campus gossip Deadly monsoon hits India, Nepal: Dozens of people have been killed in flooding in norther... http://t.co/2HJQVeHdS8",injured_or_dead_people,flood,India,twitter
#newsupdate Many dead in Nepal and India floods: At least 160 people are reported to have... http://t.co/KvBTIE4e93 #bbc #news #bbcupdat,injured_or_dead_people,flood,India,twitter
Avast! Many dead in #Nepal &amp; India floods http://t.co/KusAD0ry0y #IndiaUttarPradesh,injured_or_dead_people,flood,India,twitter
"#idol Hundreds dead as monsoon hits India, Nepal:        http://t.co/SKOsdLnCrB",injured_or_dead_people,flood,India,twitter
#phmcgpe Many dead in Nepal and India floods  BBC News - BBC NewsAt least 160 people are reported to have been kil... http://t.co/CcTewqWbVU,injured_or_dead_people,flood,India,twitter
"[Asia] Monsoon kills hundreds in India, Nepal: Dozens of people have been killed in flooding ... http://t.co/wRkdiIxC0N #English #Manado",injured_or_dead_people,flood,India,twitter
Odisha's farmers suffer huge crop loss in floods http://t.co/fSWpLjoSHf @timesofindia,infrastructure_and_utilities_damage,flood,India,twitter
"#TopNews Monsoon kills hundreds in India, Nepal: Dozens of people have been killed in f... http://t.co/VJXRMz4pDU http://t.co/8bv57jzqPm",injured_or_dead_people,flood,India,twitter
“@BBCWorld: At least 160 people reported killed in Nepal &amp; India floods after days of torrential rain http://t.co/s1VOhpdaK6 @likestoplike,injured_or_dead_people,flood,India,twitter
#Indian forest rangers ride on an elephant as they patrol in the flood affected Pobitora Wildlife Sanctuary #Guwahati http://t.co/aZGS6Olycp,infrastructure_and_utilities_damage,flood,India,twitter
[Times Of India] Odisha's farmers suffer huge crop loss in floods http://t.co/zuF0j4mkzI [India],infrastructure_and_utilities_damage,flood,India,twitter
"UP floods kill 28, Centre calls it 'unprecedented' - Times of India: The HinduUP floods kill 28, Centre calls ... http://t.co/7qTYpPRtzJ",injured_or_dead_people,flood,India,twitter
"Monsoon floods in #Nepal and #India cause 180 deaths, maroon villages, sweep away straw huts: http://t.co/vmwRiGVWsv #Travel #Katmandu",injured_or_dead_people,flood,India,twitter
Hundreds dead as monsoon brings chaos to northern India &amp; Nepal. The latest: http://t.co/KejCfdRrHV,injured_or_dead_people,flood,India,twitter
Many dead in Nepal and India floods http://t.co/JmBC9yDJoZ #bbcnews,injured_or_dead_people,flood,India,twitter
"State flood toll rises to 45, over 30 lakh affected - Times of India http://t.co/oPcmaf6woq http://t.co/Qi0I4S7P2R",injured_or_dead_people,flood,India,twitter
India: Odisha floods 2014 Situation report 3 http://t.co/jWHH47LBLx #India,other_useful_information,flood,India,twitter
"180 dead as floods wash away homes in Nepal, India http://t.co/0dVkUEJniC #YN",injured_or_dead_people,flood,India,twitter
RT @indiatvnews: Assam flood situation critical http://t.co/7wtvG8uNIM #IndiaTV http://t.co/aTtYIEczFJ,other_useful_information,flood,India,twitter
"A huge flood in Nepal, India, has killed over 180 people. https://t.co/BLeO0CLkUG http://t.co/k21mLeVMaq",injured_or_dead_people,flood,India,twitter
"180 Dead as Floods Wash Away Homes in Nepal, India http://t.co/e1TWk9MjBo http://t.co/8F2zjKI63f #india #asia",injured_or_dead_people,flood,India,twitter
#India newsThree million marooned in Odisha flood http://t.co/ISPiZy3J4Y,displaced_people_and_evacuations,flood,India,twitter
"#InThaMood #KondoByJaymOnI Deadly monsoon hits India, Nepal http://t.co/Zk0VLOlEbf #Anticipate  #OhMy #Anticipate",other_useful_information,flood,India,twitter
"[auto tweet]  Deadly monsoon hits India, Nepal http://t.co/Ja2KFVaTV7 @MarcelCanzona",other_useful_information,flood,India,twitter
"RT @BBCNewsAsia: Indian authorities evacuate 44,000 people in Bihar amid flash floods fear from Nepal http://t.co/atMmmJx2XO http://t.co/cD…",displaced_people_and_evacuations,flood,India,twitter
#floods #ukfloods - Many dead in Nepal and India floods: At least 160 people are reported to have been killed ... http://t.co/SSb1MjoDGm,injured_or_dead_people,flood,India,twitter
"Deadly monsoon hits India, Nepal http://t.co/xHQPYf0A1M #BerryKingin",other_useful_information,flood,India,twitter
"“@AP: Monsoon floods in Nepal and India cause 180 deaths, maroon villages, sweep away huts: http://t.co/n8kxINh89l”  Pity the billionaires.",injured_or_dead_people,flood,India,twitter
Scores Killed in Flooding in Nepal and India http://t.co/csFiJdQAHq Joe Liotine Lifetimes,injured_or_dead_people,flood,India,twitter
"CNN Headline News: Deadly monsoon hits India, Nepal http://t.co/PJ5tHJJp7o #cnn #news",other_useful_information,flood,India,twitter
"RT @NewIndianXpress: #MetturWater Released, #Flood Alert Out: http://t.co/oWiG8A7v06",other_useful_information,flood,India,twitter
160 people reported to have been killed in floods and landslides following torrential rain in Nepal and north India. http://t.co/rartMc8E9c,injured_or_dead_people,flood,India,twitter
#India #before and #after the #flood - #America #U.S #before and #after new world order ethnic cleansing #Genocide http://t.co/yM16ImvKiF,other_useful_information,flood,India,twitter
"Deadly monsoon hits India, Nepal http://t.co/EMF4dlFxDy #NDNetwork",other_useful_information,flood,India,twitter
"#dfwesh_guy Monsoon: Dozens of people have been killed in flooding in northern and eastern India, while the de... http://t.co/5rCh4BuChz",injured_or_dead_people,flood,India,twitter
"#News Monsoon floods hit north India, 1,500 villages under water: Annual rains have picked up ... http://t.co/fZH51QaS1e #TeamFollowBack",infrastructure_and_utilities_damage,flood,India,twitter
CNN: At least 160 people re reported to ave been killed in floods and landslides following days of torrential rain in Nepal n northern India,injured_or_dead_people,flood,India,twitter
#Times #News Scores Killed in Flooding in #Nepal and #India http://t.co/9vAxwaZxtK,injured_or_dead_people,flood,India,twitter
Floods claim 45 lives in India: NEW DELHI: Flooding in eastern India has killed 45 people and displaced more than... http://t.co/4FXdipZ0vK,injured_or_dead_people,flood,India,twitter
"""@BBCIndia: Many dead in Nepal and India floods http://t.co/avACQSqy7g""",injured_or_dead_people,flood,India,twitter
RT @SheaGoodpaster: Rain has stopped but watch out for low area puddling and minor flooding. #Knightstownindiana @rtv6 @indytrafficrtv6 htt…,caution_and_advice,flood,India,twitter
PHOTO: The flooding in northeast India stretches for as far as the eye can see. http://t.co/FhfKrFO1H1,other_useful_information,flood,India,twitter
"New: Hundreds dead as monsoon hits India, Nepal http://t.co/pNV9uF8h7G #follow",injured_or_dead_people,flood,India,twitter
"RT @PhotoNewsPk: Landslides, floods kill more then 100, displace thousands in Nepal, India http://t.co/uFFCXyZZFV http://t.co/JBUEkUQ7mP",injured_or_dead_people,flood,India,twitter
Many dead in Nepal and India floods http://t.co/0xWuIc2jyO #botSOLID,injured_or_dead_people,flood,India,twitter
#flood #disaster Nepal and India floods leave many dead - BBC News: BBC NewsNepal and India floods leave many ... http://t.co/VHXIyhoepp,injured_or_dead_people,flood,India,twitter
"http://t.co/Iq6q1C8E18 #music #Japanese #Listen #info #tónlist #hlusta #japan #upplýsingar ""Scores Killed in Flooding in Nepal and India""",injured_or_dead_people,flood,India,twitter
Nepal and India floods leave many dead | World News | 2014-08-18 http://t.co/SWHBsoERDO,injured_or_dead_people,flood,India,twitter
http://t.co/NLTklPkb8p Scores Killed in Flooding in Nepal and India – NYT &gt; World,injured_or_dead_people,flood,India,twitter
"At least 109 killed, thousands displaced from flooding in India and Nepal -  http://t.co/rAGTSwjEyh",injured_or_dead_people,flood,India,twitter
Nepal and India begin relief efforts as monsoon floods claim at least 180 lives http://t.co/ZlFjBAHxEG #guardian http://t.co/L1mrjwMe6S,injured_or_dead_people,flood,India,twitter
Flash Flood in Gya Ladakh causes wide destruction https://t.co/m61dApH1PB @PrakashJavdekar @BJPRajnathSingh @PMOIndia http://t.co/1gAZLS3wwm,infrastructure_and_utilities_damage,flood,India,twitter
"180 dead in Nepal, India floods, thousands displaced http://t.co/2cIu2aYSXk via foxheadlines #news",injured_or_dead_people,flood,India,twitter
"Flood in Rishikesh, India claims 5 lives: Flood in Rishikesh, India has claimed lives of at least fi... http://t.co/5h3Hf6fEf2 #Disaster",injured_or_dead_people,flood,India,twitter
Scores Killed in Flooding in Nepal and India http://t.co/rKo8phWvmv #ShoutNews,injured_or_dead_people,flood,India,twitter
Erratic monsoon taking its toll. Nepal and India begin relief efforts- floods claim at least 180 lives #climatechange http://t.co/kq6qIZPjaB,injured_or_dead_people,flood,India,twitter
"Flood Fury in North India: Dozens Killed, Lakhs Affected – NDTV #TopNews http://t.co/apxA9hUT2g",injured_or_dead_people,flood,India,twitter
"Nearly 200 people killed in floods, landslides in #Nepal and #India http://t.co/Ct4JXZ9qvG http://t.co/vgQMc9nsYd",injured_or_dead_people,flood,India,twitter
"Monsoon crisis in North India: At least 28 killed and 10,000 made homeless as flash floods strike eastern UP: The... http://t.co/RojDvpz1LN",injured_or_dead_people,flood,India,twitter
"#Monsoon floods hit Uttar Pradesh, 200 villages under water #India http://t.co/MzfOwFkmAp",infrastructure_and_utilities_damage,flood,India,twitter
"Eastern India Floods Kill 45, Displaces 300,000: NEW DELHI: Flooding in eastern India has killed 45 people and... http://t.co/ek98TtGBWY",injured_or_dead_people,flood,India,twitter
#Nepal | Monsoon floods in Nepal and India cause 180 deaths - &amp;#8230;  worst-hit areas were in western Nepal and n... http://t.co/Dv1cXOkAHS,injured_or_dead_people,flood,India,twitter
"Death toll hits 200 in India, Nepal floods http://t.co/qwZokr1KR2",injured_or_dead_people,flood,India,twitter
Monsoon rains cause extensive flooding and deaths in N India and Nepal. Risk of further landslides and rains to continue as monsoon goes N,injured_or_dead_people,flood,India,twitter
"#MaikyLinaresHere Scores Killed in Flooding in Nepal and India: More than 11,000 homes have been damaged and r... http://t.co/wKS21CgzOb",infrastructure_and_utilities_damage,flood,India,twitter
Monsoon floods in Nepal and India cause 180 deaths: The death toll from three days of flooding and torrential... http://t.co/meVi3mfxyL,injured_or_dead_people,flood,India,twitter
RT @NewsPost_India: At least 9 killed as Rapti Ganga Express rams autorickshaw in Bihar: At least nine people ... http://t.co/7xZsl8LhSx,injured_or_dead_people,flood,India,twitter
"kuuky__frez Scores Killed in Flooding in Nepal and India: More than 11,000 homes have been damaged... http://t.co/n6A4TnuplR kuuky__frez",infrastructure_and_utilities_damage,flood,India,twitter
From Indian Met Dept to Home Minister foresee&amp; predicted flash flood in Bihar but could't find in Odisha-Reason forthcoming Bihar elections?,other_useful_information,flood,India,twitter
"Floods in India’s Odisha kill 45, leave scores maroonedAry",injured_or_dead_people,flood,India,twitter
"Hundreds dead as monsoon brings chaos to northern India, Nepal http://t.co/aumIhHORl3 #cnncomtopstories",injured_or_dead_people,flood,India,twitter
"RT @Outlookindia: UP Flood Toll at 28; More Than 1,000 Villages Hit | http://t.co/TELPbjGMGw | Outlook Wires",infrastructure_and_utilities_damage,flood,India,twitter
"#World: Monsoon floods in Nepal and India cause 180 deaths, maroon villages, sweep away stra... http://t.co/aPtcPff9Tu via .@TheNewsHype",injured_or_dead_people,flood,India,twitter
"Monsoon floods in Nepal and India cause 180 deaths, maroon villages, sweep away straw huts: Authorities ... http://t.co/ter4VpXY0S #News",injured_or_dead_people,flood,India,twitter
"#Twitter Monsoon kills hundreds in India, Nepal: Dozens of people have been killed in flooding... http://t.co/BDNkqCoYo7 #mobile #Mobile",injured_or_dead_people,flood,India,twitter
"Monsoon floods in Nepal and India cause 180 deaths, maroon villages, sweep away straw huts http://t.co/2qdPQUujfe #fox #world",injured_or_dead_people,flood,India,twitter
"MGN-AFRICA» Landslides, Flooding Kill 109 In Nepal, Northern India http://t.co/WwDNatoRGK » http://t.co/9FSysMOmw8 @mgnnewsafrica",injured_or_dead_people,flood,India,twitter
"(#FernandoMVP_) Scores Killed in Flooding in Nepal and India: More than 11,000 homes have been... http://t.co/Hu8stWjuCR (#FernandoMVP_)",infrastructure_and_utilities_damage,flood,India,twitter
"RT @Outlookindia: Nine Districts in Bihar Hit by Flood, 4 Lakh People Affected | http://t.co/Hr3zMik4f8 | Outlook Wires",infrastructure_and_utilities_damage,flood,India,twitter
"Check this @SuryaRay UP floods claim 41 lives, over 1,000 villages hit: The toll in Uttar... http://t.co/Ov3G3GABEe #SuryaRay #India",injured_or_dead_people,flood,India,twitter
#NaturalDisasters Nepal and India begin relief efforts as monsoon floods claim at least 180 lives: …  have bee...  http://t.co/Xwwr4mwTw4,injured_or_dead_people,flood,India,twitter
"UP floods kill 28, Centre calls it 'unprecedented' http://t.co/KeONyx6KVR #india",injured_or_dead_people,flood,India,twitter
RT @indian00777: @AAP_DelhiNCR @AamAadmiParty @ArvindKejriwal why don't u go to utrakhand Whr still village didn't get electricity after la…,other_useful_information,flood,India,twitter
"#India UP floods kill 28, Centre calls it 'unprecedented'  http://t.co/nQkjUuvSC4",injured_or_dead_people,flood,India,twitter
"At least 400 boats have been deployed in India and Nepal as they started relief efforts, after monsoon floods... http://t.co/jBu9iCffh8",other_useful_information,flood,India,twitter
#flood #disaster Odisha floods: 294 villages still marooned - Oneindia: OneindiaOdisha floods: 294 villages st... http://t.co/FhJVLxRWuQ,infrastructure_and_utilities_damage,flood,India,twitter
@BelleNews: Nepal and India floods kill at least 160 people - http://t.co/FVErCRZooJ http://t.co/CLpE8M32EQ…,injured_or_dead_people,flood,India,twitter
#Akansha_Gautam #India #Indian VIDEO: Woman survives flash flood but reports surface she... http://t.co/OVREVIMKr1 #SuryaRay  #RosyDecosta,other_useful_information,flood,India,twitter
"@reliefweb Latest @OCHAAsiaPac #humanitarian snapshot: #floods in #Nepal, India &amp; #Laos; volcano in #PNG: http://t.co/JhcMIB3p9H  #hmrd via",other_useful_information,flood,India,twitter
"[GIST] Landslides, Flooding Kill 109 In Nepal, Northern India http://t.co/CR4aWEnMNc",injured_or_dead_people,flood,India,twitter
"RT @ndtv: Floods, landslides kill 240 in Nepal, India announces 30 million as relief fund http://t.co/XUIn7vxQVu",injured_or_dead_people,flood,India,twitter
"Flooding in Nepal and India has killed 89 people, left 109 missing, and sparked fear of a #CholeraOutbreak. http://t.co/3GxyUacKEk",injured_or_dead_people,flood,India,twitter
Scores Killed in Flooding in Nepal and India - New York Times http://t.co/imy55fMY0n,injured_or_dead_people,flood,India,twitter
"#News #MostRecent Hundreds dead as monsoon brings chaos to northern India, Nepal http://t.co/qAvG3JwEDh via @CNN",injured_or_dead_people,flood,India,twitter
Watch hilarious Flood hitting uttarakhand to bihar by 30 cameras with india tv - http://t.co/Lq9406Awwx,other_useful_information,flood,India,twitter
"UP, Assam facin grim situation by flood. Govt alloted crores for nepal floods. wats there in for India #modigovt #Modi  ??",other_useful_information,flood,India,twitter
#Flood fury in India - http://t.co/lMuHhxYyXh http://t.co/YnJs5GpMOn,other_useful_information,flood,India,twitter
"@Kapla_Angin Monsoon kills hundreds in India, Nepal: Dozens of people have been killed in flooding in... http://t.co/Yq0aLbpAyc @Mr_Rem_",injured_or_dead_people,flood,India,twitter
#Akansha_Gautam #Indian #India Nepal Floods Death Toll Passes 100 - Voice of America http://t.co/VYv6LZZwuL #SuryaRay #RosyDecosta,injured_or_dead_people,flood,India,twitter
"Twelve die in Bihar flood, 4 lakh hit http://t.co/fZqyyMlNgU - http://t.co/TMdpFRPPCi #NewsInTweetsIndia",injured_or_dead_people,flood,India,twitter
"Monsoon: Dozens of people have been killed in flooding in northern and eastern India, while the dea... http://t.co/52lj5KvfnG #News #CNN",injured_or_dead_people,flood,India,twitter
Nepal and India begin relief efforts as monsoon floods claim at least 180 lives http://t.co/THVNRDxl2s http://t.co/8F2zjKI63f #india #asia,injured_or_dead_people,flood,India,twitter
"180 dead as floods wash away homes in Nepal, India - Daily Mail http://t.co/gzj7M7rVQY #uk #wildlife",injured_or_dead_people,flood,India,twitter
Indian residents hold cremations for the dead along a roadside following heavy flooding at Daraganj in Allahabad http://t.co/ZSBKKl39gJ,injured_or_dead_people,flood,India,twitter
India: Summary – flooding in Assam and Uttar Pradesh @fcotravel https://t.co/JxCqq1PxZc,other_useful_information,flood,India,twitter
"UP flood: 28 killed, 1500 villages deserted : India, News - India Today http://t.co/n6TPm07KjF via @IndiaToday",injured_or_dead_people,flood,India,twitter
"Hundreds dead as monsoon hits India, Nepal http://t.co/uySiewMERO via @iActualizado",injured_or_dead_people,flood,India,twitter
Flood death toll mounts in #India and #Nepal http://t.co/R9dqiWwQ7f via @sharethis,injured_or_dead_people,flood,India,twitter
"cnn: Monsoon kills hundreds in India, Nepal: Dozens of people have been killed in flooding in north... http://t.co/Wjql5l9FNK #albarjeel",injured_or_dead_people,flood,India,twitter
Many dead in #Nepal an' India floods: 18 August 2014 Last updated at 07:47 Many villagers… http://t.co/GhgYyxgIgA,injured_or_dead_people,flood,India,twitter
"Flood in Rishikesh, India claims 5 lives http://t.co/MKGDhjcjRs",injured_or_dead_people,flood,India,twitter
"RT @timesofindia: Water released by Nepal floods 7 UP districts, 3 lakh hit http://t.co/2aH5ECs6pf",other_useful_information,flood,India,twitter
"""@TOIIndiaNews: At least 9 killed as Rapti Ganga Express rams autorickshaw in Bihar http://t.co/pypP8V8H7L""",injured_or_dead_people,flood,India,twitter
"“@nytimes: Scores Killed in Flooding in Nepal and India http://t.co/sP0v99PbAr” more lost souls ...  LP#9 :,(",injured_or_dead_people,flood,India,twitter
"@Junior_x6 Scores Killed in Flooding in Nepal and India: More than 11,000 homes have been damaged a... http://t.co/cM5YX5cDjx @Junior_x6",injured_or_dead_people,flood,India,twitter
RT @Indianajoe113: @NWSIWX A nice rainfall this morning. Minor flooding in the Fairfield neighborhood. http://t.co/nuSejMT7zG,other_useful_information,flood,India,twitter
Flood like situation in Jaipur - Oneindia #Jaipur http://t.co/TQGrBHeicu,other_useful_information,flood,India,twitter
Atleast 160 Killed in India and Nepal Floods http://t.co/EGhqRnSMgO http://t.co/LOejklM5CO #india #asia,injured_or_dead_people,flood,India,twitter
http://t.co/XJejnlC1gv Many dead in Nepal and India floods  #ff #news #uk #usa,injured_or_dead_people,flood,India,twitter
RT @indiawater: Flood in Odisha affects 3.5 million people across 300 villages. This and more water news from the last week. http://t.co/lq…,other_useful_information,flood,India,twitter
Nepal asked India to open three dams to relieve flooding ... India did so but this action lead to several flooding deaths in Uttar Pradesh,injured_or_dead_people,flood,India,twitter
"Monsoon floods hit Uttar Pradesh, 200 villages under water ... - http://t.co/MdSrWCLWm4 #NewsInTweetsIndia",infrastructure_and_utilities_damage,flood,India,twitter
"Indian government spends 50 million and gets a satellite to mars, moray council spends 86 million on ""flood defences"" which flood elgin",other_useful_information,flood,India,twitter
"180 dead as floods wash away homes in Nepal, India (from @AP) http://t.co/Zv1UgkXPgR",injured_or_dead_people,flood,India,twitter
#Akansha_Gautam #India #Indian Woman survives flash flood but reports surface she died http://t.co/Fv1py0wSIv #SuryaRay  #Sharma__Shekhar,injured_or_dead_people,flood,India,twitter
#Akansha_Gautam #India #Indian Detroit area hit by severe flooding; 1 woman dies http://t.co/o1AlsNAphj #SuryaRay  #Sharma__Shekhar,injured_or_dead_people,flood,India,twitter
Tidal Surge Slows Down Flood Water Discharge - The New Indian Express http://t.co/99R502F1Ol http://t.co/x9xh8Od225,other_useful_information,flood,India,twitter
"RT @alancoxon: 1,000s homeless as heavy rain and flash flood wreaks havok in India. Have a few friends out there so hope they are ok http:/…",displaced_people_and_evacuations,flood,India,twitter
"☀ ☁ ☔ ⛄ 180 Dead as Floods Wash Away Homes in Nepal, India: Monsoon floods in Nepal and India c... http://t.co/33HQ5uTbxV ✨∞",injured_or_dead_people,flood,India,twitter
"Flood Fury in North India: Dozens Killed, Lakhs Affected http://t.co/9IU4AkPmWm via @ndtvfeed",injured_or_dead_people,flood,India,twitter
"sσy_ρσяиσgяαfιςσ: Monsoon: Dozens of people have been killed in flooding in northern and eastern India, while the death tol...  « Fin »",injured_or_dead_people,flood,India,twitter
"Deadly monsoon hits India, Nepal: Dozens of people have been killed in flooding in northern ... http://t.co/JlCirt85DY #BaimkunINDONESIA",injured_or_dead_people,flood,India,twitter
@bbcweather Devastating floods Nepal and India brought by huge rainfall. Tomasz explains  http://t.co/gez8s6WJaV  http://t.co/yTOZ5mm6HX,caution_and_advice,flood,India,twitter
Flooding in Nepal and India Kills At Least 85 People; More Than 100 Still Missing - http://t.co/9mYmLFB8Di via http://t.co/cpHkeW1Ugr,injured_or_dead_people,flood,India,twitter
@jayeshrdave @timesofindia . if suppose the cannal is build then also the flood will be long gone and will not that a waste of money,other_useful_information,flood,India,twitter
"RT @DailyStarLeb: Floods wash away homes in #Nepal, #India, 180 dead http://t.co/fPaWgYidOJ",injured_or_dead_people,flood,India,twitter
"Nepal floods, landslides kill 240, India announces Rs 3 crore - Economic Times http://t.co/9ppbYFdYwU",injured_or_dead_people,flood,India,twitter
Dear @PMOIndia India is fed up hearing Pak firing Indian posts. We want to hear India retaliated and 1000 coward Paki soldiers dead.,other_useful_information,flood,India,twitter
US NEWS: Monsoon: Dozens of people have been killed in flooding in northern and eastern India... http://t.co/Aab65fcVpd #USNews #RETWEET,injured_or_dead_people,flood,India,twitter
"Deadly monsoon hits India, Nepal: Dozens of people have been killed in flooding in northern and... http://t.co/t3tYXoQOID #NIowa #6thFan",injured_or_dead_people,flood,India,twitter
Innalillahi! | Dozens killed as monsoon floods ravage India and Nepal http://t.co/fQtgoqgCXW via @dw_english,injured_or_dead_people,flood,India,twitter
"#News World News: 180 dead as floods wash away homes in Nepal, India http://t.co/mdl5PeIZZm #BreakingNews",injured_or_dead_people,flood,India,twitter
"INFORMATION NIGERIA wrote:  24 Killed, Including 7 In Their Sleep As Landslide Hit India    http://t.co/Qsd4x4YqRz",injured_or_dead_people,flood,India,twitter
#BBCNews Many dead in Nepal and India floods: At least 160 people are reported to have been kil... http://t.co/yQByqRFgL6 #WorldRSSFeeds,injured_or_dead_people,flood,India,twitter
RT @iA7med80: 13 districts of #Bihar affected by flood  http://t.co/J6yQwdWrkZ #India #floods http://t.co/pHxbdz8vB2,other_useful_information,flood,India,twitter
"#us #uk #love Deadly monsoon hits India, Nepal http://t.co/9aaDDwJV80",other_useful_information,flood,India,twitter
"#BreakingNews Deadly monsoon hits India, Nepal: Dozens of people have been killed in flooding ... http://t.co/1rWJwbjW0w @WorldEventsNow",injured_or_dead_people,flood,India,twitter
Fleeing India: What Will Make Clinical Trials Flood Back: http://t.co/k2ffbhKGCQ,other_useful_information,flood,India,twitter
#BBC Many dead in Nepal and India floods: At least 160 people are reported to have been killed in f... http://t.co/dteOEHXNWJ (via @bbc),injured_or_dead_people,flood,India,twitter
"Floods, Landslides Kill 240 In Nepal, India Announces 30 Million As Relief Fund: Floods, Landslides Kill 240 i... http://t.co/MiPIjLQ6ZF",injured_or_dead_people,flood,India,twitter
Floods hit Indias Uttar Pradesh Sugarcane crop under high risk: Around 0.6 million hectares of arable lands ha... http://t.co/PzTA5fh5XT,infrastructure_and_utilities_damage,flood,India,twitter
a Flash Flood Watch is in effect for portions of Central Indiana until this afternoon..,other_useful_information,flood,India,twitter
"Hundreds Dead as Monsoon Brings Chaos to Northern India, Nepal: Heavy rains in recent days have caused floodin... http://t.co/vBA6AZKuFX",injured_or_dead_people,flood,India,twitter
"#PrayForIndia #PrayForNepal 🙏😔 “@cnnbrk: Officials: Dozens killed in flooding in North &amp; East India, while death toll in Nepal passed 100.""",injured_or_dead_people,flood,India,twitter
"Nepal flood-landslide kills 62, India announces Rs 3 crore relief assistance - Economic Times http://t.co/vDoF1poKi9 #yugvani",injured_or_dead_people,flood,India,twitter
"MGN-AFRICA» 24 Killed, Including 7 In Their Sleep As Landslide Hit India http://t.co/8j1Ym9EuJN » http://t.co/9FSysMOmw8 @mgnnewsafrica",injured_or_dead_people,flood,India,twitter
DTN World News: Many dead in Nepal and India floods: At least 160 people are reported to have been killed in f... http://t.co/Itri1rJsqA,injured_or_dead_people,flood,India,twitter
"Uttar Pradesh floods: 28 killed, 1500 villages affected – Livemint #India http://t.co/qQm7xxH0Gy",injured_or_dead_people,flood,India,twitter
Las Vegas Sun - Flash flood warning issued around Indian springs; rest of valley should stay dry http://t.co/Cu8ZWnzdF5,caution_and_advice,flood,India,twitter
"RT @Oneindia: Nitish's native place, 13 districts of Bihar affected by flood http://t.co/95ZST0KJyQ #NitishKumar",other_useful_information,flood,India,twitter
"#Nepal | Scores Killed in Flooding in Nepal and India - &amp;#8230;  Dhakal, a spokesman for the Nepali Ministry of Ho... http://t.co/FcL5ARQ16H",injured_or_dead_people,flood,India,twitter
"RT @IndianExpress: Flash flood hits 1,000 Uttar Pradesh villages, leaves 28 dead. http://t.co/8OM8HTu5Ho #UttarPradesh via @Kalpanapster",injured_or_dead_people,flood,India,twitter
"#F4F #RT #news #85 killed, 139 missing in Nepal landslide, floods - Times of India http://t.co/Q6ChAuHbKZ",injured_or_dead_people,flood,India,twitter
"{INFORMATIONNIGERIA} 24 Killed, Including 7 In Their Sleep As Landslide Hit India: Heavy downpours in India tr... http://t.co/yfh6d32X2s",injured_or_dead_people,flood,India,twitter
"INFORMATION NIGERIA wrote:  Landslides, Flooding Kill 109 In Nepal, Northern India     http://t.co/fnevuWrKvL",injured_or_dead_people,flood,India,twitter
"#India UP floods claim 41 lives, over 1,000 villages hit  http://t.co/nQkjUuvSC4",injured_or_dead_people,flood,India,twitter
#BreakingNews http://t.co/uXXzOl9LO7 Death toll from 3 days of flooding and torrential rain in Nepal and India... http://t.co/ktE4HO5yiE,injured_or_dead_people,flood,India,twitter
We've relocated @BBCClick 's reporter @DaveJReid to Delhi and it's a bit wet! http://t.co/AoZWKbcd9p Do flood him with any India tech ideas,other_useful_information,flood,India,twitter
"Floods in India’s Odisha kill 45, leave scores marooned http://t.co/KulXk8mI4O Ary",injured_or_dead_people,flood,India,twitter
At least 160 people are reported to have been killed in floods and landslides following days of torrential rain in Nepal and northern India.,injured_or_dead_people,flood,India,twitter
VIDEO: Aerial footage of flooding in Kathmandu http://t.co/ySl5NkEjsA #makeinindia,other_useful_information,flood,India,twitter
#ELERTS IN - Flood Advisory. The NWS in northern indiana has issued an *... http://t.co/GTKeRNhE86 http://t.co/nh4obicEss,other_useful_information,flood,India,twitter
Landslides and floods in Nepal and India kill 109; http://t.co/JBHDRVYLBs,injured_or_dead_people,flood,India,twitter
"RT @NWSIndianapolis: Numerous T-storms through Monday PM, flooding possible due to slow storm motion. #inwx #n http://t.co/Y5LdtS5JnH",other_useful_information,flood,India,twitter
@PMOIndia sir i wanted to draw your attention to the problem of floods in north states due to the water released by nepal,other_useful_information,flood,India,twitter
"3 days of Nepal floods leave 54 dead, 142 missing http://t.co/kuyB663NP4 via @timesofindia",injured_or_dead_people,flood,India,twitter
India: Odisha floods 2014 Situation report 3  Source: Caritas  Country: India  SITUATION AT THE GROUND  Death to... http://t.co/tHk6bvTWTG,injured_or_dead_people,flood,India,twitter
"#MP #India Flood fury in Uttarakhand, UP, Assam, Bihar; lakhs displaced via Zee News http://t.co/Y8S3H9r9VI",displaced_people_and_evacuations,flood,India,twitter
I Now Read Many dead in Nepal and India floods: At least 160 people are reported to have been killed in floods... http://t.co/SYWFVx2hBM,injured_or_dead_people,flood,India,twitter
"#Flood fury in #NorthIndia: dozens #killed, lakhs affected http://t.co/d4qNzQzh2S",injured_or_dead_people,flood,India,twitter
"#Informationnaija Landslides, Flooding Kill 109 In Nepal, Northern India: The death toll from landslides and f... http://t.co/ADFmICbYvK",injured_or_dead_people,flood,India,twitter
Many dead in Nepal and India floods http://t.co/7w18BSgBLY #worldnews #bbc,injured_or_dead_people,flood,India,twitter
"RT @truthchase01: 180 dead as floods wash away homes in Nepal, India - GEOENGINEERING FLOODING, DROUGHTING,KILLING IN A TOWN NEAR YOU - htt…",injured_or_dead_people,flood,India,twitter
"http://t.co/Iq6q1C8E18 #Dating #cams #teen #lesbian #horny #sexysunday #young ""Scores Killed in Flooding in Nepal and India""",injured_or_dead_people,flood,India,twitter
"CM Naveen Patnaik reviews flood situation, directs officials to immediately repair breaches on embankments @Odisha @NewIndianXpress",infrastructure_and_utilities_damage,flood,India,twitter
"http://t.co/Pu75cFXQ4B Top India Stories From WSJ: Nepal Floods, Landslides Kill At Least 54 http://t.co/iODxEcHWSI #NRI #India",injured_or_dead_people,flood,India,twitter
"Times of India 85 killed, 139 missing in Nepal landslide, floods Times of India KATHMANDU: At least 85 persons... http://t.co/147vccnATy",injured_or_dead_people,flood,India,twitter
(#Byy) Scores Killed in Flooding in Nepal and India http://t.co/Q6mWrDKQCR (#MaiiCool),injured_or_dead_people,flood,India,twitter
Scores Killed in Flooding in Nepal and India http://t.co/f8zz8xFLX5 #jobs #business #sales #economy #marketing #socialmedia #startup,injured_or_dead_people,flood,India,twitter
"#IndiaTimes UP floods hit over 1,000 villages, death toll 28: Twenty-eight people have died so far in Uttar Pr...  http://t.co/UuxaYWgCRh",injured_or_dead_people,flood,India,twitter
"180 dead as floods wash away homes in Nepal, India - Kansas City Star: Yahoo!7 News180 dead as floods wash awa... http://t.co/1ehu28dLtX",injured_or_dead_people,flood,India,twitter
"Is 1/21 the reason for @PMOIndia  not to visit the flood situation in #OdishaFloods ?Over 33,58,351 affected with the death toll reached 45.",injured_or_dead_people,flood,India,twitter
"RT @SgtLoau: Hundreds dead as monsoon brings chaos to northern India, Nepal http://t.co/zZnYZfTAca",injured_or_dead_people,flood,India,twitter
"Hey MSM Flash flood in Gya, Ladhak do U guys even know about it? @ibncj @TheDarjChron @timesofindia @AdityaRajKaul http://t.co/RT7URDX9ww",other_useful_information,flood,India,twitter
"Odisha flood toll rises to 45, water level goes down - Times of India http://t.co/yLBeLcdrrF #Flood",injured_or_dead_people,flood,India,twitter
"http://t.co/9Jswz3w1yU Flood Fury in North India: Dozens Killed, Lakhs Affected: Heavy monsoon ... http://t.co/lwM9xjNpxn #androidnewsapp",injured_or_dead_people,flood,India,twitter
Many dead in Nepal and India floods – BBC News http://t.co/bhl0F241EO #news,injured_or_dead_people,flood,India,twitter
Many dead in Nepal and India floods. Thinking of my friends there  http://t.co/WpfMBlYGBR,injured_or_dead_people,flood,India,twitter
"180 dead as floods wash away homes in Nepal, India: Katmandu, Nepal — Authorities in Nepal and ne... http://t.co/jnIDmRJia9 #detroitnews",injured_or_dead_people,flood,India,twitter
"Foundation Flood Fury in North India: Dozens Killed, Lakhs Affected  http://t.co/ZBh5ITrftX",injured_or_dead_people,flood,India,twitter
"#Team_Wolf1 Scores Killed in Flooding in Nepal and India: More than 11,000 homes have been damaged... http://t.co/6dIyQI9rfl #Team_Wolf1",infrastructure_and_utilities_damage,flood,India,twitter
Flood fury in North India:,other_useful_information,flood,India,twitter
NYTimes: Scores Killed in Flooding in Nepal and India http://t.co/engg0EcSaE,injured_or_dead_people,flood,India,twitter
"Top India Stories From WSJ: Nepal Floods, Landslides Kill At Least 54 http://t.co/oRXcuEzjTy",injured_or_dead_people,flood,India,twitter
#TeamFollowBack Many dead in Nepal and India floods http://t.co/WLscvz3QHk #AutoFollowback,injured_or_dead_people,flood,India,twitter
"#nepal#news Hundreds dead as monsoon hits India, Nepal - KPRC Houston: KPRC HoustonHundreds de... http://t.co/0Q36EN6mih @milijulidotcom",injured_or_dead_people,flood,India,twitter
UP: Girl Shot Dead by Father Over Love Marriage.  What an intolerant race India is. Hindus kill for marrying another Hindu.,injured_or_dead_people,flood,India,twitter
"180 dead as floods wash away homes in Nepal, India http://t.co/TAQ935cEVh #apple",injured_or_dead_people,flood,India,twitter
"Floods wash away homes in Nepal, India, 180 dead http://t.co/fYDScJTQD1 #World",injured_or_dead_people,flood,India,twitter
#Pakistan #Dunya Floods kill 45 in eastern India: official: NEW DELHI (AFP) - Flooding in eastern India has killed 45 people and disp...,injured_or_dead_people,flood,India,twitter
300 people died in U.p india due to flood. many are missing. pray for U.p &amp; SHARE it!,injured_or_dead_people,flood,India,twitter
"#news Hundreds dead as monsoon hits India, Nepal:        http://t.co/vTvurnvvGc http://t.co/6Si3P3zzT5",injured_or_dead_people,flood,India,twitter
"""F**kwho* Deadly monsoon hits India, Nepal: Dozens of people have been killed in flooding in northern and ... http://t.co/GAM4nboCUv ***",injured_or_dead_people,flood,India,twitter
"RT @highlyanne: 101 dead, 130 missing in Nepal and India floods and landslides  http://t.co/UKQJU04PyT",injured_or_dead_people,flood,India,twitter
"#SuryaRay #India Nepal flood toll hits 101, fears of disease rise: Nepalese authorities said Monday... http://t.co/l4rjlgQScX @SuryaRay",injured_or_dead_people,flood,India,twitter
"Water Released from Mettur, Flood Alert Out - The New Indian Express http://t.co/VQ4CKKgByG via @NewIndianXpress",caution_and_advice,flood,India,twitter
"{infomationNg} Landslides, Flooding Kill 109 In Nepal, Northern India: The death toll from landslides and floo... http://t.co/Qv4gCPKFhm",injured_or_dead_people,flood,India,twitter
#Akansha_Gautam #India #Indian Woman survives flash flood but reports surface she died http://t.co/F0ySfFTq8X #SuryaRay  #RosyDecosta,injured_or_dead_people,flood,India,twitter
#LiveBBC Many dead in Nepal and India floods: At least 160 people are reported to have ... http://t.co/CFXKISoVbv http://t.co/vgfVBH6oWE,injured_or_dead_people,flood,India,twitter
"RT @GlobalSunTimes: Monsoon floods in Nepal and India cause 180 deaths, maroon villages, sweep away straw huts. #floods #News [http://t.co/…",injured_or_dead_people,flood,India,twitter
"Odisha, India: Flooding threatens cattle and other animals http://t.co/HMRObSdXNM",other_useful_information,flood,India,twitter
"World 180 Dead As Floods Wash Away Homes in #Nepal, #India http://t.co/AAAUIUnSrf",injured_or_dead_people,flood,India,twitter
Deadly Indian landslide may have been a man-made disaster: A landslide in western India that has killed more t...  http://t.co/0KK7DNx7jZ,other_useful_information,flood,India,twitter
[BOT] Scores Killed in Flooding in Nepal and India http://t.co/xIF31flAkm,injured_or_dead_people,flood,India,twitter
"( +1 849-846-0679 ) Monsoon: Dozens of people have been killed in flooding in northern and eastern India, while ...  (( #Papiiz_Chulò ))",injured_or_dead_people,flood,India,twitter
"Rain fury in North India, 10 killed in UP, flood alert in Bihar: Heavy rains and flash floods have wreaked hav... http://t.co/AefCBgGBKO",injured_or_dead_people,flood,India,twitter
"RT @AltriMondiGazza: Torrential rains in India and Nepal with flooding and landslides, the first toll is 184 victims http://t.co/Y1vemFaCAj",injured_or_dead_people,flood,India,twitter
"Deaths Climb from India, Nepal Floods #jobs #news #career #jobsila #India http://t.co/FKbS71dNos",injured_or_dead_people,flood,India,twitter
"Odisha: Over 3 lakh affected due to floods, government deploys medical teams – IBNLive #India http://t.co/UVyH8RMkNp",displaced_people_and_evacuations,flood,India,twitter
Nepal and India floods leave many dead http://t.co/rMbqFISJfN #preparedness,injured_or_dead_people,flood,India,twitter
"India: Floods in Uttar Pradesh destroy houses, kill 28: Floods in Uttar Pradesh have killed 28 people so far, ... http://t.co/YS4AjCBrrK",injured_or_dead_people,flood,India,twitter
#India: Residents float down the street in flood water: https://t.co/qvIWVy36wV #Monsoons #monsoon2014 #flood #flooding #indianproblemsnight,other_useful_information,flood,India,twitter
"#openfollow Deadly monsoon hits India, Nepal http://t.co/nCWn8qCqHn #followback",caution_and_advice,flood,India,twitter
"Hundreds Dead as Monsoon Brings Chaos to Northern India, Nepal http://t.co/KovkVGmMxo Infowars #News",injured_or_dead_people,flood,India,twitter
"[News Update] | Landslides, Flooding Kill 109 In Nepal, Northern India http://t.co/iG872YxJSi |Via Information Ng",injured_or_dead_people,flood,India,twitter
Indian residents hold cremations for the dead along a roadside following heavy flooding at Daraganj ghat near... http://t.co/wXIB82pVLj,injured_or_dead_people,flood,India,twitter
Scores Killed in Flooding in Nepal and India http://t.co/1ukvIkVwga http://t.co/8F2zjKI63f #india #asia,injured_or_dead_people,flood,India,twitter
"RT @india_breaking: Nitish Kumar’s native place, 13 districts of Bihar affected by flood – Daily News &amp; Analysis #India http://t.co/u0A78rV…",infrastructure_and_utilities_damage,flood,India,twitter
RT @anirpaul: #Slideshow #Floods wreak havoc across #India - The Economic Times http://t.co/lKZBQvxRct #natural #disaster #monsoon #rain #a…,other_useful_information,flood,India,twitter
"#OdishaFloods: #Paddy crops in nearly 85,076 ha in #Balasore district #submerged in #flood water. @NewIndianXpress",infrastructure_and_utilities_damage,flood,India,twitter
THE NATIONAL WEATHER SERVICE IN NORTHERN INDIANA HAS ISSUED AN FLOOD ADVISORY FOR WABASH COUNTY UNTIL 2:30 PM. http://t.co/x6wDR8YrtR,caution_and_advice,flood,India,twitter
"Uttar Pradesh, Madhya Pradesh, Rajasthan, Bihar contribute to about 50% of all infant deaths in #India. #BornLearning",injured_or_dead_people,flood,India,twitter
"Nepal, India floods leave nearly 200 dead, scores missing http://t.co/IqHRfZekYE #YN",injured_or_dead_people,flood,India,twitter
Death toll in India landslides rises to 109: The death toll from landslides and flooding tr... http://t.co/FZL6du8U6M #rain #alert #news,injured_or_dead_people,flood,India,twitter
:( RT: #Nepal and #India floods leave many dead http://t.co/P5UwTX7krd,injured_or_dead_people,flood,India,twitter
Floods and landslides in Nepal and northern India have killed nearly 200 people and scores… http://t.co/VVYSM1XnFn,injured_or_dead_people,flood,India,twitter
"Deadly monsoon hits India, Nepal http://t.co/zsMqCzR7Iu via cnnbrk CNN #news",other_useful_information,flood,India,twitter
"Indian media: Damages caused by floods Incessant rains have caused rivers to overflow in Uttar Pradesh, Bihar, U... http://t.co/J17ozF3SXE",other_useful_information,flood,India,twitter
"Deadly monsoon hits India, Nepal http://t.co/pCBhu3KJf4 Whizzy_Walexzy",injured_or_dead_people,flood,India,twitter
Many dead in Nepal and India floods http://t.co/sgg6iR47Ln Whizzy_Walexzy,injured_or_dead_people,flood,India,twitter
Many dead in Nepal and India floods: At least 160 people are reported to have been killed in... http://t.co/vqT2V1Hr11  @verified @monsif35,injured_or_dead_people,flood,India,twitter
Scores Killed in Flooding in Nepal and India by BHADRA SHARMA and NIDA NAJAR http://t.co/1yH4toHkeZ from Bobby Caples,injured_or_dead_people,flood,India,twitter
Flood brings crocodiles to Vadodara homes - India Today #Vadodara http://t.co/bWZfLGPgNm,other_useful_information,flood,India,twitter
New: Many dead in Nepal and India floods http://t.co/J7cXxegq3y,injured_or_dead_people,flood,India,twitter
"RT @ibnlive: Nepal: Floods, landslides kill 240 people, India announces relief fund of NRs 48 million http://t.co/Z3jtowTZqV",injured_or_dead_people,flood,India,twitter
"Deadly monsoon hits India, Nepal: Dozens of people have been killed in flooding in northern ... http://t.co/oQ7lnRhsIR via@BammyOfficial",injured_or_dead_people,flood,India,twitter
#TOI #NewsINDIA At least 9 killed as Rapti Ganga Express rams autorickshaw in Bihar: At le... http://t.co/fRTUihwu5a #Follow #FollowBack,injured_or_dead_people,flood,India,twitter
#Nepal | About 109 killed by floods and landslides in Nepal and India http://t.co/mFHucyFhfS,injured_or_dead_people,flood,India,twitter
"#Te_Amo_Rainel Landslides, Flooding Kill 109 In Nepal, Northern India: The death toll from land... http://t.co/pDDoJS97kx @Diime_Raiinel",injured_or_dead_people,flood,India,twitter
"Check this @SuryaRay Flood situation in Assam grim, toll rises to 3: The flood situation in... http://t.co/wJY0dwjr5h #SuryaRay #India",injured_or_dead_people,flood,India,twitter
Flooding disrupts northern and eastern India as rescue operations are underway http://t.co/rUVgpS0rag,displaced_people_and_evacuations,flood,India,twitter
Indian met department has predicted of very low rain fall and entire north and east India is facing problem of flood.,caution_and_advice,flood,India,twitter
RT @ukfloodtweets: #floods #ukfloods - Nepal and India floods leave many dead - BBC News: BBC NewsNepal and India floods leave ma... http:/…,injured_or_dead_people,flood,India,twitter
"RT  85 killed, 139 missing in Nepal landslide, floods - Times of India",injured_or_dead_people,flood,India,twitter
"@olamide719 Landslides, Flooding Kill 109 In Nepal, Northern India: The death toll from landslides and floodin... http://t.co/ht3jctInyj",injured_or_dead_people,flood,India,twitter
"Hundreds dead as monsoon brings chaos to northern India, Nepal #jobs #news #career #jobsila # http://t.co/V0b2oBpLYY",injured_or_dead_people,flood,India,twitter
"Top India Stories From WSJ: Nepal Floods, Landslides Kill At Least 54 http://t.co/phFe1PyyNB #india",injured_or_dead_people,flood,India,twitter
"RT @infonaija: Landslides, Flooding Kill 109 In Nepal, Northern India http://t.co/ehtgW1FRcz",injured_or_dead_people,flood,India,twitter
"Yahoo: 180 dead as floods wash away homes in Nepal, India: KATMANDU, Nepal (AP) — Authorities in Ne... http://t.co/7wrrwDsNV9 #hiv #aids",injured_or_dead_people,flood,India,twitter
"Hundreds dead as monsoon hits India, Nepal:        http://t.co/3oLLLtoEiO #TeamFollowBack",injured_or_dead_people,flood,India,twitter
Center upgrades level of flood alert for eastern UP http://t.co/X5x5ZnuC90 via @timesofindia,other_useful_information,flood,India,twitter
RT @NewIndianXpress: #Odisha Floods: 294 Villages Still Marooned http://t.co/TXTqmnykJY,displaced_people_and_evacuations,flood,India,twitter
"http://t.co/fwnrtTxO1S Flood Fury in North India: Dozens Killed, Lakhs Affected: Heavy monsoon rains have creat... http://t.co/odqQt8vGbo",injured_or_dead_people,flood,India,twitter
"RT @carolinedd: @OxfamIndia @Krishangisingh7 UP, Bihar, MP, Rajasthan account for more than 50% of U5 deaths #MDGMomentum @UNICEFIndia @stc…",injured_or_dead_people,flood,India,twitter
News Update: Floods kill 45 in eastern India: NEW DELHI - Flooding in eastern India has killed 45... http://t.co/AnNUzuWqFK /BangkokPost,injured_or_dead_people,flood,India,twitter
"IG ; JeremyHumilde Scores Killed in Flooding in Nepal and India: More than 11,000 homes have been damaged and ... http://t.co/kZakoyCVU4",injured_or_dead_people,flood,India,twitter
Nepal and India begin relief efforts as monsoon floods claim at least 180 lives: Helicopters carrying supplies sent to cutoff village...,injured_or_dead_people,flood,India,twitter
#India: #Four killed as train hits tempo in Bihar - http://t.co/Vu7CvWWd2p,injured_or_dead_people,flood,India,twitter
"Landslides, Flooding Kill 109 In Nepal, Northern India: The death toll from landslides and flooding t... http://t.co/NeUzbtiBiv #Nigeria",injured_or_dead_people,flood,India,twitter
"Water released by Nepal floods 7 UP districts, 3 lakh hit - The Times of India http://t.co/eU9J4iZyVk",caution_and_advice,flood,India,twitter
"RT @ndtvfeed: Flood Fury in North India: Dozens Killed, Lakhs Affected http://t.co/mtuO6BqeLu",injured_or_dead_people,flood,India,twitter
"News Update 180 dead as floods wash away homes in Nepal, India http://t.co/0T7FAHZaRB",injured_or_dead_people,flood,India,twitter
"Floods claim 45 lives in Odisha, 4.8 L people affected: Puri, Aug 11: Floods in Mahanadi river have cla... http://t.co/EupvTcfcJ9 #india",injured_or_dead_people,flood,India,twitter
"RT @NewIndianXpress: #Odisha #Flood Toll Mounts to 45, Water Level Goes Down - http://t.co/KDqUL1Offi",other_useful_information,flood,India,twitter
"Deaths Climb from India, Nepal Floods -- WSJ Blog - http://t.co/K7mX6Gha8C",injured_or_dead_people,flood,India,twitter
"#coppednews Deadly monsoon hits India, Nepal http://t.co/km3eIb0fAy",other_useful_information,flood,India,twitter
"India: Floods in Uttar Pradesh destroy houses, kill 28 http://t.co/oRqpeptAiA #insurance",injured_or_dead_people,flood,India,twitter
Nepal and India begin relief efforts as monsoon floods claim at least 180 lives: Helicopters c... http://t.co/Wve4E7Asfa #UFO4UBlogWorld,injured_or_dead_people,flood,India,twitter
"RT @bsindia: Floods ravage 1,500 villages in UP and Bihar. The death toll is pegged at 28 http://t.co/hnFl38trVv",injured_or_dead_people,flood,India,twitter
@PMOIndia we shud build dams of little more capacity than Nepal &amp; China on the same rivers to control water flow and reduce damage,infrastructure_and_utilities_damage,flood,India,twitter
"RT @extinctsymbol: India: Farmers kill all the large predators, then the prey species increase and damage crops, so they kill them too: htt…",infrastructure_and_utilities_damage,flood,India,twitter
#Akansha_Gautam #India #Indian Woman survives flash flood but reports surface she died http://t.co/UE3qHWf2BN #SuryaRay  #SharmaSudhansu,injured_or_dead_people,flood,India,twitter
#followbackteam Scores Killed in Flooding in Nepal and India http://t.co/W4M68q240B,injured_or_dead_people,flood,India,twitter
"Scores Killed in Flooding in Nepal and India: KATMANDU, Nepal   The death toll from days of heavy rainfall and... http://t.co/I3zT6jKhgH",injured_or_dead_people,flood,India,twitter
"#joangelsolament Scores Killed in Flooding in Nepal and India: More than 11,000 homes have be... http://t.co/JyFPJnQIg8 #joangelsolament",injured_or_dead_people,flood,India,twitter
Hindustan Times - India - Army alerted as floods wreck havoc in UP - http://t.co/hrfFlOex7c,infrastructure_and_utilities_damage,flood,India,twitter
"Flooding in Nepal, India Kills At Least 180 - http://t.co/g3eZ80Om72 @weatherchannel http://t.co/873H0e0PiU",injured_or_dead_people,flood,India,twitter
"Monsoon floods hit north India, 1,500 villages under water: Thousands were marooned in villages in UP, where t... http://t.co/25x9dzjdzQ",missing_trapped_or_found_people,flood,India,twitter
#news Scores Killed in Flooding in Nepal and India http://t.co/7Ynf28KPAU,injured_or_dead_people,flood,India,twitter
"RT @WorldEventsNews: #news #media #GOP #i Hundreds Dead as Monsoon Brings Chaos to Northern India, Nepal: Heav... http://t.co/DR46TYSOOa #l…",injured_or_dead_people,flood,India,twitter
Nepal and India begin relief efforts as monsoon floods claim at least 180 lives  Read more at http://t.co/Ik1ylIyh3k  #insideindustry,injured_or_dead_people,flood,India,twitter
"180 dead as floods wash away homes in Nepal, India: The death toll from three days of flooding and torrential ... http://t.co/avyuqYCrc6",injured_or_dead_people,flood,India,twitter
India: Odisha Floods Rapid Joint Needs Assessment Report  Source: Sphere India  Country: India  1. Executive Sum... http://t.co/yvZhgqXR3Z,other_useful_information,flood,India,twitter
"""Scores Killed in Flooding in Nepal and India"" von BHADRA SHARMA and NIDA NAJAR in der NYT The New York Times http://t.co/fKKmZ5atBx",injured_or_dead_people,flood,India,twitter
"(@Team_iUnGalan_) Scores Killed in Flooding in Nepal and India: More than 11,000 homes have b... http://t.co/sOWduLUDiI (Via @Yeremiix3)",injured_or_dead_people,flood,India,twitter
"#WorldNews 180 dead in Nepal, India floods, thousands displaced:   http://t.co/Hp7gTGi6tQ",injured_or_dead_people,flood,India,twitter
"Nepal: Nepal, India floods kill nearly 200  Source: Agence France-Presse  Country: India, Nepal  08/18/2014 13:1... http://t.co/m96Dw9nBSP",injured_or_dead_people,flood,India,twitter
#NEWS  Many dead in Nepal and #India floods http://t.co/AhrzUd43iz #asia,injured_or_dead_people,flood,India,twitter
Thousands homeless as heavy rain and flash flood wreaks havok in India: Northern regions of India continued to... http://t.co/hqvDhyDdm8,displaced_people_and_evacuations,flood,India,twitter
"#wearethepeople Deadly monsoon hits India, Nepal http://t.co/OHDNsBqsn2",other_useful_information,flood,India,twitter
Rain has stopped but watch out for low area puddling and minor flooding. #Knightstownindiana @rtv6 @indytrafficrtv6 http://t.co/KH73ejTAzK,caution_and_advice,flood,India,twitter
#MP #India Odisha flood: Situation in Hirakud improves; over 2 lakh still marooned via Odisha Sun Times http://t.co/xbc0GqN2PY,other_useful_information,flood,India,twitter
[StarOnlineRegional] Floods kill 45 in eastern India: NEW DELHI: Flooding in eastern India has killed 45 peopl... http://t.co/zuAlfDXjnQ,injured_or_dead_people,flood,India,twitter
Army alerted as floods wreck havoc in UP http://t.co/QUfc1ChBS8 #IndiaNews,caution_and_advice,flood,India,twitter
"Brahmaputra floods inundate Kaziranga National Park : Northeast, News - India Today http://t.co/APtZ2SputD via @IndiaToday",infrastructure_and_utilities_damage,flood,India,twitter
"#CNN Hundreds dead as monsoon brings chaos to northern India, Nepal http://t.co/Xw4UMJ0kT1",injured_or_dead_people,flood,India,twitter
Bihar: 21 of a family killed as train hits auto - Hindustan Times: Times of IndiaBihar: 21 of a family killed ... http://t.co/mnnyj5mPGx,injured_or_dead_people,flood,India,twitter
Many dead in Nepal and India floods http://t.co/gxZioD2uhB Via (Harradox),injured_or_dead_people,flood,India,twitter
"Hundreds Dead as Monsoon Brings Chaos to Northern India, Nepal http://t.co/1bTJU73gxe #news",injured_or_dead_people,flood,India,twitter
#NewsToday #News Many dead in Nepal and India floods: At least 160 people are reported to have been killed in ...  http://t.co/Skv6QFIfAf,injured_or_dead_people,flood,India,twitter
"[Singapore Asiaone] Nepal floods death toll climbs to 101: KATHMANDU, India - The death toll from from landsli... http://t.co/Z00DRVlaqe",injured_or_dead_people,flood,India,twitter
"#WorldNews:Deadly monsoon hits India, Nepal http://t.co/5dmlaplYa6",other_useful_information,flood,India,twitter
"#BennyCapricon Deadly monsoon hits India, Nepal: Dozens of people have been killed in flooding in ... http://t.co/NAdWUm3s6n via @cnnbrk",injured_or_dead_people,flood,India,twitter
#NaturalDisasters Nepal and India begin relief efforts as monsoon floods claim at least 180 lives: …  are subm...  http://t.co/rgLwlhpiRW,injured_or_dead_people,flood,India,twitter
Now- Many dead in Nepal and India floods http://t.co/dTo2wQosWS,injured_or_dead_people,flood,India,twitter
Flooding in Nepal and India leave many dead. http://t.co/QO5wJpIwwf,injured_or_dead_people,flood,India,twitter
"RT @wbaltv11: Hundreds dead as monsoon hits India, Nepal http://t.co/p4AheFsocz",injured_or_dead_people,flood,India,twitter
"RT @UNICEFIndia: Uttar Pradesh, Madhya Pradesh, Rajasthan, Bihar contribute to about 50% of all infant deaths in #India. UNICEF in... https…",injured_or_dead_people,flood,India,twitter
"[Times Of India] UP floods claim 41 lives, over 1,000 villages hit http://t.co/Ga7ogGq1UT [India]",injured_or_dead_people,flood,India,twitter
Pix: India Monsoon Flooding http://t.co/Ed7K6I4kjK http://t.co/mKQ2yPvKnt,other_useful_information,flood,India,twitter
"Monsoon floods in Nepal and India cause 180 deaths, maroon villages, sweep away straw huts: http://t.co/I5UGK6FSBq http://t.co/zKled59UJI",injured_or_dead_people,flood,India,twitter
Odisha's farmers suffer huge crop loss in floods http://t.co/hteW8Peoe6 #India,infrastructure_and_utilities_damage,flood,India,twitter
"Monsoon floods in Nepal, India cause 180 deaths: Authorities in Nepal and neighbouring India sent food, medical... http://t.co/Wwh4C6CXff",injured_or_dead_people,flood,India,twitter
#سوريا #حمص #حلب Many dead in Nepal and India floods - At least 160 people are reported to h... http://t.co/nWcpBLbzBd,injured_or_dead_people,flood,India,twitter
SEVERE WX ALERT: THE NATIONAL WEATHER SERVICE IN INDIANAPOLIS HAS ISSUED A * FLOOD ADVISORY FOR... ... http://t.co/UBAUe45u6u WX WARNING,caution_and_advice,flood,India,twitter
RT @BBSRBuzz: #OdishaFloods: Seen here is a snap from #Kendrapada from #Odisha with water rising #rain #india http://t.co/qk5e7OKGZ8,other_useful_information,flood,India,twitter
http://t.co/ldMWADb8FI Floods hit India's Uttar Pradesh Sugarcane crop under high risk: Around 0.6 million hect... http://t.co/Im3BRo035l,infrastructure_and_utilities_damage,flood,India,twitter
#MP #India UP flood toll at 28; more than 1000 villages hit via Tehelka http://t.co/2sd6b4cE6k,injured_or_dead_people,flood,India,twitter
"(#Actualizate) Hundreds dead as monsoon hits India, Nepal http://t.co/uU5OcC75Op (#Bryan_Starz)",injured_or_dead_people,flood,India,twitter
"Flood Fury in North India: Dozens Killed, Lakhs Affected: Heavy monsoon rains have created flood havoc in four states across north In...",injured_or_dead_people,flood,India,twitter
"Flash flood hits 1000 UP villages, leaves 28 dead - Indian Express: Indian ExpressFlash flood hits 1000 UP vil... http://t.co/Cj72NC0G03",injured_or_dead_people,flood,India,twitter
Floods submerge cane fields in North India: Reuters: Heavy monsoon rains in India have caused flooding ... http://t.co/xxU3WoUReT #green,infrastructure_and_utilities_damage,flood,India,twitter
#summer #usa #ff #eu Many dead in Nepal and India floods  http://t.co/XJejnlC1gv,injured_or_dead_people,flood,India,twitter
"180 dead in Nepal and India floods, thousands displaced via the @FoxNews iPhone app http://t.co/jN5HqBXJ1K",injured_or_dead_people,flood,India,twitter
160 Dead in Nepal and India Flooding http://t.co/3BOHCy43Q3 via @thedailybeast,injured_or_dead_people,flood,India,twitter
"Thanks to huge corruption in UP,Bihar by politicians/babus  many bridges are still on paper. #floods. lives lost but then its cheap in India",other_useful_information,flood,India,twitter
Monsoon floods in Nepal and India cause 180 deaths,injured_or_dead_people,flood,India,twitter
"Monsoon floods in Nepal and India kill 180, maroon villages: Watch the video above: Raw video of monsoon flood... http://t.co/e8xOlAKoYc",injured_or_dead_people,flood,India,twitter
#flood #disaster Odisha Floods: 294 Villages Still Marooned - The New Indian Express: IBNLiveOdisha Floods: 29... http://t.co/mmhf6L2j0U,infrastructure_and_utilities_damage,flood,India,twitter
"Many dead in Nepal and India floods http://t.co/mpji4LWiBt Published August 18, 2014 at 07:47AM",injured_or_dead_people,flood,India,twitter
"ODISHA FLOODS FEILD VISIT TO AFFECTED  AREAS FROM THE CHAIRPERSON, INTER AGENCY COORDINATION: SPHERE INDIA http://t.co/n8uS7XMR37",other_useful_information,flood,India,twitter
#SuryaRay #India Army alerted as floods wreck havoc in UP http://t.co/PC5cHMEYS0 @SuryaRay #Indian,infrastructure_and_utilities_damage,flood,India,twitter
"#Wagner_Kc Scores Killed in Flooding in Nepal and India: More than 11,000 homes have been damaged a... http://t.co/VC7HrMPWTi #Wagner_Kc",injured_or_dead_people,flood,India,twitter
"(#Kuuky__frez) Scores Killed in Flooding in Nepal and India: More than 11,000 homes have been d... http://t.co/n6A4TnuplR (#Kuuky__frez)",injured_or_dead_people,flood,India,twitter
"RT @IndiaBroadcast: Nitish's native place, 13 districts of Bihar affected by flood http://t.co/YLQH8TXQUz",infrastructure_and_utilities_damage,flood,India,twitter
Death toll from 3 days of flooding and torrential rain in Nepal and India rises to more than 1... http://t.co/r9ZjBDcHop #breaking #news,injured_or_dead_people,flood,India,twitter
"Over 300 villages surrounded. RT @ReutersIndia: Odisha floods kill 45, leave 300,000 villagers marooned http://t.co/y9RxP0ZNzY",injured_or_dead_people,flood,India,twitter
"(#TeamKhalifa) Scores Killed in Flooding in Nepal and India: More than 11,000 homes have been d... http://t.co/pjqk6NBkqA (#TeamKhalifa)",injured_or_dead_people,flood,India,twitter
Nepal and India floods leave many dead http://t.co/g1K6NGEj8H http://t.co/8F2zjKI63f #india #asia,injured_or_dead_people,flood,India,twitter
"RT @WLKY: Hundreds dead as monsoon hits India, Nepal http://t.co/0JgrUlIg7R",injured_or_dead_people,flood,India,twitter
"Deadly monsoon hits India, Nepal: Dozens of people have been killed in flooding in northern a... http://t.co/SC2Q5eiEGH team follow back",injured_or_dead_people,flood,India,twitter
"#Flood Fury in North India: Dozens Killed, Lakhs Affected - NDTV http://t.co/ABcukztAeI",injured_or_dead_people,flood,India,twitter
"#timesofindia Nepal flood toll hits 101, fears of disease rise: Nepalese authorities said Monday they feared a... http://t.co/7845C9rMTD",injured_or_dead_people,flood,India,twitter
"CJ : 324FF166 Deadly monsoon hits India, Nepal: Dozens of people have been killed in flooding in ... http://t.co/b5ss52IpST CJ: 324FF166",injured_or_dead_people,flood,India,twitter
"""@infonaija: Landslides, Flooding Kill 109 In Nepal, Northern India http://t.co/vro2Mq1zvU Kurdish Push On... http://t.co/veEwi9upHc""",injured_or_dead_people,flood,India,twitter
Govt faces flood of demands on Bharat Ratna http://t.co/1AoLgzZRz5 via @timesofindia,other_useful_information,flood,India,twitter
"180 dead in Nepal, India floods, thousands displaced http://t.co/8eevEZBAmm #BreakingNews",injured_or_dead_people,flood,India,twitter
#News Many dead in Nepal and India floods http://t.co/fUMJOibiJv via @BBC,injured_or_dead_people,flood,India,twitter
@mc_nelson_inxs Many dead in Nepal and India floods: At least 160 people are reported to have ... http://t.co/bwkwKJqbJ8 @mc_nelson_inxs,injured_or_dead_people,flood,India,twitter
#Akansha_Gautam #India #Indian Detroit area hit by severe flooding; 1 woman dies http://t.co/ngKO0n084E #SuryaRay  #SharmaSudhansu,injured_or_dead_people,flood,India,twitter
"#Headlines #News Scores Killed in Flooding in Nepal and India: More than 11,000 homes have been damaged and ro...  http://t.co/3V6MLbyFaO",injured_or_dead_people,flood,India,twitter
"CNN Asia &gt; Monsoon kills hundreds in India, Nepal - Dozens of people have been killed in flooding in northern and ... http://t.co/q62yqPUSKi",injured_or_dead_people,flood,India,twitter
"#News Deadly monsoon hits India, Nepal http://t.co/khb0Jt5fvy #CNN",other_useful_information,flood,India,twitter
"#flood #disaster Monsoon Floods Hit North India, 200 Villages under Water - Scientific American: Times of Indi... http://t.co/tNub4SJLlX",infrastructure_and_utilities_damage,flood,India,twitter
"Many dead in Nepal and India floods, REAL TALK http://t.co/3pcAHdjAao",injured_or_dead_people,flood,India,twitter
Flood death toll mounts in #India and #Nepal: The death toll from landslides and flooding triggered by torrent... http://t.co/EIlK8EDNEV,injured_or_dead_people,flood,India,twitter
"#India news - Flood Fury in North India: Dozens Killed, Lakhs Affected http://t.co/VfJvV3yiVm",injured_or_dead_people,flood,India,twitter
"Hundreds dead as monsoon hits India, Nepal:        http://t.co/6W7U0u3i9G #MostRecent",injured_or_dead_people,flood,India,twitter
"Check this @SuryaRay UP floods kill 28, Centre calls it 'unprecedented': Flood fury continued in... http://t.co/V8JCvSqdmZ #SuryaRay #India",injured_or_dead_people,flood,India,twitter
"Check this @SuryaRay Assam floods still grim, Kaziranga park affected: The flood situation in... http://t.co/v1qnk5CGFa #SuryaRay #India",other_useful_information,flood,India,twitter
"{INFORMATIONNIGERIA} Landslides, Flooding Kill 109 In Nepal, Northern India: The death toll from landslides an... http://t.co/WHWG4S3fI1",injured_or_dead_people,flood,India,twitter
"Hundreds dead as monsoon hits India, Nepal: Dozens of people have been killed in flooding in northern and eastern... http://t.co/IN0oSUT2VK",injured_or_dead_people,flood,India,twitter
@nytimes I think more than 100 persons must've been killed in flooding&amp;landslides in India&amp;Nepal!Armed forces are usually 4 rescue!,injured_or_dead_people,flood,India,twitter
"Floods claim 45 lives in #Odisha, 4.8 L people affected #IndiaFloods http://t.co/D3vl0Ngubq",injured_or_dead_people,flood,India,twitter
"180 dead in Nepal and India floods, thousands displaced http://t.co/XRiuZ2l0d3 http://t.co/8F2zjKI63f #india #asia",injured_or_dead_people,flood,India,twitter
Indian cuisine Orlando opens the flood gates. http://t.co/LQALrQSkbg,other_useful_information,flood,India,twitter
"[CNN] Hundreds dead as monsoon hits India, Nepal:        http://t.co/Pfkfs0PbqG #TalkMagazineNG",injured_or_dead_people,flood,India,twitter
"[Info Nigeria] 24 Killed, Including 7 In Their Sleep As Landslide Hit India: Heavy downpours i... http://t.co/faGv182MD3 #TalkMagazineNG",injured_or_dead_people,flood,India,twitter
"#Floods in #India's #Odisha kill 45, leave scores marooned http://t.co/zPINgryoOc via @ARYNEWSOFFICIAL http://t.co/F9TiHFQkhI",injured_or_dead_people,flood,India,twitter
"Floods in India’s Odisha kill 45, leave scores marooned http://t.co/l0SCqrhRGK #Pakistan #Karachi",injured_or_dead_people,flood,India,twitter
Check this @SuryaRay At least 9 killed as Rapti Ganga Express rams autorickshaw in Bihar: At... http://t.co/ZvMjkZjwWF #SuryaRay #India,injured_or_dead_people,flood,India,twitter
"Scores Killed in Flooding in Nepal and India: More than 11,000 homes have been damaged and rough... http://t.co/rHVNXzyXSU #NewYorkTimes",injured_or_dead_people,flood,India,twitter
[ #ElFlacox3 ♥.♥ ] Scores Killed in Flooding in Nepal and India http://t.co/fB548pR7Ug,injured_or_dead_people,flood,India,twitter
"RT @CAREIndia: Flood situation in UP aggravated, inundating more than 500 villages in 7 dist affecting 4 lakh people. http://t.co/LrJS937mgM",infrastructure_and_utilities_damage,flood,India,twitter
Dozens killed as monsoon floods ravage India and Nepal: More than 100 people have been killed by flooding in Nepal and northern India. Th...,injured_or_dead_people,flood,India,twitter
"""@ReutersIndia: Odisha floods kill 45, leave 300,000 villagers marooned http://t.co/6sVHOeX9oJ""  Let's make more booms",injured_or_dead_people,flood,India,twitter
"New post: 85 killed, 139 missing in Nepal landslide, floods - Times of India http://t.co/7rVx0K6dgH",injured_or_dead_people,flood,India,twitter
"News: 180 dead as floods wash away homes in Nepal, India: KATMANDU, Nepal (AP) — Author... http://t.co/BbWmt47SBS http://t.co/PhlPKQc6bx",injured_or_dead_people,flood,India,twitter
"What is current situation of India, ceasefire violation on border, gangrapes in all our country, flood in half country but no relief?",other_useful_information,flood,India,twitter
"UP floods hit over 1,000 villages, death toll touches 28 - The Times of India on Mobile http://t.co/S24F4lBgVO via @timesofindia",injured_or_dead_people,flood,India,twitter
Scores Killed in Flooding in Nepal and India http://t.co/GAofvkD9wH #NYT #world,injured_or_dead_people,flood,India,twitter
Many dead in Nepal and India floods Rescue helicopters have been deployed to convey emergency supplies to those ... http://t.co/qhDHG4TBZu,injured_or_dead_people,flood,India,twitter
"RT @wyffnews4: Hundreds dead as monsoon hits India, Nepal http://t.co/kpE94tafdF",injured_or_dead_people,flood,India,twitter
Over 100 dead in Nepal and India floods - Sky News Australia http://t.co/mPBlCboK9N,injured_or_dead_people,flood,India,twitter
Nepal and India begin relief efforts as monsoon floods claim at least 180 lives http://t.co/FcmJHMFCOK,injured_or_dead_people,flood,India,twitter
"Flash flood hits 1,000 UP villages, leaves 28 dead | The Indian Express http://t.co/2jPzMbcDOB",injured_or_dead_people,flood,India,twitter
#SuryaRay @Akansha_Gautam Tamil Nadu: Water Released from Mettur Dam After Flood Alert http://t.co/wFpvDHT4mU #India #Indian @SuryaRay,caution_and_advice,flood,India,twitter
"UP floods hit over 1,000 villages, death toll touches 28 http://t.co/zK6EprN3Jm via @timesofindia",injured_or_dead_people,flood,India,twitter
"#nepal#news 180 Dead as Floods Wash Away Homes in Nepal, India - ABC News: BBC News180 Dead as... http://t.co/0kselBXgZE @milijulidotcom",injured_or_dead_people,flood,India,twitter
"RT @NewIndianXpress: #Water #Released from #Mettur, #Flood Alert Out http://t.co/kUrfK3Ml45 http://t.co/chh1rbNQFT",caution_and_advice,flood,India,twitter
"follow @zacseth || Deadly monsoon hits India, Nepal http://t.co/tiiESPu8P9",injured_or_dead_people,flood,India,twitter
"Nitish's native place, 13 districts of Bihar affected by flood: Patna, Aug 18: Four more districts incl... http://t.co/sanWBKaiE8 #india",infrastructure_and_utilities_damage,flood,India,twitter
"Hundreds of people are dead and missing in #India and #Nepal, after weekend monsoons on the countries' border: http://t.co/knR0plSZuh #ktuu",injured_or_dead_people,flood,India,twitter
"Indian women cross make-shift bamboo bridges in the flood affected Morigaon district of Assam state, about 60 km... http://t.co/PkYpO26nDz",infrastructure_and_utilities_damage,flood,India,twitter
"""@IndiaToday: 2 killed, 4 lakh affected in Bihar flood  http://t.co/qODyWDbVi9""",injured_or_dead_people,flood,India,twitter
India: Odisha Floods Rapid Joint Needs Assessment Report http://t.co/HWtYBF5a75,other_useful_information,flood,India,twitter
Many dead in Nepal and India floods… http://t.co/1wuSuYZfHi #WorldNews,injured_or_dead_people,flood,India,twitter
The death toll from flooding in northern India continues to rise. @RichardAngwin1 has more in 5 minutes: http://t.co/EvgazWej3r,injured_or_dead_people,flood,India,twitter
"Odisha floods kill 45, leave 300000 villagers marooned – Reuters India: By Jatindra Dash Tue A... http://t.co/iadGYXNcwf #Charity #India",injured_or_dead_people,flood,India,twitter
"""Scores Killed in Flooding in Nepal and India"" via NYT http://t.co/5OV2CesiNZ #socialmarketing #ff #Entrepreneurs #followfriday #busine...",injured_or_dead_people,flood,India,twitter
"#NY #News Scores Killed in Flooding in Nepal and India: More than 11,000 homes have been damaged and roughly 1... http://t.co/UyK9hDrw32",infrastructure_and_utilities_damage,flood,India,twitter
"180 dead as floods wash away homes in Nepal, India - GEOENGINEERING FLOODING, DROUGHTING,KILLING IN A TOWN NEAR YOU - http://t.co/cdX44FTnNk",injured_or_dead_people,flood,India,twitter
#flood #disaster 300000 displaced and 45 killed in Eastern India floods - eNCA: DAWN.com300000 di... http://t.co/nbN9FPPD5a,displaced_people_and_evacuations,flood,India,twitter
"#News Hundreds dead as monsoon brings chaos to northern India, Nepal http://t.co/iDEfSHQNJe #World #Usa",injured_or_dead_people,flood,India,twitter
"RT @PressTV: Floods kill 113 people in #Nepal, #India  http://t.co/bC863jnzWR",injured_or_dead_people,flood,India,twitter
( #LeeticoohTeam ) Scores Killed in Flooding in Nepal and India http://t.co/GKpjjKSvHf Via @FlacoJonas,injured_or_dead_people,flood,India,twitter
#India: Flood damages #paddy in #Odisha State.  http://t.co/x21o6EaUZH,infrastructure_and_utilities_damage,flood,India,twitter
"#usa #hi #uk Deadly monsoon hits India, Nepal http://t.co/57V6CdD9JT",other_useful_information,flood,India,twitter
"Flood-like situation in Rajasthan: Army deployed to rescue people: Jaipur, Aug 11:  Army has been deplo... http://t.co/NksWP1OgoA #india",displaced_people_and_evacuations,flood,India,twitter
"Nepal floods, landslides kill 240, India announces NR 48 mn   http://t.co/c4PIke5SWV http://t.co/NoXDvQGLtO",injured_or_dead_people,flood,India,twitter
"Deadly monsoon hits India, Nepal http://t.co/dJmesjEph9 Via (Harradox)",other_useful_information,flood,India,twitter
"RT @IndiaToday: 2 killed, 4 lakh affected in Bihar flood  http://t.co/lT2ELiTuvL",injured_or_dead_people,flood,India,twitter
"( #HectorMartinez ) Monsoon kills hundreds in India, Nepal: Dozens of people have been killed in flooding in n... http://t.co/wHguuo1O6U",injured_or_dead_people,flood,India,twitter
"Deadly monsoon hits India, Nepal http://t.co/Pbe299IF29 from Bobby Caples",other_useful_information,flood,India,twitter
"New: Hundreds dead as monsoon hits India, Nepal http://t.co/pNV9uF8h7G #follow world_latest world_latest",injured_or_dead_people,flood,India,twitter
"“@Outlookindia: UP Floods Claim 41 Lives, Over 1,000 Villages Hit | http://t.co/PeIPpWTmPx | Outlook Wires”",injured_or_dead_people,flood,India,twitter
Many dead in Nepal and India floods. #Nepal #India   http://t.co/L7mmx6eW5S,injured_or_dead_people,flood,India,twitter
#SuryaRay #Indian Nepal Floods Death Toll Passes 100 - Voice of America http://t.co/VbB7r1uwAh @SuryaRay #India,injured_or_dead_people,flood,India,twitter
"#ふんどしの巨人 Monsoon kills hundreds in India, Nepal Dozens of people have been killed in floo  http://t.co/sv0q9XkGOz",injured_or_dead_people,flood,India,twitter
"ETTN Monsoon floods hit north India, 1,500 villages under water: Thousands were marooned in villages in UP, wh... http://t.co/O6Azpnegou",missing_trapped_or_found_people,flood,India,twitter
#News Many dead in Nepal and India floods http://t.co/FNG6qlzE1g #Noticias,injured_or_dead_people,flood,India,twitter
"Dozens Killed in Nepal, India Flooding http://t.co/kqqO9d7W99 via @BreitbartNews",injured_or_dead_people,flood,India,twitter
Many dead in Nepal and India floods #NewsAd link http://t.co/G4pOSwYWXd,injured_or_dead_people,flood,India,twitter
"Hundreds dead as monsoon hits India, Nepal:        http://t.co/gjotZR3hnw news from Easy 97.3",injured_or_dead_people,flood,India,twitter
"24 Killed, Including 7 In Their Sleep As Landslide Hit India via @AmeboApp http://t.co/bB27mdvJu6",injured_or_dead_people,flood,India,twitter
Floods hit India's Uttar Pradesh Sugarcane crop under high risk: Around 0.6 million hectares of arable lands h... http://t.co/d1ykgqQOZl,other_useful_information,flood,India,twitter
"High flood alert in parts of #India ... Raj. , Oddissa , Uttarakhand ...",caution_and_advice,flood,India,twitter
"Nepal and India begin relief efforts as monsoon floods claim at least 180 lives http://t.co/sPi3qt39cG Published August 18, 2014 at 12:35PM",injured_or_dead_people,flood,India,twitter
Nepal and India begin relief efforts as monsoon floods claim at least 180 lives #UkNews http://t.co/PG5xodrszJ,injured_or_dead_people,flood,India,twitter
"#wearethepeople Deaths Climb from India, Nepal Floods - Wall Street Journal (blog) http://t.co/D09CMKFp0z",injured_or_dead_people,flood,India,twitter
(♥#Johan_Stars_07♥) Scores Killed in Flooding in Nepal and India http://t.co/87RxxoG7qd,injured_or_dead_people,flood,India,twitter
"#浣腸 Scores Killed in Flooding in Nepal and India More than 11,000 homes have been da  http://t.co/XMijLzFS2u",injured_or_dead_people,flood,India,twitter
DTN Dubai: Flood fury in India: Army asked to be on alert http://t.co/npnoWvDDRv,caution_and_advice,flood,India,twitter
"“@wbaustin: Hundreds dead as monsoon hits India, Nepal http://t.co/482HQ0LgiB”",injured_or_dead_people,flood,India,twitter
Flood Fury : Why isn't it TOP NEWS #INDIA ? Waiting for some sponsors?,other_useful_information,flood,India,twitter
"#AnDy_x9 Scores Killed in Flooding in Nepal and India: More than 11,000 homes have been damaged and r... http://t.co/LCEaXsB2Dc #AnDy_x9",injured_or_dead_people,flood,India,twitter
"#NepalFloods :More than 100 deaths, outbreak of #diseases feared - SaddaHaq https://t.co/Kf1AR8jAiK via @SaddaHaqMedia #floods #nepal #india",injured_or_dead_people,flood,India,twitter
"RT @IndianExpress: UP flood toll at 28; more than 1,000 villages hit | http://t.co/bBqORTGvRS http://t.co/32UX9xp54h",injured_or_dead_people,flood,India,twitter
China News- Scores Killed in Flooding in Nepal and India http://t.co/1tO7yRdCw3,injured_or_dead_people,flood,India,twitter
Dozens killed as monsoon floods ravage India and Nepal: More than 100 people have been killed by flooding in N... http://t.co/wGQmmEvib1,injured_or_dead_people,flood,India,twitter
"Floods kill 45 in eastern India: Flooding in eastern India has killed 45 people and displaced more than 300,00... http://t.co/mSYsVdqk6i",injured_or_dead_people,flood,India,twitter
"Monsoon floods in Nepal and India cause 180 deaths, maroon villages, sweep ... http://t.co/qu7mTcWqpO http://t.co/8F2zjKI63f #india #asia",injured_or_dead_people,flood,India,twitter
Many dead in Nepal and India floods: At least 160 people are reported to have been killed in floo... http://t.co/4Jy013UeKz #upsccurrent,injured_or_dead_people,flood,India,twitter
Check this @SuryaRay Odisha's farmers suffer huge crop loss in floods: The recent floods damaged... http://t.co/bswAHL1vnU #SuryaRay #India,infrastructure_and_utilities_damage,flood,India,twitter
"#wearethepeople Hundreds dead as monsoon hits India, Nepal http://t.co/TvpZRVin7T",injured_or_dead_people,flood,India,twitter
"24 Killed, Including 7 In Their Sleep As Landslide Hit India http://t.co/35wA6J2udD  Ukraine Says... http://t.co/z01mh2jOl8",injured_or_dead_people,flood,India,twitter
India Monsoon Flooding (from @AP) http://t.co/sR6txB5xNj,other_useful_information,flood,India,twitter
Scores Killed in Flooding in Nepal and India: http://t.co/IXGXS2G9M0 #ff #socialmedia #followme,injured_or_dead_people,flood,India,twitter
A2 natural disasters causing poverty: Many dead in Nepal and India floods http://t.co/MvD0rBpxQ8,injured_or_dead_people,flood,India,twitter
"Nepal, India floods leave nearly 200 dead, scores missing http://t.co/yHfAtFcvgg via Yahoo!",injured_or_dead_people,flood,India,twitter
UP FLOODS: NEARLY 1500 VILLAGES INUNDATED IN NORTH INDIA ALONE(NNIS SPECIAL)  (Part-1) : http://t.co/DlqQMYpY5W #News,displaced_people_and_evacuations,flood,India,twitter
@Esa_OG Death toll from 3 days of flooding and torrential rain in Nepal and India rises to more than 180 peopl... http://t.co/MsKsvZuDB5,injured_or_dead_people,flood,India,twitter
RT @rightnowio_feed: RT @BBCWorld: At least 160 people reported killed in Nepal &amp; India floods after... http://t.co/wXzwQOnnyo #Nepal #Indi…,injured_or_dead_people,flood,India,twitter
#India news - 45 Dead Even as Odisha Flood Waters Start Receding http://t.co/HcGZf0qR9q,injured_or_dead_people,flood,India,twitter
"#Follow4Follow Deadly monsoon hits India, Nepal: Dozens of people have been killed in flo... http://t.co/mmVJxDkwjQ #FollowMe4FollowBack",injured_or_dead_people,flood,India,twitter
"#Odisha:Aggrieved with the incident near Seragada in Ganjam dist, the villagers unitedly killed the two attackers @NewIndianXpress.",injured_or_dead_people,flood,India,twitter
"Photo: breakingnews: At least 180 dead in monsoon flooding in Nepal, India AP: The death toll from three... http://t.co/UNZA1G0U83",injured_or_dead_people,flood,India,twitter
"Deadly monsoon hits India, Nepal #UsefulUpdates Check it out here http://t.co/Ov2QMd7nST",other_useful_information,flood,India,twitter
"""@ndtv: Flood fury in North India: dozens killed, lakhs affected.- But no rain Delhi NCR. Absolute drought conditions and very hot n humid.",injured_or_dead_people,flood,India,twitter
"Landslides, floods leave 77 dead and thousands homeless in Nepal, India - http://t.co/GtguN90BIs",injured_or_dead_people,flood,India,twitter
"UP floods: Rapti water level touches new high; 28 killed, 17,000 ... - http://t.co/P5sR7wA9l8 #NewsInTweetsIndia",injured_or_dead_people,flood,India,twitter
"Floods, Landslides Kill 240 in Nepal, India Announces 30 Million... http://t.co/TOAfYZ95SE #BreakingNews",injured_or_dead_people,flood,India,twitter
"Flood fury in Uttarakhand, UP, Assam, Bihar; lakhs displaced http://t.co/C5hjVuYlbT.. #india",other_useful_information,flood,India,twitter
"RT @TOIIndiaNews: UP floods claim 41 lives, over 1,000 villages hit http://t.co/Xr44bahzLD",injured_or_dead_people,flood,India,twitter
"180 dead as floods wash away homes in Nepal, India: Doctors inspect x-rays of landslide victims a... http://t.co/VNnGB1ar8g #IndiaHealth",injured_or_dead_people,flood,India,twitter
"[New Y. Times. EUA] Scores Killed in Flooding in Nepal and India: More than 11,000 homes have bee... http://t.co/yzZLQ4N5zN vía J.A.M.V",injured_or_dead_people,flood,India,twitter
"RT @rory_souter: Indian government spends 50 million and gets a satellite to mars, moray council spends 86 million on ""flood defences"" whic…",other_useful_information,flood,India,twitter
"RT @LS_Disasters: Floods continue in #India's Uttar Pradesh area: 28 known dead, 60,000 evacuated; about 1,500 villages affected.",injured_or_dead_people,flood,India,twitter
"New Video Added: Flood fury in North India: Dozens killed, lakhs affected - http://t.co/fkX5RTo4Sh #Watch, Publish, Share Videos - VidiVid",injured_or_dead_people,flood,India,twitter
#India http://t.co/B4TiAhA6ye Flooding in #Assam and #UttarPradesh. Monitor media and follow advice of the local authorities.,caution_and_advice,flood,India,twitter
Nepal and India begin relief efforts as monsoon floods claim at least 180 lives http://t.co/BfvxCivCP4 #theguardian,injured_or_dead_people,flood,India,twitter
"Monsoon floods hit north India, 1,500 villages under water: Thousands were marooned in villages in UP, w... http://t.co/X2bsDrObFH #News",missing_trapped_or_found_people,flood,India,twitter
"New post: 180 dead as floods wash away homes in Nepal, India - Daily Mail http://t.co/xsUPdNQUHe",injured_or_dead_people,flood,India,twitter
"At least 45 people killed and 300,000 cut off by flooding in Odisha state, #India.",injured_or_dead_people,flood,India,twitter
"Inspite of Monsoon crisis in North India: 28 killed and 10,000 made homeless as flash floods strike eastern UP http://t.co/zAYasMsMjP",injured_or_dead_people,flood,India,twitter
"Dozens of people have been killed in flooding in northern and eastern India, while the dea smartsensors.me http://t.co/mSyDqeBPzT",injured_or_dead_people,flood,India,twitter
Top News Many dead in Nepal and India floods http://t.co/fnTIUqBo77,injured_or_dead_people,flood,India,twitter
"Monsoon floods in Nepal and India cause 180 deaths: KATMANDU, Nepal   The death toll from three days of floodi... http://t.co/NgFknWVqu2",injured_or_dead_people,flood,India,twitter
"RT @down2earthindia: After landslide,heavy rains in #Nepal may flood #Bihar. Kosi already flowing above danger levels, blogs @akshaydeoras …",other_useful_information,flood,India,twitter
"BBM PIN: 324FF166 Deadly monsoon hits India, Nepal: Dozens of people have been killed in flo... http://t.co/b5ss52IpST BBM PIN: 324FF166",injured_or_dead_people,flood,India,twitter
Many dead in Nepal and India floods. France surrenders.,injured_or_dead_people,flood,India,twitter
"#India: Animals move to higher lands, as flood waters inundate #Kaziranga National Park http://t.co/1JrbNposFz",other_useful_information,flood,India,twitter
"GOVT NOT DOING ENOUGH , SAY ODISHA INDIA VILLAGERS WHO LOST EVERYTHING IN FLOOD http://t.co/4he0Uzemgj",other_useful_information,flood,India,twitter
#Bihar must watch out from a flooded #Kosi river this week. More details on my weather blog on @down2earthindia  http://t.co/WBdfacvx8z,other_useful_information,flood,India,twitter
RT @BBCWorld killed in Nepal India floods after days of torrential rain http://t.co/qB9vi7C75H #nepal #india #israel,other_useful_information,flood,India,twitter
@PIB_India Raise Demand for implementation of RIVER LINKING PROJECTS beneficial for all global citizens &amp; controls flood &amp; shortages,other_useful_information,flood,India,twitter
"#TeamLove Scores Killed in Flooding in Nepal and India: More than 11,000 homes have been dama... http://t.co/whjXwxXnUM #TeMolestaElHumo",injured_or_dead_people,flood,India,twitter
#wearethepeople Many dead in Nepal and India floods - BBC News http://t.co/LaXpTfpF29,injured_or_dead_people,flood,India,twitter
"#Indian #India 39 Dead, 33 Lakh Affected as Floods Wreak Havoc Across Odisha: Heavy floods in... http://t.co/78VEVYbXNZ #SuryaRay @SuryaRay",injured_or_dead_people,flood,India,twitter
"Floods in North India leaves lakh homeless in Bihar, UP and Uttarakhand",displaced_people_and_evacuations,flood,India,twitter
"And our government wants to build dams here...  Nepal flood toll hits 101, fears of disease rise http://t.co/TCJZhrza4U via @timesofindia",other_useful_information,flood,India,twitter
India Today: Honour killing: Girl allegedly shot dead by father in UP http://t.co/S8FoNPPMMO. http://t.co/8sqWfYCrAm,injured_or_dead_people,flood,India,twitter
"UP floods kill 28, Centre calls it 'unprecedented' - Times of India: Indian ExpressUP floods kill 28, Centre c... http://t.co/orIk19MoXl",injured_or_dead_people,flood,India,twitter
Nepal and India begin relief efforts as monsoon floods claim at least 180 lives http://t.co/hR7XAn2CBQ #education,injured_or_dead_people,flood,India,twitter
#India: #Odisha floods: 294 villages still marooned - http://t.co/FQ9qe3DtMp,missing_trapped_or_found_people,flood,India,twitter
#bentozy Many dead in Nepal and India floods: At least 160 people are reported to have been killed in fl... http://t.co/3lVzzDZ3d6 #news,injured_or_dead_people,flood,India,twitter
"#AsiaPacific ▪ Scores Killed in Flooding in Nepal and India: More than 11,000 homes have been damaged and roug... http://t.co/xs1JpzqbCK",injured_or_dead_people,flood,India,twitter
"RT @IndiaToday: UPDATE-18 killed, 1 injured in collision between auto-rickshaw &amp; passenger train  in Motihari, Bihar. http://t.co/rFh28wMy6I",injured_or_dead_people,flood,India,twitter
Center upgrades level of flood alert for eastern UP http://t.co/ndziNdpJVd #india,caution_and_advice,flood,India,twitter
"Villagers stranded amidst heavy floods in Uttar Pradesh: Lucknow, Aug 18: When Mother Nature decides to... http://t.co/i8kd5SbA7W #india",missing_trapped_or_found_people,flood,India,twitter
"Deadly monsoon hits India, Nepal http://t.co/jcnWAjHvg9 #BreakingNews",other_useful_information,flood,India,twitter
Monsoon Floods Death Toll In India And Nepal Continues To Grow: A boy rows a banana raft in a flood-affected a... http://t.co/GxoGZ1GMnE,injured_or_dead_people,flood,India,twitter
"(#Bryan_Starz) Hundreds dead as monsoon hits India, Nepal http://t.co/Iw2noxOFhO (#Bryan_Starz)",injured_or_dead_people,flood,India,twitter
"#Te_Amo_Rainel 24 Killed, Including 7 In Their Sleep As Landslide Hit India: Heavy downpours in... http://t.co/tEZVCyIvLq @Diime_Raiinel",injured_or_dead_people,flood,India,twitter
Death toll from landslides and flooding in #Nepal and #India has climbed to over 109 (EPA). http://t.co/obM7AwcrG7,injured_or_dead_people,flood,India,twitter
"http://t.co/AsgV9gRMzR Floods claim 45 lives in Odisha, 4.8 L p @INSubcontinent #INSubcontinent #India http://t.co/UOGGAXncYC",injured_or_dead_people,flood,India,twitter
Many dead in #Nepal &amp; India floods http://t.co/0diCEZJ3NM #flooding #IndiaUttarPradesh #rescuers,injured_or_dead_people,flood,India,twitter
Flood fury in India - Times of India http://t.co/Ex9CtiSkW8,other_useful_information,flood,India,twitter
"It has been torrential in Manchester since 8am...like flood bad ,hurricane now #gutlessIndians",other_useful_information,flood,India,twitter
"(#YorkReye) Hundreds dead as monsoon hits India, Nepal:        http://t.co/PEE3o6Oroy",injured_or_dead_people,flood,India,twitter
@ZeeNews money eaten by Akhilesh govt meant 4 desiltation is d main reason behind these floods UP govt shld b charged 4 this loss @PMOIndia,other_useful_information,flood,India,twitter
"RT @architaur: Flood Fury in North India: Dozens Killed, Lakhs Affected: Heavy monsoon rains have created flood hav... http://t.co/s7PdfrBp…",injured_or_dead_people,flood,India,twitter
"(#Gaviito0) Scores Killed in Flooding in Nepal and India: More than 11,000 homes have been damaged... http://t.co/38nmItfooJ (@Gaviito0)",injured_or_dead_people,flood,India,twitter
"180 dead in Nepal monsoon floods: Authorities in Nepal and neighbouring India have sent food, medical supplies... http://t.co/53ILGHoZIu",injured_or_dead_people,flood,India,twitter
#flood #disaster 300000 displaced and 45 killed in Eastern India floods - eNCA: 300000 displaced and 45 killed... http://t.co/puQSt6W9wx,displaced_people_and_evacuations,flood,India,twitter
"Deadly monsoon hits India, Nepal: Dozens of people have been killed in flooding in northern and east... http://t.co/q6xG8ruFTX @frostnix",injured_or_dead_people,flood,India,twitter
Many dead in Nepal and India floods: At least 160 people are reported to have been killed... http://t.co/Q8o4e3dljk #Latest #News #BNews,injured_or_dead_people,flood,India,twitter
"#LattooRepublic Hundreds dead as monsoon hits India, Nepal:        http://t.co/ZWS1iZ6Bw5 #TheIrfanism",injured_or_dead_people,flood,India,twitter
RT @PharmaIQ: Fleeing India: What Will Make Clinical Trials Flood Back: India’s clinical trial industry has seen it ... http://t.co/2eixq4p…,other_useful_information,flood,India,twitter
Rescuers in Indian landslide say hopes for survivors 'bleak' - http://t.co/yE5EzJXfYY,missing_trapped_or_found_people,flood,India,twitter
Many dead in Nepal and India floods #AsiaNews http://t.co/OTsakTIzRw,injured_or_dead_people,flood,India,twitter
"""Scores Killed in Flooding in Nepal and India"" via NYT http://t.co/CzA7sfey5O #socialmarketing #blogging #Entrepreneurs #ff",injured_or_dead_people,flood,India,twitter
"#ovii_starz Hundreds dead as monsoon hits India, Nepal:        http://t.co/6OeIwyhN2d #ovii_starz",injured_or_dead_people,flood,India,twitter
"Breaking news: Deadly monsoon hits India, Nepal http://t.co/tqyGhRPSeg",other_useful_information,flood,India,twitter
"**TouchMeNot** Deadly monsoon hits India, Nepal: Dozens of people have been killed in flooding in northern a... http://t.co/C2felHSMLM """,injured_or_dead_people,flood,India,twitter
"RT @Disaster_Update: #Flood in #Rishikesh, #India kills 5, Rishikesh-#Badrinath obstructed http://t.co/MKGDhjcjRs",injured_or_dead_people,flood,India,twitter
"NEWS &gt; Deadly monsoon hits India, Nepal http://t.co/SRZ7hhCEb2 #FF #F4F #FB100%",other_useful_information,flood,India,twitter
"#Informationnaija 24 Killed, Including 7 In Their Sleep As Landslide Hit India: Heavy downpours in India trigg... http://t.co/ArBwhJoHAW",injured_or_dead_people,flood,India,twitter
"Flood situation in Assam grim, toll rises to 3 http://t.co/Dj2pajEFfA #india",other_useful_information,flood,India,twitter
Nepal and India begin relief efforts as monsoon floods claim at least 180 lives #NewsAd link http://t.co/WPA4Tx9qSM,injured_or_dead_people,flood,India,twitter
"RT @ramtoindia: RT @ndtv: 39 dead, 33 lakh affected as floods wreak havoc across Odisha http://t.co/7dvnFeciQg @goldenpeak24 @wakeup_bharat…",injured_or_dead_people,flood,India,twitter
"180 dead as floods wash away homes in Nepal, India: KATMANDU, Nepal (AP) — The death toll from three days of f... http://t.co/INDWIoV9bz",injured_or_dead_people,flood,India,twitter
"RT @MitKat_Advisory: Nepal: Floods, Landslides kill 240; India promises monetary aid. For details http://t.co/YB5bYgCQ6w",injured_or_dead_people,flood,India,twitter
"Floods and landslides in Nepal and northern India have killed nearly 200 people and scores more are missing, loc... http://t.co/O3qfT7BzTB",injured_or_dead_people,flood,India,twitter
#uk #nbl #usa #news Many dead in Nepal and India floods  http://t.co/O6P5UhEX8T,injured_or_dead_people,flood,India,twitter
RT @bijay64: 38 breaches in different river embankments in the recent floods in Odisha @NewIndianXpress,infrastructure_and_utilities_damage,flood,India,twitter
#TeamPAPii -Scores Killed in Flooding in Nepal and India http://t.co/r5MPDBDx6T Unete → @TeamPAPii),injured_or_dead_people,flood,India,twitter
Scores Killed in Flooding in Nepal and India (NY Times) http://t.co/XUsG4kQ685,injured_or_dead_people,flood,India,twitter
"Odisha floods kill 45, leave 300,000 villagers marooned http://t.co/CLaQbbhxly #india",injured_or_dead_people,flood,India,twitter
"(#Dime_Landy) Scores Killed in Flooding in Nepal and India: More than 11,000 homes have been dam... http://t.co/yXohQ9LEVM (#Dime_Landy)",injured_or_dead_people,flood,India,twitter
"#india #business : Nepal flood toll hits 101, fears of disease rise: Nepalese authorities attempting to reach ... http://t.co/HGZqmOsMLM",other_useful_information,flood,India,twitter
#Nepal and #India's Assam experience serious floods which leave many dead. http://t.co/ghZyZeJSEl,injured_or_dead_people,flood,India,twitter
"180 dead as floods wash away homes in Nepal, India: Authorities in Nepal and neighbouring India sent food,... http://t.co/dhtLDjXddL",injured_or_dead_people,flood,India,twitter
"Floods in Uttar Pradesh, India, after Nepal Opens Floodgates http://t.co/7qB7TPZgBW via @feedly",other_useful_information,flood,India,twitter
"(@ShaquilleMVP) Scores Killed in Flooding in Nepal and India: More than 11,000 homes have b... http://t.co/NSX1I54LMV (#Team' Shaquille)",injured_or_dead_people,flood,India,twitter
Nepal &amp; India begin relief efforts as monsoon floods claim at least 180 lives http://t.co/yt94RuTLzE,injured_or_dead_people,flood,India,twitter
"Hundreds dead as monsoon brings chaos to northern India, Nepal http://t.co/BM3wmAcsxy #NLU",injured_or_dead_people,flood,India,twitter
#Nepal | Many dead in Nepal and India floods - &amp;#8230;  torrential rain in Nepal and northern India.         In Ne... http://t.co/C45oyihf4i,injured_or_dead_people,flood,India,twitter
(World) At least 160 people reported killed in Nepal &amp; India floods after days of torrential rain.,injured_or_dead_people,flood,India,twitter
http://t.co/My1O4uF3px Flood-like situation in Rajasthan: Army @INSubcontinent #INSubcontinent #India http://t.co/j6SaleqI2q,other_useful_information,flood,India,twitter
Many dead in Nepal and India floods http://t.co/oNV8wm2ycE #Asia #News,injured_or_dead_people,flood,India,twitter
"#BreakingNews Monsoon: Dozens of people have been killed in flooding in northern and eastern India, while ... http://t.co/m4e5pJcKo4 #FB",injured_or_dead_people,flood,India,twitter
"Monsoon floods hit north India, 1500 villages under water: Northern India flood AFP Indian villagers paddle a ... http://t.co/BrCZICusOD",infrastructure_and_utilities_damage,flood,India,twitter
"Flooding in Nepal, India Kills At Least 180 http://t.co/lBW5O3GyBX #EMM",injured_or_dead_people,flood,India,twitter
"dlvr -  Nepal, India floods kill nearly 200 http://t.co/joguoAvjDN",injured_or_dead_people,flood,India,twitter
RT @sisirpanigrahy1: #Odisha:The critically injured villager admitted to MKCGMCH in Berhampur city @NewIndianXpress.,injured_or_dead_people,flood,India,twitter
"RT @indiawater: Assam #flood affects nearly 3.68 lakh people across 14 districts, submerges 791 villages http://t.co/Eic2Bo9wb7",infrastructure_and_utilities_damage,flood,India,twitter
"( #MorenoPretty ) Scores Killed in Flooding in Nepal and India: More than 11,000 homes have ... http://t.co/wBIzfc648g ( #MorenoPretty )",injured_or_dead_people,flood,India,twitter
RT @Ronnie_the_Rat: RAT NEWS ONLINE: Many dead in Nepal and India floods: At least 160 people are reported to... http://t.co/bLvupjBlXE #ra…,injured_or_dead_people,flood,India,twitter
Many dead in Nepal and India floods http://t.co/VE3FFSmEAN #makeinindia,injured_or_dead_people,flood,India,twitter
Scores Killed in Flooding in #Nepal and #India http://t.co/O4Tp5zp4rw via @nytimesworld,injured_or_dead_people,flood,India,twitter
Nepal and India begin relief efforts as monsoon floods claim at least 180 lives: Helicopters carry... http://t.co/fqacGBmdxy - @guardian,injured_or_dead_people,flood,India,twitter
"Hundreds dead as monsoon brings chaos to northern India, Nepal: (CNN) -- Dozens of people have been killed in ... http://t.co/z1Klj6luXI",injured_or_dead_people,flood,India,twitter
flood furry in north india http://t.co/ulQYObOkQD,other_useful_information,flood,India,twitter
Odisha's farmers suffer huge crop loss in floods http://t.co/wPFA0zZNiu via @timesofindia,infrastructure_and_utilities_damage,flood,India,twitter
"Flooding in Nepal, India Kills At Least 180 http://t.co/OpvOl9xl40 http://t.co/8F2zjKI63f #india #asia",injured_or_dead_people,flood,India,twitter
#India: #Army alerted as floods wreck havoc in UP - http://t.co/OMQsP1hgKg,caution_and_advice,flood,India,twitter
"RT @ChannelNewsAsia: Flooding in eastern India kills 45 people and displaces more than 300,000 http://t.co/FGhiFRszQc http://t.co/b9XvfT6OtR",injured_or_dead_people,flood,India,twitter
"RT @nitabhalla: East India floods kill 45, leave 300,000 villagers marooned http://t.co/3fcl00oVhf via @TR_Foundation #odisha #india #monso…",injured_or_dead_people,flood,India,twitter
#BBCNews Many dead in Nepal and India floods: At least 160 people are reported to have been killed... http://t.co/tJfLTVMyWu |TheDailyPR,injured_or_dead_people,flood,India,twitter
"Hundreds dead as monsoon hits India, Nepal:        http://t.co/0VLaUZNdp1 Source: CNN",injured_or_dead_people,flood,India,twitter
RT @perthnow: A GIRL swept away in the 2004 Indian Ocean tsunami reunited with her parents 10 years after being given up for dead. http://t…,other_useful_information,flood,India,twitter
"RT @Arqeni_xxx: #Weed Hundreds dead as monsoon hits India, Nepal http://t.co/MlAeF28FZq",injured_or_dead_people,flood,India,twitter
"Flooding in eastern India has killed 45 people and displaced more than 300,000 in the past week, a senior official said Monday (Aug 11), ...",injured_or_dead_people,flood,India,twitter
"UP floods claim 41 lives, over 1,000 villages hit http://t.co/92D2PJ03BO via @timesofindia",injured_or_dead_people,flood,India,twitter
"UP floods claim 41 lives, over 1,000 villages hit: The toll in Uttar Pradesh floods on Monda... http://t.co/lmS4V7qDQe via @timesofindia",injured_or_dead_people,flood,India,twitter
OMG - Bike Rider Swept Away by Flood Waters in India | Best Blog http://t.co/G7n04Pm5Mg,injured_or_dead_people,flood,India,twitter
160 died in Nepal and India floods http://t.co/akTP3H2N1f,injured_or_dead_people,flood,India,twitter
Nepal and India begin relief efforts as monsoon floods claim at least 180 lives #GeneralNews http://t.co/M1Vyc1UUJK,injured_or_dead_people,flood,India,twitter
"Odisha Floods: Death Toll Reaches 45, Water Level Recedes Slowly http://t.co/qNAFaSEKBW via @ibtimesindia1 #odishaflood",injured_or_dead_people,flood,India,twitter
"RT @DrAshwani_Kumar: Havoc, death &amp; destruction due 2 #floods in UP, Bihar &amp; Assam unacceptable after 68 yrs of #independence. #India needs…",injured_or_dead_people,flood,India,twitter
RT @bijay64: 2.9 lakh people in 294 villages remain marooned in flood waters in Odisha @NewIndianXpress,missing_trapped_or_found_people,flood,India,twitter
"http://t.co/ZoLocNsiWt Nepal, India flood death toll reaches 180",injured_or_dead_people,flood,India,twitter
Nepal and India begin relief efforts as monsoon floods claim at least 180 lives http://t.co/BEA5gb6G1b #afmobi #Theguardian,injured_or_dead_people,flood,India,twitter
"#flood #disaster Deadly floods hit India, Nepal: Floods triggered by heavy rains in the Himalayas have inundat... http://t.co/soDJGQXpvB",injured_or_dead_people,flood,India,twitter
Govt faces flood of demands on Bharat Ratna - Times of India http://t.co/siLNPVYILD | http://t.co/oN7dAJcRRJ #news,other_useful_information,flood,India,twitter
At least 9 killed as Rapti Ganga Express rams autorickshaw in Bihar http://t.co/uwz45lPSy3 #India,injured_or_dead_people,flood,India,twitter
#TeamFollowBack #FF Many dead in Nepal and India floods: At least 160 people are reported t... http://t.co/7cW047mOEz #InstantFollowBack,injured_or_dead_people,flood,India,twitter
"Six Years after, No Shelter Homes for Flood-prone - The New Indian Express http://t.co/4esodVy8HM via @NewIndianXpress",other_useful_information,flood,India,twitter
"Flood creates havoc in Uttar Pradesh, India: 1500 villages affected, 30 died, thousands displaced Situation in Bihar and Assam also not good",injured_or_dead_people,flood,India,twitter
Many dead in Nepal and India floods http://t.co/dn5bSBqz0S #MvpHype,injured_or_dead_people,flood,India,twitter
"RT @koconews: Hundreds dead as monsoon hits India, Nepal http://t.co/dJahUKKMKt",injured_or_dead_people,flood,India,twitter
"RT @akannampilly: #UPDATED @AFP story - floods in #Nepal and #India leave nearly 200 dead, scores missing http://t.co/g4PfyIJZmn via @Yahoo…",injured_or_dead_people,flood,India,twitter
@PIB_India Local governments of India are well organized today &amp; have a website - transparent and open. Need focus on flood warning systms.,caution_and_advice,flood,India,twitter
"#Mini_Swag1 Scores Killed in Flooding in Nepal and India: More than 11,000 homes have been damaged... http://t.co/59oKwT81WT @Mini_Swag1",injured_or_dead_people,flood,India,twitter
"#Odisha #floods: Death toll rises to 45, over 33 lakh people affected | http://t.co/YelDPWaBQO | #India #InfoblazeIND",injured_or_dead_people,flood,India,twitter
"Hundreds dead as monsoon hits India, Nepal - KPRC Houston http://t.co/UD05cTdbj8",injured_or_dead_people,flood,India,twitter
RT @SheaGoodpaster: Minor flooding #Knightstownindiana @RafaelOnTV @rtv6 @indytrafficrtv6 @KevinGregoryRTV @kylemounce @AshleyBrownWX http:…,other_useful_information,flood,India,twitter
At least 160 deads from floods in Nepal and India http://t.co/I1ol2KrWYe,injured_or_dead_people,flood,India,twitter
"RT @leslielau: Eastern India floods kill 45, displaces 300,000: NEW DELHI, Aug 11 — Flooding in eastern India has killed 45 p... http://t.c…",injured_or_dead_people,flood,India,twitter
WEATHER INC EARTHQUAKES AND VOLCANIC ACTIVTY • Nepal And India Floods Leave Many Dead http://t.co/3teqvnsEpK,injured_or_dead_people,flood,India,twitter
"#Nepal | Hundreds dead as monsoon hits India, Nepal - &amp;#8230; , while the death toll in Nepal has passed 100, gove... http://t.co/by9thDEinE",injured_or_dead_people,flood,India,twitter
"Nepal, India floods kill nearly 200 http://t.co/THnSmqb7UM #latest #news http://t.co/6YCDSbKlBz",injured_or_dead_people,flood,India,twitter
Odisha floods: 294 villages still marooned http://t.co/QCpe4mJPC8 #India #news,infrastructure_and_utilities_damage,flood,India,twitter
Flooding in northern India and Nepal kills at least 160 http://t.co/UZ4ZZTCsQF,injured_or_dead_people,flood,India,twitter
RT @WasbirH: @PMOIndia How long will Assam's flood-hit have to live on river embankments or roads? Annual calamity renders thousands homele…,other_useful_information,flood,India,twitter
"RT @BBCNewsAsia: Floods and landslides kill at least 160 people in Nepal and northern India, officials say http://t.co/2Px2dHhr3l http://t.…",injured_or_dead_people,flood,India,twitter
RT @AJEWeather The death toll from flooding in northern India continues to rise. @RichardAngwin1 has more in 5 mins: http://t.co/IYDI27on3t,injured_or_dead_people,flood,India,twitter
Txs to @EU_echo partners in #Nepal #India 4 fresh support 2 displaced after #monsoon floods/landslides  http://t.co/DQtm8DYDFl,displaced_people_and_evacuations,flood,India,twitter
"Latest News: Scores Killed in Flooding in Nepal and India: More than 11,000 homes have been damaged and roughl... http://t.co/13syYRF0GM",injured_or_dead_people,flood,India,twitter
At least 160 died in Nepal and India floods,injured_or_dead_people,flood,India,twitter
@Furtive_Glances A5) Manu was said to have survived a great flood which gave rise to Manali. #IndiaUnveiled http://t.co/OGgXxj1zkO,other_useful_information,flood,India,twitter
@Korn_Wallace @stormchase3 @theeleanordavis @LATiffani1 in India theyre flooding major cities by infiltrating thro the Bangladesh border!,other_useful_information,flood,India,twitter
Dozens killed as monsoon floods ravage India and Nepal: More than 100 people have been k... http://t.co/bTJoqeKVZr http://t.co/awfOsUEfQ4,injured_or_dead_people,flood,India,twitter
"New post: ""Hundreds dead as monsoon hits India, Nepal"" http://t.co/nqw2Zl8pck",injured_or_dead_people,flood,India,twitter
"180 Dead as Floods Wash Away Homes in Nepal, India - ABC News http://t.co/J7h3lAgTL3",injured_or_dead_people,flood,India,twitter
"Flood situation in Assam grim, toll rises to 3 http://t.co/xx6JpAcFTN via @timesofindia",injured_or_dead_people,flood,India,twitter
"Monsoon kills hundreds in India, Nepal: Dozens of people have been killed in flooding i... http://t.co/t0k7CQ24TH http://t.co/bKWnqtvEYM",injured_or_dead_people,flood,India,twitter
"#MP #India Odisha floods kill 45, leave 300000 villagers marooned via Bangladesh News 24 hours http://t.co/o90VBLQtgY",injured_or_dead_people,flood,India,twitter
"( #Anderlin ) Scores Killed in Flooding in Nepal and India: More than 11,000 homes have been dam... http://t.co/YDlzwxWZxZ ( #Anderlin )",injured_or_dead_people,flood,India,twitter
@Mr_Rem_ Many dead in Nepal and India floods: At least 160 people are reported to have been kill... http://t.co/ildR4hxbbt @InspirasiNAI,injured_or_dead_people,flood,India,twitter
RT @timesofindia: P Raghavan's blog: Flood havoc in the north and east: Why is India Meteorological Department (IMD) still ineffective? htt…,other_useful_information,flood,India,twitter
"Hundreds dead as monsoon brings chaos to northern India, Nepal #KansasCity http://t.co/6aMwktLjS0",injured_or_dead_people,flood,India,twitter
"[CNN] Monsoon: Dozens of people have been killed in flooding in northern and eastern India, while the death to... http://t.co/x6cqquK7pW",injured_or_dead_people,flood,India,twitter
Many dead in Nepal and India floods: At least 160 people are reported to have been kill... http://t.co/D2TjZbgYSE http://t.co/IbVYiiIqoa,injured_or_dead_people,flood,India,twitter
"East India floods kill 45, leave 300,000 villagers marooned http://t.co/3fcl00oVhf via @TR_Foundation #odisha #india #monsoons #floods",injured_or_dead_people,flood,India,twitter
"Deadly monsoon hits India, Nepal http://t.co/aeDhoK5Rot #teamfollowback",other_useful_information,flood,India,twitter
At least 9 killed as Rapti Ganga Express rams autorickshaw in Bihar http://t.co/9LbBv9i1nI via @timesofindia,injured_or_dead_people,flood,India,twitter
"Monsoon: Dozens of people have been killed in flooding in northern and eastern India, whi... http://t.co/tZY4QbDIFQ #atlantacash4junkcar",injured_or_dead_people,flood,India,twitter
"OJ BARBS Deadly monsoon hits India, Nepal: Dozens of people have been killed in flooding in northern and easte... http://t.co/NCzTJvPiTm",injured_or_dead_people,flood,India,twitter
300 000 cut off #floods #india #Odisha many feared dead http://t.co/Q6sgIZMUzf http://t.co/Zt8cUsTXo5,missing_trapped_or_found_people,flood,India,twitter
"RT @MinutePostIndia: #MP #India Flood alert in Jaipur, nearby cities in Rajasthan; many villages remain cut off in ... via IBNLive http://t…",caution_and_advice,flood,India,twitter
Many dead in Nepal and India floods - Yr 10 &amp; 11 - up to date effects of flooding in LIC and MIC http://t.co/gykK9WqTP5,injured_or_dead_people,flood,India,twitter
"[GIST] 24 Killed, Including 7 In Their Sleep As Landslide Hit India http://t.co/EPkYeg5mmi",injured_or_dead_people,flood,India,twitter
#SuryaRay #India Nepal flood toll hits 101 fears of disease rise http://t.co/tJGxOoTvOC @SuryaRay #Indian,injured_or_dead_people,flood,India,twitter
"(#TeamSolamente) Scores Killed in Flooding in Nepal and India: More than 11,000 homes have be... http://t.co/QoHXuf5JCl (#TeamSolamente)",injured_or_dead_people,flood,India,twitter
"#CNN_News Deadly monsoon hits India, Nepal: Dozens of people have been killed in flooding in nor... http://t.co/LBewFtfMix @FIFAWorldCup",injured_or_dead_people,flood,India,twitter
#IndianWells Flash Flood Watch - Expires: 6:00 PM EDT http://t.co/PhhRegJ9YO,caution_and_advice,flood,India,twitter
Flood Watch 8/10/14 – #Indiana residents should be #ready for a #flood by viewing the videos at http://t.co/of1MB8Uamr #inwx #FloodSafety,caution_and_advice,flood,India,twitter
"India’s monsoon rains are changing – Heavy rain and extreme floods devastate Odisha, India (again) http://t.co/YqOtPSSzsn #OccupyInfo #...",caution_and_advice,flood,India,twitter
"#australia #nepal Floods in northern India kill at least 28 people, leave thousands homeless ... - Radio Austr... http://t.co/Ui3rMPiWaA",injured_or_dead_people,flood,India,twitter
"@frederick_x5 Monsoon kills hundreds in India, Nepal: Dozens of people have been killed in flooding in northern and eas...  @frederick_x5",injured_or_dead_people,flood,India,twitter
"#DmEdiison_21 Scores Killed in Flooding in Nepal and India: More than 11,000 homes have been dam... http://t.co/WuIfMeziIs @DmEdiison_21",injured_or_dead_people,flood,India,twitter
RT @TOIIndiaNews: Odisha's farmers suffer huge crop loss in floods http://t.co/tHnQRILSCl,infrastructure_and_utilities_damage,flood,India,twitter
"UP floods: Rapti water level touches new high; 28 killed, 17,000 homeless: Lucknow / Dehradun / ... http://t.co/0qoJXkDF4V #thehawkindia",injured_or_dead_people,flood,India,twitter
"Havoc, death &amp; destruction due 2 #floods in UP, Bihar &amp; Assam unacceptable after 68 yrs of #independence. #India needs a credible solution.",injured_or_dead_people,flood,India,twitter
"Hundreds dead as monsoon hits India, Nepal http://t.co/LRacBNoOqF #world #news",injured_or_dead_people,flood,India,twitter
"[CNN] Monsoon kills hundreds in India, Nepal: Dozens of people have been killed in flooding in... http://t.co/7Cph0RHBiA #TalkMagazineNG",injured_or_dead_people,flood,India,twitter
#Akansha_Gautam #India #Indian Detroit area hit by severe flooding; 1 woman dies http://t.co/TsJNZmnXxM #SuryaRay  #RosyDecosta,injured_or_dead_people,flood,India,twitter
"RT @emergencyglobal: Nepal: Nepal, India floods kill nearly 200  Source: Agence France-Presse  Country: India, Nepal  08/18/2014 13:1... ht…",injured_or_dead_people,flood,India,twitter
Hundreds dead as monsoon flooding brings chaos to northern India and Nepal @CNN http://t.co/DXZGAHhT2R #flood #geographyteacher,injured_or_dead_people,flood,India,twitter
"Landslides, floods kill 109 people, displace thousands in Nepal and India http://t.co/Swf1l9EHz9 via @The Global Calcuttan",injured_or_dead_people,flood,India,twitter
RT @MobilePunch: Death toll in India landslides rises to 109 - The death toll from landslides and flooding triggered by torrential... http:…,injured_or_dead_people,flood,India,twitter
RT @IndiaAtLSE: Striking @AP_Images blog of India's monsoon flooding http://t.co/mymiQL2Glz,other_useful_information,flood,India,twitter
At least 160 people reported killed in Nepal &amp; India floods after days of torrential rain http://t.co/tKqANhHCKF http://t.co/RkndSiq4y1,injured_or_dead_people,flood,India,twitter
Half India is flooding. Rest half starving.,other_useful_information,flood,India,twitter
At least 9 killed as Rapti Ganga Express rams autorickshaw in Bihar: At least nine people we... http://t.co/4wr6f6ixsH via @timesofindia,injured_or_dead_people,flood,India,twitter
"#SuryaRay @Akansha_Gautam 39 Dead, 33 Lakh Affected as Floods Wreak Havoc Across Odisha http://t.co/ZXS3Sfmcg2 #India #Indian @SuryaRay",injured_or_dead_people,flood,India,twitter
"Hundreds dead as monsoon hits India, Nepal:        http://t.co/fKunmZtu9Z #NIowa #6thFan",injured_or_dead_people,flood,India,twitter
"24 Killed, Including 7 In Their Sleep As Landslide Hit India: Heavy downpours in India triggered ... http://t.co/yt8EvdiTLu via matt_ews",injured_or_dead_people,flood,India,twitter
"RT @Oneindia: Post-Bertha storm to hit south England, flood alert issued http://t.co/6OiWXXsvEX #England",caution_and_advice,flood,India,twitter
#FamilySoow  Scores Killed in Flooding in Nepal and India http://t.co/N4kNzh70Ak #MiquelControla ♥,injured_or_dead_people,flood,India,twitter
"Flood fury in Uttarakhand, Uttar Pradsh, Bihar, Assam; lakhs displaced: New Delhi: Lack of rain ... http://t.co/KUzfqL51wv #thehawkindia",other_useful_information,flood,India,twitter
RT @WSJIndia: Death toll mounts from flash floods and landslides in western Nepal; northern and eastern India http://t.co/IbEZoTY9oG,injured_or_dead_people,flood,India,twitter
"Deadly monsoon hits India, Nepal: Dozens of people have been killed in flooding in northern and... http://t.co/ObiRvPoPZ0 teamfollowback",injured_or_dead_people,flood,India,twitter
Many dead in Nepal and India floods - BBC News: BBC NewsMany dead in Nepal and India floodsBBC NewsAt least 16... http://t.co/ucHf9NhPVm,injured_or_dead_people,flood,India,twitter
"follow  frederick_x5 Monsoon kills hundreds in India, Nepal: Dozens of people have been killed in flooding in no...  follow  frederick_x5",injured_or_dead_people,flood,India,twitter
"Odisha floods: 294 villages still marooned: Bhubaneswar, Aug 12:  More than 3.3 million people in 294 v... http://t.co/aZNDNq2VKI #india",injured_or_dead_people,flood,India,twitter
"And if Uttar Pradesh doesn't have enough to deal with already, floods displace 60,000 people. http://t.co/QOQklHnr4C @timesofindia",displaced_people_and_evacuations,flood,India,twitter
Travel News: India - Latest update: Summary  flooding in Assam and Uttar Pradesh http://t.co/LjCI70dETg,other_useful_information,flood,India,twitter
"YourWeightDefineYou: Scores Killed in Flooding in Nepal and India: More than 11,000 hom... http://t.co/GV6rfDspJq http://t.co/4sThsIdowT",injured_or_dead_people,flood,India,twitter
(#TeamExotic) Scores Killed in Flooding in Nepal and India http://t.co/VFunqYUt8z,injured_or_dead_people,flood,India,twitter
"RT @TOIIndiaNews: Flood situation in Assam grim, toll rises to 3 http://t.co/M4bGx5Vy5m",other_useful_information,flood,India,twitter
"#floods #ukfloods - Nepal, India floods leave nearly 200 dead, scores missing (AFP): Kathmandu (AFP) - Floods ... http://t.co/IY2avMCFbp",injured_or_dead_people,flood,India,twitter
"RT @Outlookindia: 20 Killed, Two Injured as Train Hits Autorickshaw in Bihar | http://t.co/YIuZq3Z7fc | Outlook Wires",injured_or_dead_people,flood,India,twitter
Army alerted as floods wreck havoc in UP http://t.co/3caqaO3W7E #India #news,caution_and_advice,flood,India,twitter
#bbc#nepal Nepal and India floods leave many dead - BBC News: BBC NewsNepal and India floods leave many deadBB... http://t.co/xXz5mCybC1,injured_or_dead_people,flood,India,twitter
Many dead in Nepal and India floods: At least 160 people are reported to have been killed in flo... http://t.co/WcMgVHrsbV via @BBCWorld,injured_or_dead_people,flood,India,twitter
"RT @TheLastDays777: (#Luke 21:11) Floods in 9 Districts in #Bihar, #India http://t.co/vScMG4YhJO #EndTimes #WorldNews #Flood http://t.co/9h…",other_useful_information,flood,India,twitter
1/3 Rain water of housing society n other buildings shd be poured in bourwells. Kindly spread msg to avoid flood @indianexpress @rezhasan,caution_and_advice,flood,India,twitter
Exodus from the mountain: Yazidis flood into Iraq following US airstrikes - Washington Post: Indian ExpressExo... http://t.co/z0kFZQXltW,displaced_people_and_evacuations,flood,India,twitter
RT @WSJIndia: Death toll from flash floods and landslides in western Nepal; northern and eastern India climbs to 152 http://t.co/ACEgIKlAva,injured_or_dead_people,flood,India,twitter
"Nepal flood toll hits 101, fears of disease rise http://t.co/VLoqmn92ij via @timesofindia #Nepal",injured_or_dead_people,flood,India,twitter
"Odisha Flood Toll Mounts to 45, Water Level Goes Down http://t.co/a4NkIBLX9b #india",other_useful_information,flood,India,twitter
"Floods, Landslides Kill 240 in Nepal, India Announces 30 Million As Relief Fund - NDTV http://t.co/Nc8PAhItoc",injured_or_dead_people,flood,India,twitter
"Over 33,58,351 affected in recent floods in Odisha with the death toll reaching 45 @NewIndianXpress",injured_or_dead_people,flood,India,twitter
#Nepal and India floods leave many dead. Heavy downpour continue &amp; getting out of control #climatechange  #adaptation http://t.co/VzMiwQ6jZZ,injured_or_dead_people,flood,India,twitter
"#Floods in #India's #Odisha kill 45, leave scores marooned: http://t.co/rQC0ITv3Fo http://t.co/EolFECOoMA",injured_or_dead_people,flood,India,twitter
#latestnews Govt faces flood of demands on Bharat Ratna - Times of India: NDTVGovt faces flood of demands on B... http://t.co/dwTur2OUJw,other_useful_information,flood,India,twitter
@bbcworldservice Floods and landslides kill at least 160 after torrential rain  Nepal India  http://t.co/OVaUUkvRlD  http://t.co/XzcrzbNsEy,injured_or_dead_people,flood,India,twitter
"45 dead, hundreds of thousands stranded in #India's #Odisha due to severe floods http://t.co/MPQHLjP4Sn",injured_or_dead_people,flood,India,twitter
Tidal Surge Slows Down Flood Water Discharge - The New Indian Express: The New Indian ExpressTidal Surge Slows... http://t.co/rmxtTYn8uJ,other_useful_information,flood,India,twitter
"India: Odisha flood toll rises to 45, water level goes down http://t.co/JWSG0TPSxx",injured_or_dead_people,flood,India,twitter
"#CNN Deadly monsoon hits India, Nepal: Dozens of people have been killed in flooding in norther... http://t.co/BsT5XrY1Ny #WorldRSSFeeds",injured_or_dead_people,flood,India,twitter
"RT @IndianExpress: Flash flood hits 1,000 Uttar Pradesh villages, leaves 28 dead. http://t.co/d8OFHx48ve http://t.co/WzObTVKLxg",injured_or_dead_people,flood,India,twitter
"RT @PIB_India: #BiharFloods River Bagmati at Benibad in Muzaffarpur dist., Bihar was flowing at 49.53 mts (0.85 mts above danger mark) at 6…",other_useful_information,flood,India,twitter
Mexico News India's spectacular series defeat against England set off a flood of angry criticism Mond... http://t.co/nRioiF6J2Z Mex Info,other_useful_information,flood,India,twitter
"RT @Assam_24X7: Flood situation in Assam grim, toll rises to 3 - Times of India http://t.co/umdxfMYBgm",other_useful_information,flood,India,twitter
"Deadly monsoon hits India, Nepal http://t.co/QBIBxwB8G3 via @iActualizado",other_useful_information,flood,India,twitter
"Latest News #InternationalNews 180 Dead as floods wash away homes in Nepal, India http://t.co/rtfgyOe2Fj",injured_or_dead_people,flood,India,twitter
"#Rain fury in North India, 10 killed in UP, flood alert in #Bihar. http://t.co/h5HX2xDHoT",injured_or_dead_people,flood,India,twitter
#followback Many dead in Nepal and India floods,injured_or_dead_people,flood,India,twitter
Dozens killed as monsoon floods ravage India and Nepal: More than 100 people have been killed by fl… http://t.co/ubyL0c5Tsy,injured_or_dead_people,flood,India,twitter
"#wearethepeople 180 dead as floods wash away homes in Nepal, India - Daily Mail http://t.co/2t331qbugD",injured_or_dead_people,flood,India,twitter
"Flash flood hits 1000 UP villages, leaves 28 dead - Indian Express http://t.co/L4BIUBdmCj",injured_or_dead_people,flood,India,twitter
"Flood fury in North India: Dozens killed, lakhs affected-http://t.co/MlIteipArj @narendramodi @PMOIndia @BJP4India @arunjaitley",injured_or_dead_people,flood,India,twitter
#nepal#news Nepal and India floods leave many dead - BBC News: BBC NewsNepal and India floods ... http://t.co/dGW4a8fsWL @milijulidotcom,injured_or_dead_people,flood,India,twitter
"#ModiMinistry Flood Fury in North India: Dozens Killed, Lakhs Affected http://t.co/OeO9I5Cawa",injured_or_dead_people,flood,India,twitter
Dozens killed as monsoon floods ravage India and Nepal http://t.co/pvfMxO8uo9 http://t.co/kRxX9fWZTj,injured_or_dead_people,flood,India,twitter
"#timisteve Deadly monsoon hits India, Nepal: Dozens of people have been killed in flooding in ... http://t.co/IXcikS1yu3 #teamfollowback",injured_or_dead_people,flood,India,twitter
"Nepal #flood toll hits 101, fears of disease rise @timesofindia http://t.co/K8xRIAF2nT",injured_or_dead_people,flood,India,twitter
"Dozens killed, lakhs affected in India flood",injured_or_dead_people,flood,India,twitter
Flooding in #rajasthan India &amp; almost dry in central Mah #monsoonfury due to advancing #climatechange Unprecedented change in weather,other_useful_information,flood,India,twitter
"Rain fury in North India, 10 killed in UP, flood alert in Bihar - IBNLive http://t.co/13WKaIAH6r  #Yugvani",injured_or_dead_people,flood,India,twitter
Three million marooned in Odisha flood – The Hindu #India http://t.co/Hh6eIZm01S,missing_trapped_or_found_people,flood,India,twitter
@DDNewsLive  What right Nepal or any country living on top of mountain has got  to release huge waters to cause floods and death in India,injured_or_dead_people,flood,India,twitter
Same area as Monday's floods RT @NWSVegas: Flash Flood Warning til 6pm for US95 from Indian Springs to Lee Canyon Rd. http://t.co/8WQcbWUUd0,caution_and_advice,flood,India,twitter
"Deadly monsoon hits India, Nepal: Dozens of people have been killed in flooding in northern and easte... http://t.co/lCOrONAKtN via @CNN",injured_or_dead_people,flood,India,twitter
Many dead in Nepal and India floods http://t.co/4rEwxDi9pG #NLU,injured_or_dead_people,flood,India,twitter
P Raghavan's blog: Flood havoc in the north and east: Why is India Meteorological Department (IMD) still ineffective? http://t.co/EJ9TxlMABN,other_useful_information,flood,India,twitter
Many dead in Nepal and India floods: At least 160 people are reported to have been killed in flo... http://t.co/FopRrFJwM4 &lt;--Full Story,injured_or_dead_people,flood,India,twitter
#Assam #ChiefMinister @tarun_gogoi's #Budget for 2014-15: Dredging Corporation proposed to combat #Flood in d State @INCIndia @WithCongress,other_useful_information,flood,India,twitter
"Deaths Climb from India, Nepal Floods: The death toll from flash floods and landslides in western Nepal and no... http://t.co/g0uPbpCqCR",injured_or_dead_people,flood,India,twitter
"#stonerdawg!! Deadly monsoon hits India, Nepal: Dozens of people have been killed in flooding in ... http://t.co/djQyEB05K6 via @dimkay_",injured_or_dead_people,flood,India,twitter
FollowMe-&gt; #Wascarx7 Disease fears rise as Nepal flood toll passes 100:  http://t.co/n3hdBP4eeg #Wascarx7,injured_or_dead_people,flood,India,twitter
RT @GoogIeEarthPics: Man saves Kittens in India flood. http://t.co/XJ7COqbOVb,other_useful_information,flood,India,twitter
[#NYtimes] Scores Killed in Flooding in Nepal and India http://t.co/yNGt5NLn2e [#Pavel_x4],injured_or_dead_people,flood,India,twitter
"#flood #disaster Monsoon Floods Hit North India, 28 Dead, Thousands Displaced - Voice of America: Voice of Ame... http://t.co/akf4C1Hlfz",injured_or_dead_people,flood,India,twitter
Floods claim 45 lives in India: NEW DELHI: Flooding in eastern India has killed 45 people… http://t.co/E71jdNCAOJ,injured_or_dead_people,flood,India,twitter
"Assam flood situation turns grim, claims one life - Times of India http://t.co/QZtq4Yg9m0 #Assam",injured_or_dead_people,flood,India,twitter
"#cbelive_com click here http://t.co/uDjPasiKrz ""Scores Killed in Flooding in Nepal and India"" by BHADRA SHARMA... http://t.co/XmzONZASJW",injured_or_dead_people,flood,India,twitter
BBC NewsMany dead in Nepal and India floodsBBC NewsAt least 160 people are reported to have been  http://t.co/9cnSWuSXTG,injured_or_dead_people,flood,India,twitter
RT @social_Gunjan: Let Team India be alone and worry about the flood situation in North East and Uttrakhand.,other_useful_information,flood,India,twitter
Reports say at least 160 have died in floods across Nepal and N India.  http://t.co/ZeQAjx94kF  And there's more rain to come across region.,injured_or_dead_people,flood,India,twitter
"RT @IndiaNews24x7: Nitish Kumar's native place, 13 districts of Bihar affected by flood - Daily News &amp; Analysis http://t.co/KeacYmlxgB",infrastructure_and_utilities_damage,flood,India,twitter
flood furry in north india - Bubblews http://t.co/e1B2rrj6bH via @GoBubblews,other_useful_information,flood,India,twitter
"#DmArgeniis_x3 Scores Killed in Flooding in Nepal and India: More than 11,000 homes have been d... http://t.co/1PlfZXXjen #DmArgeniis_x3",injured_or_dead_people,flood,India,twitter
India's Death Toll rises from Flood #Deadlyflood #India http://t.co/OMkZDkgGMF,injured_or_dead_people,flood,India,twitter
✨ ❤ [#BARBIOJM] ❤ ✨ Scores Killed in Flooding in Nepal and India http://t.co/2ns0IE0HMq,injured_or_dead_people,flood,India,twitter
"#Informationng | Landslides, Flooding Kill 109 In Nepal, Northern India http://t.co/7QJHmeA5Qq",injured_or_dead_people,flood,India,twitter
How many RTs for this #awesome capture of #Mahanadi as #flood starts decreasing in #Odisha #travel #tourism #india http://t.co/zQnOsW6zso,other_useful_information,flood,India,twitter
"Floods and landslides in Nepal and northern India have killed nearly 200 people and scores more are missing, local authorities said Monda...",injured_or_dead_people,flood,India,twitter
"India: 39 Dead, 3.3 Million Affected as Floods Wreak Havoc Across Odisha: For more Latest and Breaking News He... http://t.co/4cNY80gN74",injured_or_dead_people,flood,India,twitter
"Nepal, India floods kill nearly 200 http://t.co/oKpwFwDi12",injured_or_dead_people,flood,India,twitter
"@TheWatchers_ India's #Monsoon2014 rains are changing - Heavy rain and extreme floods devastate Odisha, India  http://t.co/KVljaUN6kw",infrastructure_and_utilities_damage,flood,India,twitter
"180 dead as floods wash away homes in Nepal, India: KATMANDU, Nepal (AP) — Authorities in Nepal and neig... http://t.co/N1STYnqyL7 #news",injured_or_dead_people,flood,India,twitter
"24 Killed, Including 7 In Their Sleep As Landslide Hit India http://t.co/PRlWO6NySj #Ekogidi",injured_or_dead_people,flood,India,twitter
"39 Dead, 33 Lakh Affected as #Floods Wreak #Havoc Across #Odisha #India http://t.co/dgffxWEG2A http://t.co/XcZpNYy34x",injured_or_dead_people,flood,India,twitter
"http://t.co/Iq6q1C8E18 #DESI #TEEN #PORN #NAKED #HORNY #LATINA #lol #girl #bitch""Scores Killed in Flooding in Nepal and India""",injured_or_dead_people,flood,India,twitter
"#RaymiiFeRnandezZNoT Hundreds dead as monsoon hits India, Nepal:        http://t.co/aEYFtiPksm #RaymiiFeRnandezZNoT",injured_or_dead_people,flood,India,twitter
#OperacaoBetaLab Many dead in Nepal and India floods: At least 160 people are reported to have b... http://t.co/CaqytFlKS3 #SDV #TIMBETA,injured_or_dead_people,flood,India,twitter
"Deadly monsoon hits India, Nepal: Dozens of people have been killed in flooding in northern and eastern India, while the death toll i...",injured_or_dead_people,flood,India,twitter
"#Informationng | 24 Killed, Including 7 In Their Sleep As Landslide Hit India http://t.co/0nOiEiBnim",injured_or_dead_people,flood,India,twitter
"#Odisha #Flood Pours Misery on #Fishermen, #Labourers - The New Indian Express http://t.co/gOPgAS0a4j via @NewIndianXpress",other_useful_information,flood,India,twitter
"New post: ""Nepal and India begin relief efforts as monsoon floods claim at least 180 lives"" http://t.co/xaXFisXbLJ",injured_or_dead_people,flood,India,twitter
At Least 160 People Died At Floods In India And Nepal.: At least 160 people are reported to have been killed i... http://t.co/ljRqd86D17,injured_or_dead_people,flood,India,twitter
"RT @laRossa05: Flooding in eastern India kills 45 people and displaces more than 300,000  http://t.co/GXGHdFLeSe http://t.co/JCITCuftOW",injured_or_dead_people,flood,India,twitter
"Nepal, India floods leave nearly 200 dead, scores missing #WorldNews http://t.co/Ro2lTmCZxS",injured_or_dead_people,flood,India,twitter
India - Travel News - FCO updates Travel Advice for India regarding flooding in Assam and Uttar Pradesh #India #Assam #UttarPradesh #travel,caution_and_advice,flood,India,twitter
"#korea #usa #world Hundreds dead as monsoon hits India, Nepal:         http://t.co/XpxIX2FeOX",injured_or_dead_people,flood,India,twitter
"""Devastating floods in Nepal and N India brought by huge rainfall. Tomasz explains more http://t.co/GE6KoAcBCK http://t.co/Y57a9UGnMa""",other_useful_information,flood,India,twitter
"Latest : Odisha floods: Death toll goes up to 45, 4.8 lakh marooned - Firstpost: NDTVOdisha floods... http://t.co/VuZnhj2YDQ #IndianNews",injured_or_dead_people,flood,India,twitter
"Deadly monsoon hits India, Nepal http://t.co/QvjQi9HXjP @pintorcubano",other_useful_information,flood,India,twitter
"World 180 Dead As Floods Wash Away Homes in #Nepal, #India: #KATMANDU, Nepal— The death toll from three days of... http://t.co/TGmZEgckrb",injured_or_dead_people,flood,India,twitter
RT @NigerianNewz: {PUNCHNEWS} Death toll in India landslides rises to 109: The death toll from landslides and flooding triggered... http://…,injured_or_dead_people,flood,India,twitter
"[August 10, 2014 at 11:38PM] Three million marooned in Odisha flood in India. via http://t.co/yPAUSx98fG",missing_trapped_or_found_people,flood,India,twitter
"RT @infonaija: 24 Killed, Including 7 In Their Sleep As Landslide Hit India http://t.co/CXyUHTFs0J",injured_or_dead_people,flood,India,twitter
Scores Killed in Flooding in Nepal and India http://t.co/O6AFBX94sw #newyorktimes,injured_or_dead_people,flood,India,twitter
#World_news Nepal and India begin relief efforts as monsoon floods claim at least 180 lives http://t.co/2ClZMGNqwg,injured_or_dead_people,flood,India,twitter
"Time for long term fix. So cyclic""@ibnlive: Rain fury in North India, 10 killed in UP flood alert in Bihar http://t.co/gJM6L1BgxV #RainFury""",injured_or_dead_people,flood,India,twitter
"Monsoon floods in Nepal and India cause 180 deaths, maroon villages, sweep away straw huts: http://t.co/wXvHLhZuys (The Associated Press)",injured_or_dead_people,flood,India,twitter
"Floods triggered by heavy rainfall in Himalayas wreak havoc in North India, inundates 1500 villages in Uttar Pradesh http://t.co/W97qixmYQ5",infrastructure_and_utilities_damage,flood,India,twitter
"RT @timesofindia: UP floods hit over 1,000 villages, death toll 28  http://t.co/P4FE5arPXO",injured_or_dead_people,flood,India,twitter
"Hundreds dead as monsoon brings chaos to northern India, Nepal http://t.co/h1LVLhVnRI #Follow",injured_or_dead_people,flood,India,twitter
"Flash flood hits 1,000 UP villages, leaves 28 dead.http://t.co/Pnu8Sqvwsk - http://t.co/WuAC9BKHYI #NewsInTweetsIndia",injured_or_dead_people,flood,India,twitter
@TOIIndiaNews Will our top experts give ideas on how to control yearly flood problems of Assam and make the excess water as an asset !!,caution_and_advice,flood,India,twitter
RT @ChandrusWeb: what is NDRF doing? RT @HeadlinesIndia: Army alerted as floods wreck havoc in UP,other_useful_information,flood,India,twitter
RAT NEWS ONLINE: Many dead in Nepal and India floods: At least 160 people are reported to... http://t.co/bLvupjBlXE #rats #pets #animals,injured_or_dead_people,flood,India,twitter
"Landslides, Flooding Kill 109 In Nepal, Northern India: The death toll from landslides and floodi... http://t.co/hWcgyxvvHA via matt_ews",injured_or_dead_people,flood,India,twitter
"#flood #disaster Monsoon Floods Hit North India, 28 Dead, Thousands Displaced: Floods triggered by heavy rains... http://t.co/4KY0WPpaoU",injured_or_dead_people,flood,India,twitter
"Hundreds dead as monsoon brings chaos to northern India, Nepal http://t.co/VKwV2Rvh6L http://t.co/8F2zjKI63f #india #asia",injured_or_dead_people,flood,India,twitter
"RT @ians_india: Odisha floods kill 46, hit 3.5 million",injured_or_dead_people,flood,India,twitter
"#F4F #RT #news #180 Dead as Floods Wash Away Homes in Nepal, India - ABC News http://t.co/vlTdvv3XjD",injured_or_dead_people,flood,India,twitter
News Asia &gt; Floods kill 45 in eastern India - Flooding in eastern India has killed 45 people and displaced more th... http://t.co/3bm3EZgnGj,injured_or_dead_people,flood,India,twitter
Flash flood warning issued around Indian springs; rest of valley should stay dry http://t.co/tcxLBrvKSX,caution_and_advice,flood,India,twitter
"#news Floods in India kill 45, leave millions homeless: (AGI) New Delhi, Aug 11 - Flood... http://t.co/263kWBiFUy http://t.co/i0pB9ldXFU",injured_or_dead_people,flood,India,twitter
"#INDUCTION Deadly monsoon hits India, Nepal: Dozens of people have been killed in flooding in north... http://t.co/PVm57Vz6yH #INDUCTION",injured_or_dead_people,flood,India,twitter
RT @dpepsidrinker1: @micahharriswx flood at Indian Acres Shopping Center around 19:00 this date http://t.co/n0Svm6pa2k,other_useful_information,flood,India,twitter
"( +1 849-846-0679 ) Scores Killed in Flooding in Nepal and India: More than 11,000 homes have been damaged and r...  (( #Papiiz_Chulò ))",infrastructure_and_utilities_damage,flood,India,twitter
"RT @KCCINews: Hundreds dead as monsoon hits India, Nepal http://t.co/yLpjwRGu5K",injured_or_dead_people,flood,India,twitter
Flood death toll mounts in India and Nepal http://t.co/5YhIdS2NiZ #Aljazeera,injured_or_dead_people,flood,India,twitter
"Natural Hazard – Severe Flood Event: Uttar Pradesh Region, India: Natural Hazard – Severe Flood Event Asia –  ... http://t.co/TqPQrbkNuh",other_useful_information,flood,India,twitter
"Deadly floods hit India, Nepal http://t.co/jsxWAthou7",other_useful_information,flood,India,twitter
"Global warming is taking a toll in the Himalayas. The Gya village in Ladakh, India, was hit by a flash flood as a... http://t.co/1RsNtO5Ine",other_useful_information,flood,India,twitter
"#CNNLatest Hundreds dead as monsoon hits India, Nepal:        http://t.co/zcSR9UgVlm",injured_or_dead_people,flood,India,twitter
#OpenFollow Many dead in Nepal and India floods: At least 160 people are reported to have been... http://t.co/ZPs3nDSPls #TeamFollowBack,injured_or_dead_people,flood,India,twitter
"RT @indianews: Odisha flood toll mounts to 45, water level reduces: Death toll due to floods in Odisha climbed to 45 and numb... http://t.c…",injured_or_dead_people,flood,India,twitter
"Floods: 12 National Disaster Response Force Teams Deployed in Bihar, Four in … – NDTV #India http://t.co/3GZze65cMp",other_useful_information,flood,India,twitter
#Slideshow #Floods wreak havoc across #India - The Economic Times http://t.co/lKZBQvxRct #natural #disaster #monsoon #rain #assam #UP #bihar,infrastructure_and_utilities_damage,flood,India,twitter
Minor flooding #Knightstownindiana @RafaelOnTV @rtv6 @indytrafficrtv6 @KevinGregoryRTV @kylemounce @AshleyBrownWX http://t.co/uyzFr1swGw,other_useful_information,flood,India,twitter
RT @madversity: This was supposed to be a bad monsoon year in India. We are talking floods in UP and Uttarakhand and Assam.,other_useful_information,flood,India,twitter
"180 dead as floods wash away homes in Nepal, India… http://t.co/ylM4r0n4Dm #WorldNews http://t.co/dV6OQyeBPj",injured_or_dead_people,flood,India,twitter
"[#JoseDaviid13] Monsoon kills hundreds in India, Nepal: Dozens of people have been killed... http://t.co/9DrDw8p3WH Follow #JoseDaviid13",injured_or_dead_people,flood,India,twitter
http://t.co/hRorjYYEqu #porn #gay #sex #sexo #porno #xnxx #ksa #uae #sexfilme #pornos #xxx Scores Killed in Flooding in Nepal and India,injured_or_dead_people,flood,India,twitter
"#NYTimes Scores Killed in Flooding in Nepal and India: More than 11,000 homes have been damaged... http://t.co/nUdmQahbx0 #WorldRSSFeeds",injured_or_dead_people,flood,India,twitter
#LaParaLaDamoNosotro Scores Killed in Flooding in Nepal and India http://t.co/Ms9BBqoiKz #Real_Linoe,injured_or_dead_people,flood,India,twitter
RT @RiggerBunny: Flood death toll mounts in India and Nepal  http://t.co/u7kXSKWNaA via @AjEnglish,injured_or_dead_people,flood,India,twitter
"Honour killing: Girl shot dead by father in UP: Sambhal (UP), Aug 18: In a suspected case of honour kil... http://t.co/jpAA0YuOoM #india",injured_or_dead_people,flood,India,twitter
"#MP 180 dead as floods wash away homes in Nepal, India via Daily Mail http://t.co/upFdEplWT6",injured_or_dead_people,flood,India,twitter
Three million marooned in Odisha flood in India. via /r/worldnews http://t.co/BHfcAjHakY,displaced_people_and_evacuations,flood,India,twitter
RT @CLFSGeog: Many dead in Nepal and India floods http://t.co/8kgmpxVTQK,injured_or_dead_people,flood,India,twitter
"Flood Fury in North India: Dozens Killed, Lakhs Affected: Heavy monsoon rains have created flood hav... http://t.co/vHa87B81j8 via @NDTV",injured_or_dead_people,flood,India,twitter
@Focusnewsindia @gautamdutta its not water which will be flooding but money that will flood,other_useful_information,flood,India,twitter
"#Flood in Rishikesh, #India claims 5 lives http://t.co/lckqskCY63 #landslide #naturaldisasters2014",injured_or_dead_people,flood,India,twitter
BBC : Many dead in Nepal and India floods http://t.co/xCXSjQjHO8,injured_or_dead_people,flood,India,twitter
"#MP #India Floods wreak havoc in Uttarakahand, Assam, Uttar Pradesh, Bihar; lakhs affected via Zee News http://t.co/9RhPRc5Y9A",infrastructure_and_utilities_damage,flood,India,twitter
#India news - Odisha Villagers Keeping Damaged Houses Intact for Getting Government Help http://t.co/QJS03zGp6O,infrastructure_and_utilities_damage,flood,India,twitter
"Flooding in Nepal, India Kills At Least 180",injured_or_dead_people,flood,India,twitter
160 people have been killed in floods and landslides following days of torrential rain in Nepal and northern India. http://t.co/F4CXalEcgS,injured_or_dead_people,flood,India,twitter
Nepal and India begin relief efforts as monsoon floods claim at least 180 lives: Helicopter... http://t.co/k9rRWAb24w #XTweather @DrJoop,injured_or_dead_people,flood,India,twitter
RT @Elenaintra: Nepal and India floods leave many dead http://t.co/UricvUw4qi,injured_or_dead_people,flood,India,twitter
"RT @IndiaToday: Nepal flood toll hits 101, fears of disease rise http://t.co/b8kQAbDBKb http://t.co/AH4JBDKvMN",injured_or_dead_people,flood,India,twitter
Flooding in Nepal and India Kills At Least 85 People; More Than 100 Still Missing - The Weather Channel http://t.co/yp10aFUvnj,injured_or_dead_people,flood,India,twitter
"Crikey! - Hundreds dead as monsoon hits India, Nepal http://t.co/9mt6JLLwCX",injured_or_dead_people,flood,India,twitter
"#ModiMinistry Top India Stories From WSJ: Nepal Floods, Landslides Kill At Least 54 http://t.co/RB3utYCqD4",injured_or_dead_people,flood,India,twitter
RT @TOIIndiaNews: Center upgrades level of flood alert for eastern UP http://t.co/9YIhyffozN,caution_and_advice,flood,India,twitter
“@AJEnglish: A daunting photo.  @AJEWeather The flooding in northeast India stretches for as far as the eye can see. http://t.co/S8N06HT61b”,other_useful_information,flood,India,twitter
RT @NewIndianXpress: Rapti Water Level Touches New High as #UP Grapples with #Floods  http://t.co/KQiy3Gxinm http://t.co/ZhV0mkPrRF,other_useful_information,flood,India,twitter
"""@timesofindia: #Odisha's farmers suffer huge crop loss in floods http://t.co/nr55IYeqxu… http://t.co/sNLeWqCYms""",infrastructure_and_utilities_damage,flood,India,twitter
The flood prone areas in #Bihar (Img via mapsofindia). http://t.co/tYlfhKjSvx,other_useful_information,flood,India,twitter
India: Odisha floods 2014 Situation report 3 http://t.co/kMnepytA0i,other_useful_information,flood,India,twitter
"Death, disruption in north, eastern India: Floods kill 28 people, maroon four lakh people in Uttar Pradesh http://t.co/AdL3aqIM82",injured_or_dead_people,flood,India,twitter
UPDATE: 18 killed as train rams into autorickshaw in Bihar's West Champaran district: TV reports @timesofindia,injured_or_dead_people,flood,India,twitter
New: Many dead in Nepal and India floods http://t.co/nrMMcvTOHi #FOLLOW #NEWS #BBC,injured_or_dead_people,flood,India,twitter
"#ModiMinistry Flood, landslides in Arunachal Pradesh - Oneindia http://t.co/DRPh1TvQcQ",other_useful_information,flood,India,twitter
"Hundreds Dead as Monsoon Brings Chaos to Northern India, Nepal http://t.co/5EZNJIv9hD #infowars #alexjones",injured_or_dead_people,flood,India,twitter
Many dead in Nepal and India floods http://t.co/jhRqAhQvdk #news,injured_or_dead_people,flood,India,twitter
@PMOIndia Last yr after d heavy floods I predicted t8 if d desiltation wk is n8 done immed then next yr even small rain wil bring doom in UP,caution_and_advice,flood,India,twitter
160 Dead in Nepal and India Flooding #jobs #news #career #jobsila # http://t.co/XwnLR63WNI,injured_or_dead_people,flood,India,twitter
#Akansha_Gautam #Indian #India Nepal Floods Death Toll Passes 100 - Voice of America http://t.co/19QAl4wFNH #SuryaRay #Sharma__Shekhar,injured_or_dead_people,flood,India,twitter
"#news Deadly monsoon hits India, Nepal http://t.co/0BgQjQDoxD",other_useful_information,flood,India,twitter
"@PMOIndia Respected sir, as news coming that flood is in ""banaras"" I request that our loved PM to visit to meet people of his area.",other_useful_information,flood,India,twitter
"RT @kmbc: Hundreds dead as monsoon hits India, Nepal http://t.co/kgiEBxwIPJ",injured_or_dead_people,flood,India,twitter
A daunting photo. RT  The flooding in northeast India stretches for as far as the eye can see. http://t.co/UdIcusV2f6 http://t.co/NR3E78I7Ao,other_useful_information,flood,India,twitter
RT @KLOVEnews: At least 160 lost lives in Nepal &amp; India floods after days of torrential rain http://t.co/AUYLStDeKp http://t.co/W2kCBHSkrA,injured_or_dead_people,flood,India,twitter
"RT @NancyWonderful: Monsoon floods in #Nepal and #India cause 180 deaths, maroon villages, sweep away straw huts: http://t.co/vmwRiGVWsv #T…",injured_or_dead_people,flood,India,twitter
"Nepal: Floods, landslides kill 240 people, India announces relief fund of NRs 48 million Visit: http://t.co/aS3ZneNg41",injured_or_dead_people,flood,India,twitter
"180 Dead as Floods Wash Away Homes in Nepal, India ABC News The death toll from three days of flooding and... http://t.co/cAHcB7zuZq",injured_or_dead_people,flood,India,twitter
(#DiiME) Scores Killed in Flooding in Nepal and India http://t.co/N6DWW4diSl (#GORDiiTOO),injured_or_dead_people,flood,India,twitter
"ISBPL: #NEWS Flood Fury in North India: Dozens Killed, Lakhs Affected: Heavy monsoon rains have created flood ... http://t.co/kB266K52u6",injured_or_dead_people,flood,India,twitter
"(#Yeremiito21) Scores Killed in Flooding in Nepal and India: More than 11,000 homes have been... http://t.co/dlaU8qMP7m (Via @Yeremiix3)",injured_or_dead_people,flood,India,twitter
"@infonaija 24 Killed, Including 7 In Their Sleep As Landslide Hit India http://t.co/MSuMxq8WsQ Pls Click...",injured_or_dead_people,flood,India,twitter
HEADLINES Many dead in Nepal and India floods: At least 160 people are reported to have been kil... http://t.co/DlwydAAHmC Follow Warren,injured_or_dead_people,flood,India,twitter
Rain fury in North India- 32 people are killed in floods in Uttarakhand- 10 dead in Uttar Pradesh- In Bihar a renewed flood alert @ibnlive,injured_or_dead_people,flood,India,twitter
RT @SEBHEUPDATE: Many dead in Nepal and India floods http://t.co/FSztHJrbFO #SEBHEUPDATE,injured_or_dead_people,flood,India,twitter
"Death toll from 3 days of flooding and torrential rain in Nepal and India rises to more than 180 people, local officials say - @AP",injured_or_dead_people,flood,India,twitter
Chaos all over the world!!! ....... Flood death toll mounts in India and Nepal http://t.co/IrFbRzmkYk,injured_or_dead_people,flood,India,twitter
Fleeing India: What Will Make Clinical Trials Flood Back: India’s clinical trial industry has seen it ... http://t.co/2eixq4pyKt #pharma,other_useful_information,flood,India,twitter
"UP floods kill 28, Centre calls it 'unprecedented' http://t.co/DWWEzMONUh via @TOIIndiaNews",injured_or_dead_people,flood,India,twitter
"RT @commodityonline: Floods hit India's Uttar Pradesh, Sugarcane crop under high risk http://t.co/J8vqzbfGjM",other_useful_information,flood,India,twitter
"#Pakistan N &amp; Views: Indian media: Bihar politics: The spotlight is on the future of an ""unexpec... http://t.co/ADDxlrOChE #SohailThinks",injured_or_dead_people,flood,India,twitter
"#phmcgpe 180 dead as floods wash away homes in Nepal, India  Daily Mail http://t.co/CMixNWYKb7",injured_or_dead_people,flood,India,twitter
#rt Many dead in Nepal and India floods: At least 160 people are reported to have been killed in flood... http://t.co/0udDeZXTv5 #follow,injured_or_dead_people,flood,India,twitter
"[Info Nigeria] Landslides, Flooding Kill 109 In Nepal, Northern India: The death toll from lan... http://t.co/T36FE459Qa #TalkMagazineNG",injured_or_dead_people,flood,India,twitter
"Storm News: India's monsoon rains are changing - Heavy rain and extreme floods devastate Odisha, India (again)... http://t.co/4vgkfYYcMo",other_useful_information,flood,India,twitter
"RT @FUNatFUN: Deadly monsoon hits India, Nepal - http://t.co/Jq9XxP8xWU http://t.co/OcQvYyHxac",other_useful_information,flood,India,twitter
"#SuryaRay #Indian Nine Killed After Collision Between Train, Autorickshaw in Bihar: Police http://t.co/MBhSQLYVae @SuryaRay #India",injured_or_dead_people,flood,India,twitter
Odisha flood: 45 killed; 33 lakh people affected; water levels start reducing http://t.co/UDR0S9W0Er #india,injured_or_dead_people,flood,India,twitter
RT @IndiaToday: Honour killing: Girl allegedly shot dead by father in UP http://t.co/3SvrCNPUnh,injured_or_dead_people,flood,India,twitter
"RT @Calgary_News: Latest #YYC #Calgary Monsoon floods in Nepal, India cause 180 deaths http://t.co/RgbaOct2KZ",injured_or_dead_people,flood,India,twitter
RT @MurliSharmaBJP: .@BJP4India @BJPLucknowBJP Honour killing: Girl shot dead by father in UP ? http://t.co/yJRrSA6icE,injured_or_dead_people,flood,India,twitter
"A long ride to escape the flooding in Ashigarh, northeast India. [AFP] http://t.co/pL5Ixf89nE via @ScribbleLive",other_useful_information,flood,India,twitter
"Hundreds dead as monsoon brings chaos to northern India, Nepal http://t.co/CEL9Icft9r #worldnews #news #reddit #top",injured_or_dead_people,flood,India,twitter
#Flooding disasters in #India ignored as media obsession with #Modi's growth and business rhetoric continues http://t.co/Zt1xTPL3yO,other_useful_information,flood,India,twitter
"#Nepal | Death toll hits 200 in India, Nepal floods - &amp;#8230;  missing, local authorities said today.     ... http://t.co/xV0UXM4lEv",injured_or_dead_people,flood,India,twitter
"Flood Fury in North India: Dozens Killed, Lakhs Affected http://t.co/eBRmGfSmeN #india",injured_or_dead_people,flood,India,twitter
See the terror of this lethal plant all over India and Nepal that has even killed people.http://t.co/3cFiF0Ewws #DeltaDigit,injured_or_dead_people,flood,India,twitter
"Scores Killed in Flooding in Nepal and India: More than 11,000 homes have been damaged and roughly 17,000 villagers displaced in the floods.",infrastructure_and_utilities_damage,flood,India,twitter
"RT @ReutersIndia: Odisha floods kill 45, leave 300,000 villagers marooned http://t.co/TY4Iocwtgg",injured_or_dead_people,flood,India,twitter
Many dead in Nepal and India floods http://t.co/TXRVKbsi1S [Sale http://t.co/pAwiBsWZju ] #news,injured_or_dead_people,flood,India,twitter
"Latest : Flood Fury in North India: Dozens Killed, Lakhs Affected - NDTV: NDTVFlood Fury in North ... http://t.co/Yfk0jxgkue #IndianNews",injured_or_dead_people,flood,India,twitter
"#TeamYe Deadly monsoon hits India, Nepal: Dozens of people have been killed in flooding in northern and easter... http://t.co/9Wz7wsNhLa",injured_or_dead_people,flood,India,twitter
"RT @STcom: RT @STForeignDesk: Nearly 200 people killed in floods, landslides in #Nepa... http://t.co/wXzwQOnnyo #Nepal #India via @Loberato",injured_or_dead_people,flood,India,twitter
"RT @AJEWeather: Flooding in eastern India kills 45 people in the last week. A further 300,000 people are forced to evacuate their homes.",injured_or_dead_people,flood,India,twitter
Odisha floods leave more than 3m people homeless: Kolkata: Floods in the Indian state of Odisha have killed 45... http://t.co/rLNPtTFFcP,injured_or_dead_people,flood,India,twitter
"Nepal, India floods kill nearly 200: Floods and landslides in Nepal and northern India have killed nearly 200 ... http://t.co/3B6ATI59wg",injured_or_dead_people,flood,India,twitter
"( #Wagner_Kc ) 180 Dead as Floods Wash Away Homes in Nepal, India: Monsoon floods in Nepal and ... http://t.co/gCNHvjsHzv ( #Wagner_Kc )",injured_or_dead_people,flood,India,twitter
"Flood Fury in North India: Dozens Killed, Lakhs Affected http://t.co/wmOoMT7hWm (video)",injured_or_dead_people,flood,India,twitter
Alex &amp; Jose Need To Hurry The Fuck Up 👊 @Serrano01Alex,injured_or_dead_people,flood,India,twitter
"INDIA: UTTAR PRADESH FLOODS CLAIM 41 LIVES, OVER 1,000 VILLAGES HIT http://t.co/TlnuNFJo5D",injured_or_dead_people,flood,India,twitter
"#BeboLaPara Landslides, Flooding Kill 109 In Nepal, Northern India: The death toll from ... http://t.co/x8cjqZvOKt #LosMiniDelSonido ♫",injured_or_dead_people,flood,India,twitter
"@olamide719 24 Killed, Including 7 In Their Sleep As Landslide Hit India: Heavy downpours in India triggered l... http://t.co/ZFDlBUnhOI",injured_or_dead_people,flood,India,twitter
"Water-Floods in Uttar Pradesh, India - Bubblews http://t.co/Hy8TmP1PMl via @GoBubblews",other_useful_information,flood,India,twitter
New: Nepal and India begin relief efforts as monsoon floods claim at least 180 lives http://t.co/VPR9qulH62 #follow world_latest,injured_or_dead_people,flood,India,twitter
"Water for Elephants Tigers, elephants escape flooding Dudhwa - Times of India  http://t.co/jpKsyL3lWj",other_useful_information,flood,India,twitter
"RT @timesofindia: UP floods claim 41 lives, over 1,000 villages hit http://t.co/oyWAjYBOGD",injured_or_dead_people,flood,India,twitter
Hundreds and thousands of people have been affected by torrential rain and flooding in northern and eastern India.,other_useful_information,flood,India,twitter
"#KondoByJaymOnI Deadly monsoon hits India, Nepal http://t.co/HcXeGZwXIF #Anticipate",other_useful_information,flood,India,twitter
"#Yugadu #Hola_Bryan Deadly monsoon hits India, Nepal: Dozens of people have been killed in flooding in norther... http://t.co/xRoZiifPg7",injured_or_dead_people,flood,India,twitter
[The Guardian] Nepal and India begin relief efforts as monsoon floods claim at least 180 lives http://t.co/uHjegB2sxS [United Kingdom],injured_or_dead_people,flood,India,twitter
"What about? Scores Killed in Flooding in Nepal and India: More than 11,000 homes have been damaged a... http://t.co/HE0JjfaHuL Next time",infrastructure_and_utilities_damage,flood,India,twitter
"( #TwiiteroXX1 ) Monsoon kills hundreds in India, Nepal: Dozens of people have been killed in... http://t.co/Cegfx35EXI ( #TwiiteroXX1 )",injured_or_dead_people,flood,India,twitter
UP FLOODS: NEARLY 1500 VILLAGES INUNDATED IN NORTH INDIA ALONE(NNIS SPECIAL)   : http://t.co/HAYLfDHWSo #News,other_useful_information,flood,India,twitter
RT @timesofindia: Nepal flood toll hits 101http://ow.ly/AqS8x Looking for wise responses to extreme weather #globalopportunity,injured_or_dead_people,flood,India,twitter
"Latest : Odisha floods: Death toll climbs to 45, 4.8 lakh marooned - Firstpost: NDTVOdisha floods:... http://t.co/DducUKsTt1 #IndianNews",injured_or_dead_people,flood,India,twitter
[THEGUARDIAN] Nepal and India begin relief efforts as monsoon floods claim at least 180 lives: Helicopters car... http://t.co/bC4pPZeuF9,injured_or_dead_people,flood,India,twitter
"RT @InfoblazeIND: #Floods wreak havoc in #Uttarakahand, #Assam, #UttarPradesh, #Bihar; lakhs affected | http://t.co/DohvISWf0W | #India #In…",other_useful_information,flood,India,twitter
"India - Diarrhoea/Fever deaths reported from Chhattisgarh, Punjab, Telangana, Uttarakhand &amp; Uttar Pradesh http://t.co/hDUCa98QVR India Forum",injured_or_dead_people,flood,India,twitter
Al Jazeera - South Asia - Flood death toll mounts in India and Nepal - http://t.co/NO2pJ7C49W,other_useful_information,flood,India,twitter
"Nepal and India trying to cope with fallout from monsoon flooding, landslides http://t.co/NWLufpBAZR",other_useful_information,flood,India,twitter
"Landslides, floods kill 109, displace thousands in Nepal, India http://t.co/sHkKJN3Iu2",injured_or_dead_people,flood,India,twitter
"Over a hundred dead in Nepal floods Authorities in Nepal and neighbouring India sent food, medical supplies and ... http://t.co/p28cvFXfLT",injured_or_dead_people,flood,India,twitter
"Flooding in Nepal, India Kills At Least 180 #jobs #news #career #jobsila # http://t.co/wjcCVSxOJu",injured_or_dead_people,flood,India,twitter
#India #News : Nepal and India floods leave many dead - BBC News http://t.co/8a7WFkZjTl via AwakInd,injured_or_dead_people,flood,India,twitter
"#India news - Odisha Flood Toll Mounts to 45, Water Level Goes Down http://t.co/sbMAwlrjXU",other_useful_information,flood,India,twitter
RT @solhog: @Pedal_India Good luck on the interview then. Will think of you. About Odisha.. 45 killed and 3 mil  had to flee the floods,displaced_people_and_evacuations,flood,India,twitter
"""@Leokaay: 24 Killed, Including 7 In Their Sleep As Landslide Hit India http://t.co/77eSpITCNV""",injured_or_dead_people,flood,India,twitter
RT @NWSVegas: 3:03pm-Flash Flood Warning til 6pm for US95 from Indian Springs to Lee Canyon Rd. #vegasweather #nvwx http://t.co/NowPBel3RI,caution_and_advice,flood,India,twitter
"#flood #disaster Indian media: Damages caused by floods: Incessant rains, overflowing rivers kill dozens and d... http://t.co/B8220uzk0r",infrastructure_and_utilities_damage,flood,India,twitter
"#India: #Odisha floods kill 46, hit 3.5 million  - http://t.co/5SJMbT3THf",injured_or_dead_people,flood,India,twitter
Latest : Odisha flood: 45 killed; 33 lakh people affected; water levels start reducing - Daily New... http://t.co/jfAvhfVG7w #IndianNews,injured_or_dead_people,flood,India,twitter
RT @timesofindia: At least 9 killed as Rapti Ganga Express rams autorickshaw in Bihar http://t.co/1w2JmeR1uw,injured_or_dead_people,flood,India,twitter
Flood toll rises to 48 in UP; showers decline in north - Press Trust of India http://t.co/gbPf85W4Yk,injured_or_dead_people,flood,India,twitter
"Deaths Climb from India, Nepal Floods - Wall Street Journal (blog) http://t.co/CqPf6K2T2Q",injured_or_dead_people,flood,India,twitter
"180 #dead as floods wash away homes in #Nepal, #India - Aug 18 @ 7:33 AM ET http://t.co/BgoBrtcRzz",injured_or_dead_people,flood,India,twitter
"RT @BopsieChroedar: Deaths Climb From India, Nepal Floods  via @josephjett #India http://t.co/XDlH2Pzh7u",injured_or_dead_people,flood,India,twitter
"Images of flood survivors in India's Uttarakhand state, by Ronny Sen. http://t.co/uzmtSd3MVJ",other_useful_information,flood,India,twitter
"RT @anushesh_sharma: :( ""@timesofindia Twelve die in Bihar flood, 4 lakh hit http://t.co/1g58An2yj1"" @ASHOK_CHOUDHRY",injured_or_dead_people,flood,India,twitter
"RT @sohrabjadli: Flood fury in North India: dozens killed, lakhs affected http://t.co/ORxvPnqvUJ",injured_or_dead_people,flood,India,twitter
"RT @BopsieChroedar: Top India Stories From WSJ: Nepal Floods, Landslides Kill At Least 54  via @josephjett #India http://t.co/aIKXxHOQGF",injured_or_dead_people,flood,India,twitter
"RT @AnandMaskara: Flood Fury in North India: Dozens Killed, Lakhs Affected: Heavy monsoon rains have created flood havoc in four... http://…",injured_or_dead_people,flood,India,twitter
"RT @ukfloodtweets: #floods #ukfloods - Nepal, India floods leave nearly 200 dead, scores missing (AFP): Kathmandu (AFP) - Floods ... http:/…",injured_or_dead_people,flood,India,twitter
"#FollowMe #F2F #FF Flood Fury in North India: Dozens Killed, Lakhs Affected: Heavy monsoon... http://t.co/wQw1atsPVx #FollowBack #Follow",injured_or_dead_people,flood,India,twitter
#India Odisha's farmers suffer huge crop loss in floods  http://t.co/nQkjUuvSC4,infrastructure_and_utilities_damage,flood,India,twitter
"RT @IndianExpress: Flash flood hits 1,000 UP villages, leaves 28 dead.http://t.co/6BP6FdhvoA",injured_or_dead_people,flood,India,twitter
"@aajtak Discuss how to help riot,rape,flood victims in UP.Do not discuss too much politics.Think India first not TRP !",other_useful_information,flood,India,twitter
#Akansha_Gautam #India #Indian VIDEO: Woman survives flash flood but reports surface... http://t.co/4E327V9zkq #SuryaRay  #Sharma__Shekhar,missing_trapped_or_found_people,flood,India,twitter
"180 dead as floods wash away homes in #Nepal, #India http://t.co/ZgdMQAGhDs via @YahooNews",injured_or_dead_people,flood,India,twitter
"Monsoon floods hit Uttar Pradesh, 200 villages underwater #monsoon #India. http://t.co/w0beLTGyxC",infrastructure_and_utilities_damage,flood,India,twitter
"Flood fury in Uttarakhand, UP, Assam, Bihar; lakhs displaced – Zee News #India http://t.co/RQmNh5Kdbh",displaced_people_and_evacuations,flood,India,twitter
Many dead in Nepal and India floods http://t.co/sN4qZwwGN9 (BBC News),injured_or_dead_people,flood,India,twitter
"World #India #Brahmaputra_River #Communist_Party_of_Nepal_Maoist 180 Dead As Floods Wash Away Homes in Nepal, India http://t.co/2m6qJxCOW6",injured_or_dead_people,flood,India,twitter
#Auto​News​ Nepal and India begin relief efforts as monsoon floods claim at least 180 lives – The Guardian http://t.co/k1omjy4WjU,injured_or_dead_people,flood,India,twitter
"RT @STcom: RT @STForeignDesk: Nearly 200 people killed in floods, landslides in #Nepal and #India http://t.co/S3oY3pOh2L http://t.co/vM70V8…",injured_or_dead_people,flood,India,twitter
RT @MurliSharmaBJP: #Odisha's farmers suffer huge crop loss in floods http://t.co/BbIVjRaEnp… http://t.co/nds2jkoTma @PMOIndia @BJPRajnathS…,infrastructure_and_utilities_damage,flood,India,twitter
"[HürriyetDailyNews] 180 dead as floods wash away homes in Nepal, India: The death toll from three days of floo... http://t.co/KrokpPAgPw",injured_or_dead_people,flood,India,twitter
"[August 18, 2014 at 10:50AM] Hundreds dead as monsoon brings chaos to northern India, Nepal via http://t.co/D0wbrypzl7",injured_or_dead_people,flood,India,twitter
RT @PIB_India: #UPFloods River Rapti in Balrampur dist. of UP was flowing at 105.5 mts (0.88 mts above danger mark) at 6 AM today with fall…,other_useful_information,flood,India,twitter
"RT @cnnbrk: Officials: Dozens killed in flooding in northern and eastern India, while death toll in (cont) http://t.co/xpv01fb8yz",injured_or_dead_people,flood,India,twitter
"Deaths Climb From India, Nepal Floods  via @josephjett #India http://t.co/XDlH2Pzh7u",injured_or_dead_people,flood,India,twitter
Heavy rain across Northeast Indiana and Northwest Ohio where numerous flood advisories are in effect. #INwx #OHwx http://t.co/lvGTuYNIxY,other_useful_information,flood,India,twitter
"RT @ukfloodtweets: Monsoon floods hit Uttar Pradesh, 1500 villages under water - Yahoo Finance UK: Indian ExpressMonsoon floods h... http:/…",infrastructure_and_utilities_damage,flood,India,twitter
Many dead in Nepal and India floods: At least 160 people are reported to have been killed ... http://t.co/TwPOsbaYqo #Follow #FOLLOWBACK,injured_or_dead_people,flood,India,twitter
"#TRIPPY Hundreds dead as monsoon hits India, Nepal:        http://t.co/t4aEhf4SFx #TRIPPY",injured_or_dead_people,flood,India,twitter
Latest : Bihar: 21 of a family killed as train hits auto - Hindustan Times: Times of IndiaBihar: 2... http://t.co/VPjePAi2U1 #IndianNews,injured_or_dead_people,flood,India,twitter
"Monsoon floods in Nepal and India cause 180 deaths, maroon villages, sweep away straw huts: Authorities in Nep... http://t.co/lV90HfEHgG",injured_or_dead_people,flood,India,twitter
Floods kill 45 in eastern India: Flooding in eastern India has killed 45 people and displaced... http://t.co/KFFsVqMlLG #channelnewsasia,injured_or_dead_people,flood,India,twitter
"RT @tathagata2: Refugees flood Kurdistan border as ISIS advances http://t.co/087jJspj8G And not a single,faint,bleat from Indian sickulars!…",other_useful_information,flood,India,twitter
Nepal and India begin relief efforts as monsoon floods claim at least 180 lives http://t.co/zWjUjn4S2e from #guardian #tns,injured_or_dead_people,flood,India,twitter
"Monsoon kills hundreds in India, Nepal: Dozens of people have been killed in flooding in northern a... http://t.co/jWmC6nytqC (Via @CNN)",injured_or_dead_people,flood,India,twitter
"RT @shuvankr: Water released from Dams in Nepal, causing floods in India (East UP, Bihar).. So much for Modi's Nepal tour ..",other_useful_information,flood,India,twitter
"Current satellite pic.  Monsoon Withdrew, India virtually cloudless, its the dams that is causing flooding now http://t.co/hsDFYeJph7",other_useful_information,flood,India,twitter
"#News #MostRecent Hundreds dead as monsoon hits India, Nepal http://t.co/AfGnBz4Ca8 via @CNN",injured_or_dead_people,flood,India,twitter
"RT @TheWatchers_: India's monsoon rains are changing - Heavy rain and extreme floods devastate Odisha, India (again) http://t.co/wQNyzrQIVu",caution_and_advice,flood,India,twitter
RT @edwebb: Flood death toll mounts in India and Nepal http://t.co/TM4wQ8kFx4,injured_or_dead_people,flood,India,twitter
RT @NewIndianXpress: Villagers Keeping Damaged Houses Intact for Getting Govt Help #odisha http://t.co/Iiov6bUuQN,infrastructure_and_utilities_damage,flood,India,twitter
"India - Widespread flooding across several stated, scores killed &amp; missing http://t.co/RfxEZ4zblx",injured_or_dead_people,flood,India,twitter
"CNN Deadly monsoon hits India, Nepal http://t.co/joLzZxPf6A",other_useful_information,flood,India,twitter
Dozens killed as monsoon floods ravage India and Nepal http://t.co/Ig8P3MdA4X http://t.co/8F2zjKI63f #india #asia,injured_or_dead_people,flood,India,twitter
"""@IndianExpress: Flash flood hits 1,000 Uttar Pradesh villages, leaves 28 dead. http://t.co/4DOqezIRuF http://t.co/eH3fRttir2"" horrible UP",infrastructure_and_utilities_damage,flood,India,twitter
"""@timesofindia: Flood situation in Assam grim, toll rises to 3 http://t.co/d66YkDS8bI…""",injured_or_dead_people,flood,India,twitter
"Check this @SuryaRay Rampaging rivers kill 28 in UP, Centre calls it 'unprecedented': Flood fury... http://t.co/cYDKPIblb3 #SuryaRay #India",injured_or_dead_people,flood,India,twitter
"180 dead as floods wash away homes in Nepal, India http://t.co/V8zifa8ckN",injured_or_dead_people,flood,India,twitter
"Flood situation in Assam grim, toll rises to 3 - Times of India http://t.co/umdxfMYBgm",other_useful_information,flood,India,twitter
"#TeamYokelChang Scores Killed in Flooding in Nepal and India: More than 11,000 homes have been damaged and rou... http://t.co/Ggv5GS0s7N",injured_or_dead_people,flood,India,twitter
"#UPDATED story - floods in #Nepal and #India leave nearly 200 dead, scores missing http://t.co/IKIDXQ1Y3X … via @YahooNews",injured_or_dead_people,flood,India,twitter
Bangkok Post : Floods kill 45 in eastern India: NEW DELHI - Flooding in eastern India has killed 45 people and... http://t.co/JsRmI1oDe9,injured_or_dead_people,flood,India,twitter
RT @europenewsdepot: Many dead in Nepal and India floods: At least 160 people are reported to have been killed in flo... http://t.co/FopRrF…,injured_or_dead_people,flood,India,twitter
"Floods hit India's Uttar Pradesh, Sugarcane crop under high risk | http://t.co/qNAwejWn9v | 3: http://t.co/cvfwyVZrAb",infrastructure_and_utilities_damage,flood,India,twitter
RT @AJELive: A daunting photo RT @AJEWeather The flooding in northeast India stretches for as far as the eye can see. http://t.co/pDB5WqAu61,other_useful_information,flood,India,twitter
"RT @TheLastDays777: (#Luke 21:11) Uttar Pradesh, #India #Floods: 28 killed, 1,500 affected http://t.co/o3m83OMFX7 #EndTimes #WorldNews http…",injured_or_dead_people,flood,India,twitter
"@meninoroxo Scores Killed in Flooding in Nepal and India: More than 11,000 homes have been damaged and roughly... http://t.co/lynVmrLCGm",injured_or_dead_people,flood,India,twitter
"RT @NWSIndianapolis: Numerous T-storms through Monday PM, flooding possible due to slow storm motion. Turn around don't drown! #inwx #n htt…",caution_and_advice,flood,India,twitter
"http://t.co/Pu75cFXQ4B Deaths Climb From India, Nepal Floods http://t.co/eYNkTiIRBc #NRI #India",injured_or_dead_people,flood,India,twitter
"#Dayan &amp;  #Luis Scores Killed in Flooding in Nepal and India: More than 11,000 homes have been... http://t.co/CIR5aHUbth #Dayan &amp;  #Luis",injured_or_dead_people,flood,India,twitter
"Rain fury in North India, 10 killed in UP, flood alert in Bihar: Rajnath Singh, who is on a two-day visit to U... http://t.co/e43OGw58Vm",injured_or_dead_people,flood,India,twitter
"#BreakingNews Rain fury in North India, 10 killed in UP, flood alert in Bihar http://t.co/1LiAkU2RgV",injured_or_dead_people,flood,India,twitter
Nepal and India begin relief efforts as monsoon floods claim at least 180 lives http://t.co/uhApRcQ52T Network Front | The Guardian Hel...,injured_or_dead_people,flood,India,twitter
"#AntonSolamente Scores Killed in Flooding in Nepal and India: More than 11,000 homes have been dam... http://t.co/1YrMfXGvYl #Lafalacia_",injured_or_dead_people,flood,India,twitter
"#flood #disaster Odisha floods kill 45, leave 300000 villagers marooned - Reuters India: Reuters IndiaOdisha f... http://t.co/aRLK9ClqQS",injured_or_dead_people,flood,India,twitter
"Rain fury in North India, 10 killed in UP, flood alert in Bihar: Rajnath Singh, who is on a two-day visit to Uttarakhand, reviewed th...",injured_or_dead_people,flood,India,twitter
"Odisha flood toll rises to 45, water level goes down http://t.co/afHQ9TZucK via @timesofindia",other_useful_information,flood,India,twitter
"Flood fury in Uttarakhand, Uttar Pradesh, Bihar, Assam; lakhs displaced http://t.co/q4r5FG1hjj.. #india",missing_trapped_or_found_people,flood,India,twitter
"The annual flood waters are rising in Kaziranga National Park, India. While they cause suffering for many they... http://t.co/2y8ytLlH6Z",other_useful_information,flood,India,twitter
"Latest : Odisha: Over 3 lakh affected due to floods, government deploys medical teams - IBNLive: I... http://t.co/qZvLH70KOz #IndianNews",injured_or_dead_people,flood,India,twitter
RT @ChiAB2486: Death toll from 3 days of flooding and torrential rain in Nepal and India rises  http://t.co/YwWopBc0Rm,injured_or_dead_people,flood,India,twitter
Landslides and floods in Nepal and India kill 109 - The Age http://t.co/h6fAjHg4vV,injured_or_dead_people,flood,India,twitter
RT @guardian: Nepal and India begin relief efforts as monsoon floods claim at least 180 lives http://t.co/QNiEgXmEro,injured_or_dead_people,flood,India,twitter
"#ndtv Flood Fury in North India: Dozens Killed, Lakhs Affected: Heavy monsoon rains have created flood havoc i... http://t.co/UJGomEzyZP",injured_or_dead_people,flood,India,twitter
"RT @bijay64: CM Naveen Patnaik reviews flood situation, directs officials to immediately repair breaches on embankments @Odisha @NewIndianX…",caution_and_advice,flood,India,twitter
"Last year we brought a dead body from Lebanon to India. A lot of ppl are taken from India, Nepal, Thailand &amp; trafficked to MENA #GWF_Egypt",injured_or_dead_people,flood,India,twitter
RT @exojessica: Thousands homeless as heavy rain and flash flood wreaks havok in India http://t.co/7gPyJ2qNUP,infrastructure_and_utilities_damage,flood,India,twitter
"Deadly monsoon hits India, Nepal: Dozens of people have been killed in flooding in nort... http://t.co/1S7rIawE81 http://t.co/IbVYiiIqoa",injured_or_dead_people,flood,India,twitter
Over 2.8 million people hitby #Odisha #floods http://t.co/0ryQpjNspf @oneindia,other_useful_information,flood,India,twitter
"#Indian #India Flood Fury in North India: Dozens Killed, Lakhs Affected: Heavy monsoon rains... http://t.co/KBr3uXJWcR #SuryaRay @SuryaRay",injured_or_dead_people,flood,India,twitter
"RT @GlobalFloodNews: #flood #disaster Odisha floods kill 45, leave 300000 villagers marooned - Reuters India: Reuters IndiaOdisha f... http…",injured_or_dead_people,flood,India,twitter
"*Camouflageknows* Deadly monsoon hits India, Nepal: Dozens of people have been killed in flooding in northe... http://t.co/C2felHSMLM **",injured_or_dead_people,flood,India,twitter
RT : Reports say at least 160 have died in floods across Nepal and N India.  http://t.co/goDbZl1GN7  And there'... http://t.co/2ic3P093Ny,injured_or_dead_people,flood,India,twitter
Many dead in Nepal and India floods: At least 160 people are reported to have been killed in floods and landslides following days of ...,injured_or_dead_people,flood,India,twitter
RT @GlobalFloodNews: #flood #disaster Odisha Floods: 294 Villages Still Marooned - The New Indian Express: IBNLiveOdisha Floods: 29... http…,infrastructure_and_utilities_damage,flood,India,twitter
"Deaths Climb from India, Nepal Floods http://t.co/EHUipwZNza http://t.co/8F2zjKI63f #india #asia",injured_or_dead_people,flood,India,twitter
"RT  Nepal flood-landslide kills 62, India announces Rs 3 crore relief assistance - Economic Times",injured_or_dead_people,flood,India,twitter
@kj64india tht is hw india is apparently shining..thru flood lights...no1 sees th shadow below,other_useful_information,flood,India,twitter
"Deadly monsoon hits India, Nepal  via @josephjett #news http://t.co/XjicuOnu02",other_useful_information,flood,India,twitter
"Latest : State flood toll rises to 45, over 30 lakh affected - Times of India: The HinduState floo... http://t.co/N0q12DvL8M #IndianNews",other_useful_information,flood,India,twitter
#JoswaBeat Many dead in Nepal and India floods,injured_or_dead_people,flood,India,twitter
#India - Center upgrades level of flood alert for eastern UP$ #Monsoon http://t.co/2jYuDOG9tC,caution_and_advice,flood,India,twitter
"Monsoon floods in Nepal, India cause 180 deaths http://t.co/MioR8rH5kx",injured_or_dead_people,flood,India,twitter
Avast! #Nepal Floods Death Toll Passes 100 http://t.co/pYuq7Dlb2k #india,injured_or_dead_people,flood,India,twitter
"RT @YahooNews: 180 dead as floods wash away homes in Nepal, India: http://t.co/EBvbMIA569",injured_or_dead_people,flood,India,twitter
Indian fakes flood the world. Medicines the most faked product. Full story in Poliflicks here http://t.co/4XZV78kidw http://t.co/crXERkh3P2,other_useful_information,flood,India,twitter
#UCWRadio  Scores Killed in Flooding in Nepal and India http://t.co/rDCDOrx9Ws #NYT #news,injured_or_dead_people,flood,India,twitter
http://t.co/P33OgsQYVd First flood alert issued as Mettur Dam l @INSubcontinent #INSubcontinent #India http://t.co/V5gJK3FXhx,caution_and_advice,flood,India,twitter
"#AnDyDiiaz1 Scores Killed in Flooding in Nepal and India: More than 11,000 homes have been damaged... http://t.co/LCEaXsB2Dc #AnDyDiiaz1",injured_or_dead_people,flood,India,twitter
"CNN News - Hundreds dead as monsoon hits India, Nepal:        http://t.co/XnC07qYQ2V",injured_or_dead_people,flood,India,twitter
"Hundreds dead as monsoon hits India, Nepal http://t.co/egMXum7DfZ http://t.co/8F2zjKI63f #india #asia",injured_or_dead_people,flood,India,twitter
BBC News UK Many dead in Nepal and India floods: At least 160 people are reported to have been killed in flood... http://t.co/KvLUz8e3HY,injured_or_dead_people,flood,India,twitter
"Scores Killed in Flooding in Nepal and India: More than 11,000 homes have been damaged ... http://t.co/NYdcQUCDS1 http://t.co/IbVYiiIqoa",injured_or_dead_people,flood,India,twitter
Latest : Odisha flood: Situation in Hirakud improves; over 2 lakh still marooned - Odisha Sun Time... http://t.co/5USH7OlLtj #IndianNews,other_useful_information,flood,India,twitter
"Latest : Floods wreak havoc in Uttarakahand, Assam, Uttar Pradesh, Bihar; lakhs affected - Zee New... http://t.co/pfzUaXNQC7 #IndianNews",infrastructure_and_utilities_damage,flood,India,twitter
"“@timesofindia: 12 die in Bihar flood, 4 lakh hit http://t.co/vzZaiaqEkG” Q. What have we done since last flood to prevent such devastation?",injured_or_dead_people,flood,India,twitter
"RT @IndianExpress: NEWS FLASH: Four killed in train-auto collision in Bihar, NDTV reports",injured_or_dead_people,flood,India,twitter
Nepal / India - Travel News - 161 killed by floods and landslides in Nepal and northern India #Nepal #India #travel #floods #landslides,injured_or_dead_people,flood,India,twitter
"(#Yeremiito21) 180 Dead as Floods Wash Away Homes in Nepal, India: Monsoon floods in Nepal an... http://t.co/sjKsL7Q3im (Via @Yeremiix3)",injured_or_dead_people,flood,India,twitter
"Flood alert in Jaipur, nearby cities in Rajasthan; many villages remain cut off in … – IBNLive #India http://t.co/8VAiJ96pvO",caution_and_advice,flood,India,twitter
Nepal and India floods leave many dead: At least 160 people are reported to have been killed in floods and lan... http://t.co/xedliI5vtS,injured_or_dead_people,flood,India,twitter
[Breaking] Death toll from 3 days of flooding and torrential rain in Nepal and India rises to more than 180 pe... http://t.co/tHJsK1m8Uq,injured_or_dead_people,flood,India,twitter
India: Southwest monsoon-2014: Daily Flood Situation Report - Summary of important events as on 10.08.2014 http://t.co/60DGUMH8OX #India,other_useful_information,flood,India,twitter
"Nepal flood toll hits 101, fears of disease rise http://t.co/DtXNZESUqD #india",caution_and_advice,flood,India,twitter
"Hundreds #dead as monsoon brings chaos to northern #India, #Nepal - Aug 18 @ 9:57 AM ET http://t.co/2as1w5cVSb",injured_or_dead_people,flood,India,twitter
Three million marooned in Odisha flood in India. http://t.co/WXy42kABLH,displaced_people_and_evacuations,flood,India,twitter
Latest : Tidal Surge Slows Down Flood Water Discharge - The New Indian Express: The New Indian Exp... http://t.co/1bZibE0YHN #IndianNews,other_useful_information,flood,India,twitter
"Monsoon floods in Nepal, India cause 180 deaths via @CTVNews http://t.co/v33a5dQkOn",injured_or_dead_people,flood,India,twitter
"Floods, Landslides Kill 240 In Nepal, India Announces 30 Million As Relief Fund http://t.co/5Nn67ZFLgO http://t.co/LOejklM5CO #india #asia",injured_or_dead_people,flood,India,twitter
"180 dead as floods wash away homes in Nepal, India http://t.co/7pvsFGvaOU via Yahoo!",injured_or_dead_people,flood,India,twitter
Environmental background: The Amedore Homes parcel contains many wetlands. Neighboring Indian Hills development has existing flooding issues,other_useful_information,flood,India,twitter
"Flood fury in Uttarakhand, Uttar Pradsh, Bihar, Assam; lakhs displaced http://t.co/ETMyXRwQ91.. #india",displaced_people_and_evacuations,flood,India,twitter
Scores Killed in Flooding in Nepal and India http://t.co/DQ3hAvNpT2 via nytimes,injured_or_dead_people,flood,India,twitter
RT @no2persecution: Flood death toll mounts in India and Nepal  http://t.co/y8uxUNJdb4 via @AjEnglish,injured_or_dead_people,flood,India,twitter
RT @bbcworldservice: Floods and landslides kill at least 160 after torrential rain in Nepal and northern India  http://t.co/JYpYmZaE2B http…,injured_or_dead_people,flood,India,twitter
"Hundreds dead as monsoon brings chaos to northern India, Nepal http://t.co/lGAPO7dLWH",injured_or_dead_people,flood,India,twitter
"India: Floods in Uttar Pradesh destroy houses, kill 28 http://t.co/ChYTzHcJNO",injured_or_dead_people,flood,India,twitter
"180 dead as floods wash away homes in Nepal, India http://t.co/qvcmy1h4yT From detroitnews #Detroit",injured_or_dead_people,flood,India,twitter
"Floods wreak havoc in Uttar Pradesh, Uttarakhand, Assam, Bihar; lakhs affected http://t.co/Nuv6tvJ0ww.. #india",other_useful_information,flood,India,twitter
#NaturalDisasters Many dead in Nepal and India floods: …  to have been killed in floods and landslides followi...  http://t.co/Xwwr4mwTw4,injured_or_dead_people,flood,India,twitter
RT @dawn_com: India's spectacular series defeat against England set off a flood of angry criticism | http://t.co/o5tQJ4dgaB http://t.co/0ZI…,other_useful_information,flood,India,twitter
"Landslides, Flooding Kill 109 In Nepal, Northern India     http://t.co/CxPoZMPSGX",injured_or_dead_people,flood,India,twitter
"Death toll from 3 days of flooding and torrential rain in Nepal and India rises to more than 180 people, local…",injured_or_dead_people,flood,India,twitter
RT @4nnak: #OperacaoBetaLab Many dead in Nepal and India floods: At least 160 people are reported to have b... http://t.co/gmn9K3k1CH #SDV …,injured_or_dead_people,flood,India,twitter
"Latest humanitarian snapshot highlights flooding in Cambodia, Bangladesh, Nepal and India http://t.co/nlh1d2EctC",other_useful_information,flood,India,twitter
"RT @IndiaToday: Flood fury in north India, thousands affected  http://t.co/tpQJsuRHEi http://t.co/nC1o2dJr9O",other_useful_information,flood,India,twitter
@ChrisBaileyWKYT flood at Indian Acres Shopping center Georgetown KY http://t.co/Sh79xLSnUM,other_useful_information,flood,India,twitter
"#CNN #World Hundreds dead as monsoon hits India, Nepal:        http://t.co/0j9TbcZUmr http://t.co/NCPVWiBGP9",injured_or_dead_people,flood,India,twitter
"#floods #ukfloods - Monsoon floods hit Uttar Pradesh, 1500 villages under water - Yahoo Finance UK: Indian Exp... http://t.co/nsSc6ud0UF",infrastructure_and_utilities_damage,flood,India,twitter
"Latest : Flood fury in Uttarakhand, UP, Assam, Bihar; lakhs displaced - Zee News: Zee NewsFlood fu... http://t.co/d8N2WAQ0YV #IndianNews",displaced_people_and_evacuations,flood,India,twitter
BBC News - Nepal and India floods leave many dead http://t.co/Iisj4cBVWE,injured_or_dead_people,flood,India,twitter
"RT @ibnlive: Rain fury in North India, 10 killed in UP, flood alert in Bihar http://t.co/n4GuodPvjL #RainFury",injured_or_dead_people,flood,India,twitter
"Latest : Rain fury in North India, 10 killed in UP, flood alert in Bihar - IBNLive: IBNLiveRain fu... http://t.co/xue3BY0wF2 #IndianNews",injured_or_dead_people,flood,India,twitter
Nepal and India begin relief efforts as monsoon floods claim at least 180 lives: Helicopters carrying supplies... http://t.co/FHnnlNb4Uq,injured_or_dead_people,flood,India,twitter
"24 Killed, Including 7 In Their Sleep As Landslide Hit India: Heavy downpours in India triggered land... http://t.co/VRzZWH8XAo #Nigeria",injured_or_dead_people,flood,India,twitter
"UP floods kill 28, Centre calls it 'unprecedented': Flood fury continued unabated in Uttar P... http://t.co/cSiTHAoAhd via @timesofindia",injured_or_dead_people,flood,India,twitter
"RT @PrakaashGurjar: Nepal: Floods, landslides kill 240 people, India announces relief fund of NRs 48 million http://t.co/YKAPOE71GT",injured_or_dead_people,flood,India,twitter
"#Nepal | Death toll rises after Nepal flooding, landslides - &amp;#8230;  plains bordering India.         Chief of Nep... http://t.co/jSRQzb1EqD",injured_or_dead_people,flood,India,twitter
"(#Houston_0998) Scores Killed in Flooding in Nepal and India: More than 11,000 homes have been... http://t.co/ssgaokmt2S (#Houston_0998)",injured_or_dead_people,flood,India,twitter
RT @timesofindia: #Odisha's farmers suffer huge crop loss in floods http://t.co/4oEHXgdKW5 http://t.co/eQZnh3H2Lp,infrastructure_and_utilities_damage,flood,India,twitter
"180 Dead as Floods Wash Away Homes in Nepal, India: Monsoon floods in Nepal and India cause 180 deaths, maroon villages, sweep away s...",injured_or_dead_people,flood,India,twitter
&amp; he a hood nigga straight out 5th ward 6ft + tatted up 😒 I hope he find a female n just ride that shit out &amp; drive trucks 😂,injured_or_dead_people,flood,India,twitter
North India under deluge of Floods Specially Uttarakhand &amp; UP... Rains in Uk &amp; Nepal cause havoc !!!! Strange Delhi is Dry !!,other_useful_information,flood,India,twitter
"RT @IndianExpress: Nepal flood toll hits 101, fears of disease rise. http://t.co/egxB4J3lxA http://t.co/14rytTDOtV",injured_or_dead_people,flood,India,twitter
RT @bbcweather: Devastating floods in Nepal and N India brought by huge rainfall. Tomasz explains more http://t.co/ehp8BMuZH3 http://t.co/x…,other_useful_information,flood,India,twitter
Latest : Three million marooned in Odisha flood - The Hindu: The HinduThree million marooned in Od... http://t.co/Jp7N5YjT9X #IndianNews,displaced_people_and_evacuations,flood,India,twitter
"Monsoon: Dozens of people have been killed in flooding in northern and eastern India, while the death toll in ... http://t.co/LhmKEAN842",injured_or_dead_people,flood,India,twitter
RT @bbcweather: Reports say at least 160 have died in floods across Nepal and N India.  http://t.co/S3ErKhXwuK  And there's more rain to co…,injured_or_dead_people,flood,India,twitter
Nepal and India floods leave many dead http://t.co/d2tJnkfZc3,injured_or_dead_people,flood,India,twitter
"Me: Monsoon: Dozens of people have been killed in flooding in northern and eastern India, while the death toll in Nepal has passed 10...",injured_or_dead_people,flood,India,twitter
"Latest : Flood fury in Uttarakhand, Uttar Pradesh, Bihar, Assam; lakhs displaced - Zee News: Zee N... http://t.co/axUxd8WfEF #IndianNews",displaced_people_and_evacuations,flood,India,twitter
"Rain fury in North India, 10 killed in UP:  In Uttar Pradesh, 10 people have been killed and around 600 villag... http://t.co/DqD5O1rAFL",injured_or_dead_people,flood,India,twitter
Floods hit India's Uttar Pradesh Sugarcane crop under high risk http://t.co/kiRrzKPC0R,caution_and_advice,flood,India,twitter
Scores Killed in Flooding in #Nepal and #India http://t.co/yadX579b1C #Floods,injured_or_dead_people,flood,India,twitter
"Hundreds dead as monsoon hits India, Nepal http://t.co/oHx7tFyFv0",injured_or_dead_people,flood,India,twitter
"Latest : Odisha floods: Death toll reaches 40, over 35 lakh affected - Zee News: The HinduOdisha f... http://t.co/RqyxtG1VkR #IndianNews",injured_or_dead_people,flood,India,twitter
RT @TheDarjChron: Flash Flood in Gya Ladakh causes wide destruction https://t.co/m61dApH1PB @PrakashJavdekar @BJPRajnathSingh @PMOIndia htt…,infrastructure_and_utilities_damage,flood,India,twitter
RT @nytimesworld: Scores Killed in Flooding in Nepal and India http://t.co/FBeQcYVDwl,injured_or_dead_people,flood,India,twitter
"RT @JoanieGentian: RT @ruisaldanha: @AP Monsoon floods in Nepal and India cause 180 deaths, maroon villages, sweep away straw huts: http://…",injured_or_dead_people,flood,India,twitter
"RT @AFPSouthAsia: Landslides, floods kill 109, displace thousands in #Nepal, #India http://t.co/IKIDXQ1Y3X via @YahooNews",injured_or_dead_people,flood,India,twitter
Death toll in India landslides rises to 109: The death toll from landslides and flooding triggered by torrenti... http://t.co/H4DpZqULfA,injured_or_dead_people,flood,India,twitter
"180 Dead as Floods Wash Away Homes in Nepal, India: Monsoon floods in Nepal and India cause 180 deaths, maroon... http://t.co/u8E1fG0LPd",injured_or_dead_people,flood,India,twitter
RT @BBSRBuzz: How many RTs for this #awesome capture of #Mahanadi as #flood starts decreasing in #Odisha #travel #tourism #india http://t.c…,other_useful_information,flood,India,twitter
"Flood Fury in North India: Dozens Killed, Lakhs Affected - NDTV: NDTVFlood Fury in North India: Dozens Killed,... http://t.co/9ykUuyx1xE",injured_or_dead_people,flood,India,twitter
"#TeamYamita Scores Killed in Flooding in Nepal and India: More than 11,000 homes have been... http://t.co/kxB0n3bewn Unete A #TeamYamita",injured_or_dead_people,flood,India,twitter
"Latest : Floods: 12 National Disaster Response Force Teams Deployed in Bihar, Four in ... - NDTV: ... http://t.co/em4vhgrsiW #IndianNews",other_useful_information,flood,India,twitter
#Akansha_Gautam #India #Indian VIDEO: Woman survives flash flood but reports surface... http://t.co/g370WQJGIJ #SuryaRay  #SharmaSudhansu,other_useful_information,flood,India,twitter
"RT @timesofindia: Twelve die in Bihar flood, 4 lakh hit http://t.co/0g5t9TvSAl",injured_or_dead_people,flood,India,twitter
"85 killed, 139 missing in Nepal landslide, floods – Times of India http://t.co/7KF7xtLy4e",injured_or_dead_people,flood,India,twitter
"http://t.co/MKoKwebuTX Deadly monsoon hits India, Nepal: Dozens of people have been kill... http://t.co/kyUDFIKO9H http://t.co/va9ylwh1Uq",injured_or_dead_people,flood,India,twitter
"Deadly monsoon hits India, Nepal http://t.co/nFHpV2SDC0",other_useful_information,flood,India,twitter
Scores Killed in Flooding in Nepal and India http://t.co/hyICROc0hW #teamfollowback #TFB,injured_or_dead_people,flood,India,twitter
"Latest : Odisha floods: 294 villages still marooned, 3.3 million people affected - Firstpost: IBNL... http://t.co/pIEdEHh8z3 #IndianNews",displaced_people_and_evacuations,flood,India,twitter
"Scores Killed in Flooding in Nepal and India: More than 11,000 homes have been damaged and roughly 17,000 vill... http://t.co/vtfY0Rf7aJ",injured_or_dead_people,flood,India,twitter
"#India #monsoon 85 or more dead, thousands stranded - travel and tourism in Nepal comes... http://t.co/NDCSQP7Ob0 http://t.co/DkWwPbBYE2",injured_or_dead_people,flood,India,twitter
"RT @WTAE: Hundreds dead as monsoon hits India, Nepal http://t.co/eefYEAGGCn",injured_or_dead_people,flood,India,twitter
RT @BBCWorld: At least 160 people reported killed in Nepal &amp; India floods after days of torrential rain http://t.co/FG81GXktNV http://t.co/…,injured_or_dead_people,flood,India,twitter
RT @Aghorii2: #RapeJihad in UP continues. #FaizabadGangRape 17 year old Hindu girl Gang Raped and killed @HDLindiaOrg http://t.co/BL6vGoXj28,injured_or_dead_people,flood,India,twitter
"Hundreds dead as monsoon hits India, Nepal http://t.co/wvPoibxJIH #world #news #last",injured_or_dead_people,flood,India,twitter
RT @nytimes: Scores Killed in Flooding in Nepal and India http://t.co/Ld58BYyvnM,injured_or_dead_people,flood,India,twitter
#USA &gt;&gt; http://t.co/a076zwBmYF Emergency funds for flood damage http://t.co/DbXhJvqZkR #USA &gt;&gt; http://t.co/a076zwBmYF,injured_or_dead_people,flood,India,twitter
RT @BBCIndia: Many dead in Nepal and India floods http://t.co/bUuCla1Ogl,injured_or_dead_people,flood,India,twitter
"24 Killed, Including 7 In Their Sleep As Landslide Hit India: Heavy downpours in India triggered landslides an... http://t.co/x96x4gN56k",injured_or_dead_people,flood,India,twitter
Flood - Asia - India http://t.co/xdys75oXCr,other_useful_information,flood,India,twitter
"http://t.co/XJejnlC1gv Monsoon kills hundreds in India, Nepal: Dozens of people have been killed in flooding in nort...  #finance #uk #usa",injured_or_dead_people,flood,India,twitter
"#india Flood Fury in North India: Dozens Killed, Lakhs Affected: Heavy monsoon rains have created flood havoc in... http://t.co/D5qSAkR1ET",injured_or_dead_people,flood,India,twitter
"[News Update] | 24 Killed, Including 7 In Their Sleep As Landslide Hit India http://t.co/YH5er5jWY4 |Via Information Ng",injured_or_dead_people,flood,India,twitter
Nepal and India floods leave many dead - BBC News: BBC NewsNepal and India floods leave many deadBBC NewsAt le... http://t.co/MZvEpSkNd7,injured_or_dead_people,flood,India,twitter
"RT @stew_ilondanga: #TheWorldNeedsMore Hundreds dead as monsoon hits India, Nepal:        http://t.co/VY84xIi3oJ #News",injured_or_dead_people,flood,India,twitter
"Latest : UP floods: Rapti water level touches new high; 28 killed, 17000 homeless - Hindustan Time... http://t.co/V54Zi0dX1A #IndianNews",injured_or_dead_people,flood,India,twitter
"ASIA News: Monsoon kills hundreds in India, Nepal: Dozens of people have been killed in flooding in northern a... http://t.co/KKoEio9QOc",injured_or_dead_people,flood,India,twitter
"Odisha floods kill 45, leave 300,000 villagers marooned ... - http://t.co/uHs3wu7kDB #NewsInTweetsIndia",injured_or_dead_people,flood,India,twitter
"RT @AP: Monsoon floods in Nepal and India cause 180 deaths, maroon villages, sweep away straw huts: http://t.co/swMK102H5H",injured_or_dead_people,flood,India,twitter
"#CNN Deadly monsoon hits India, Nepal: Dozens of people have been killed in flooding in northe... http://t.co/zZcljSg7su #TeamFollowBack",injured_or_dead_people,flood,India,twitter
"Nepal, India floods leave nearly 200 dead, scores missing http://t.co/BUTBbVK2Rj",injured_or_dead_people,flood,India,twitter
RT @bhanupj: @Teamkejriwal @tweet_mit Major Portion of India severely afffected due to flood but majority of media busy in Chanting #BalNar…,other_useful_information,flood,India,twitter
"#news 180 dead as floods wash away homes in Nepal, India http://t.co/8Gaf2Wek33 http://t.co/6Si3P3zzT5",injured_or_dead_people,flood,India,twitter
"4 Killed After Collision Between Train, Autorickshaw in Bihar http://t.co/3Q9OrqDz3m #India #news",injured_or_dead_people,flood,India,twitter
"180 dead in Nepal, India floods, thousands displaced http://t.co/mn6Tykl3Wo",injured_or_dead_people,flood,India,twitter
Thousands homeless as heavy rain and flash flood wreaks havok in India http://t.co/uBgLjrGCdb,displaced_people_and_evacuations,flood,India,twitter
"RT @cnnbrk: Officials: Dozens killed in flooding in northern and eastern India, while death toll in Nepal has passed 100. http://t.co/BD10V…",injured_or_dead_people,flood,India,twitter
Scores Killed in Flooding in Nepal and India http://t.co/CmZh3uqIJd,injured_or_dead_people,flood,India,twitter
Flood death toll mounts in India and Nepal - http://t.co/c8Nd2yQA1c http://t.co/iAnlKGBjCC,injured_or_dead_people,flood,India,twitter
Many dead in Nepal and India floods: At least 160 people are reported to have been killed i... http://t.co/KtGQV1ZmkR via @DudleyFreedom,injured_or_dead_people,flood,India,twitter
"#SuryaRay @Akansha_Gautam Flood Fury in North India: Dozens Killed, Lakhs Affected http://t.co/KheGlBfGOd #India #Indian @SuryaRay",injured_or_dead_people,flood,India,twitter
"Nepal flood toll hits 101, fears of disease rise. ... - http://t.co/2OLRK5uJvd #NewsInTweetsIndia",injured_or_dead_people,flood,India,twitter
"RT @reliefweb: Latest @OCHAAsiaPac #humanitarian snapshot: #floods in #Nepal, India &amp; #Laos; volcano in #PNG: http://t.co/quAdOKetB0 http:/…",other_useful_information,flood,India,twitter
"UP floods kill 28, Centre calls it 'unprecedented' - Times of India http://t.co/rnZ09Yl7ip",injured_or_dead_people,flood,India,twitter
http://t.co/T1ZzrKZ4IQ Flood like situation in Jaipur's sub-urb @INSubcontinent #INSubcontinent #India http://t.co/HttC7NYqKD,other_useful_information,flood,India,twitter
"""Flood Fury in North India: Dozens Killed, Lakhs Affected"" http://t.co/xM34XFuOnI",injured_or_dead_people,flood,India,twitter
"RT @timesofindia: Flood situation in Assam grim, toll rises to 3 http://t.co/b2dfOiBWEt…",injured_or_dead_people,flood,India,twitter
RT @yourafiq: #Indian forest rangers ride on an elephant as they patrol in the flood affected Pobitora Wildlife Sanctuary #Guwahati http://…,other_useful_information,flood,India,twitter
"RT @infonaija: Landslides, Flooding Kill 109 In Nepal, Northern India - The death toll from landslides and flooding triggered by ... http:/…",injured_or_dead_people,flood,India,twitter
"Nepal, India floods kill nearly 200 http://t.co/RIun2hEruj #civil_vision",injured_or_dead_people,flood,India,twitter
"(#LosDelSonido) 180 Dead as Floods Wash Away Homes in Nepal, India: Monsoon floods in Nepal and India cause 180 deaths,...  (#IvanBerroa)",injured_or_dead_people,flood,India,twitter
"Latest : UP floods kill 28, Centre calls it 'unprecedented' - Times of India: Indian ExpressUP flo... http://t.co/EpMy3zeo3g #IndianNews",injured_or_dead_people,flood,India,twitter
Many dead in Nepal and India floods http://t.co/KCY2l3bc78,injured_or_dead_people,flood,India,twitter
"""Scores Killed in Flooding in Nepal and India"" by BHADRA SHARMA and NIDA NAJAR via NYT The New York Times http://t.co/NTdH9RxgHE",injured_or_dead_people,flood,India,twitter
"#News: Monsoon floods in Nepal and India cause 180 deaths, maroon villages, sweep away straw huts: Authori... http://t.co/FQ8TrCxjRi #TU",injured_or_dead_people,flood,India,twitter
"Latest : Uttar Pradesh floods: 28 killed, 1500 villages affected - Livemint: The HinduUttar Prades... http://t.co/N1k3MjcfT4 #IndianNews",injured_or_dead_people,flood,India,twitter
"Landslides, Flooding Kill 109 In Nepal, Northern India: The death toll from landslides and flooding triggered ... http://t.co/o5mT2VGJ0s",injured_or_dead_people,flood,India,twitter
"Monsoon kills hundreds in India, Nepal: Dozens of people have been killed in flooding in northern and eastern ... http://t.co/gJnr3rDbiS",injured_or_dead_people,flood,India,twitter
"Flood Fury in North India: Dozens Killed, Lakhs Affected Read Story: http://t.co/gASE5SMgJ6",injured_or_dead_people,flood,India,twitter
"RT @ndtv: Flood fury in North India: dozens killed, lakhs affected http://t.co/qKpL8sYnUV",injured_or_dead_people,flood,India,twitter
Many dead in Nepal and India floods: At least 160 people are reported to have been killed in floods and landsl... http://t.co/XJeZuo6Yv4,injured_or_dead_people,flood,India,twitter
"Deadly monsoon hits India, Nepal: Dozens of people have been killed in flooding in northern and eastern India,... http://t.co/AablBiXNGj",injured_or_dead_people,flood,India,twitter
"RT @timesofindia: Nepal flood toll hits 101, fears of disease rise http://t.co/sgobu7cYpv http://t.co/yj9dao3ssS",injured_or_dead_people,flood,India,twitter
